lane,event,start_us,end_us,detail
"tile 0,3 core",ACTIVE,5905.974045,5906.099062,cycles 130835833..130835957 (125 cyc)
"tile 0,3 core",ACTIVE|LOCK_STALL,5906.098062,6178.098263,cycles 130835957..131107920 (271964 cyc)
"tile 0,3 core",ACTIVE,6178.097263,6178.108265,cycles 131107920..131107930 (11 cyc)
"tile 0,3 core",ACTIVE|LOCK_STALL,6178.107264,6178.108265,cycles 131107930..131107930 (1 cyc)
"tile 0,3 core",ACTIVE,6178.107264,6178.158271,cycles 131107930..131107980 (51 cyc)
"tile 0,3 core",ACTIVE|LOCK_STALL,6178.157271,6178.158271,cycles 131107980..131107980 (1 cyc)
"tile 0,3 core",ACTIVE,6178.157271,6178.168273,cycles 131107980..131107990 (11 cyc)
"tile 0,3 core",ACTIVE|LOCK_STALL,6178.167272,6178.168273,cycles 131107990..131107990 (1 cyc)
"tile 0,3 core",ACTIVE,6178.167272,6178.217279,cycles 131107990..131108039 (50 cyc)
"tile 0,3 core",ACTIVE|LOCK_STALL,6178.216279,6178.409305,cycles 131108039..131108231 (193 cyc)
"tile 0,3 core",ACTIVE,6178.408305,6178.419306,cycles 131108231..131108241 (11 cyc)
"tile 0,3 core",ACTIVE|LOCK_STALL,6178.418306,6178.419306,cycles 131108241..131108241 (1 cyc)
"tile 0,3 core",ACTIVE,6178.418306,6178.469313,cycles 131108241..131108291 (51 cyc)
"tile 0,3 core",ACTIVE|LOCK_STALL,6178.468313,6178.469313,cycles 131108291..131108291 (1 cyc)
"tile 0,3 core",ACTIVE,6178.468313,6178.479314,cycles 131108291..131108301 (11 cyc)
"tile 0,3 core",ACTIVE|LOCK_STALL,6178.478314,6178.479314,cycles 131108301..131108301 (1 cyc)
"tile 0,3 core",ACTIVE,6178.478314,6178.528321,cycles 131108301..131108350 (50 cyc)
"tile 0,3 core",ACTIVE|LOCK_STALL,6178.527320,6178.562325,cycles 131108350..131108384 (35 cyc)
"tile 0,3 core",ACTIVE,6178.561325,6178.572326,cycles 131108384..131108394 (11 cyc)
"tile 0,3 core",ACTIVE|LOCK_STALL,6178.571326,6178.572326,cycles 131108394..131108394 (1 cyc)
"tile 0,3 core",ACTIVE,6178.571326,6178.622333,cycles 131108394..131108444 (51 cyc)
"tile 0,3 core",ACTIVE|LOCK_STALL,6178.621333,6230.118187,cycles 131108444..131159933 (51490 cyc)
"tile 0,3 core",ACTIVE,6230.117187,6230.128188,cycles 131159933..131159943 (11 cyc)
"tile 0,3 core",ACTIVE|LOCK_STALL,6230.127188,6230.128188,cycles 131159943..131159943 (1 cyc)
"tile 0,3 core",ACTIVE,6230.127188,6230.177195,cycles 131159943..131159992 (50 cyc)
"tile 0,3 core",ACTIVE|LOCK_STALL,6230.176195,6230.177195,cycles 131159992..131159992 (1 cyc)
"tile 0,3 core",ACTIVE,6230.176195,6230.187196,cycles 131159992..131160002 (11 cyc)
"tile 0,3 core",ACTIVE|LOCK_STALL,6230.186196,6230.187196,cycles 131160002..131160002 (1 cyc)
"tile 0,3 core",ACTIVE,6230.186196,6230.237203,cycles 131160002..131160052 (51 cyc)
"tile 0,3 core",ACTIVE|LOCK_STALL,6230.236202,6230.429228,cycles 131160052..131160244 (193 cyc)
"tile 0,3 core",ACTIVE,6230.428228,6230.439230,cycles 131160244..131160254 (11 cyc)
"tile 0,3 core",ACTIVE|LOCK_STALL,6230.438229,6230.439230,cycles 131160254..131160254 (1 cyc)
"tile 0,3 core",ACTIVE,6230.438229,6230.488236,cycles 131160254..131160303 (50 cyc)
"tile 0,3 core",ACTIVE|LOCK_STALL,6230.487236,6230.488236,cycles 131160303..131160303 (1 cyc)
"tile 0,3 core",ACTIVE,6230.487236,6230.498237,cycles 131160303..131160313 (11 cyc)
"tile 0,3 core",ACTIVE|LOCK_STALL,6230.497237,6230.498237,cycles 131160313..131160313 (1 cyc)
"tile 0,3 core",ACTIVE,6230.497237,6230.509239,cycles 131160313..131160324 (12 cyc)
"tile 0,3 core",ACTIVE,6230.508239,6230.512239,cycles 131160324..131160327 (4 cyc)
"tile 0,3 core",ACTIVE,6230.511239,6230.512239,cycles 131160327..131160327 (1 cyc)
"tile 0,3 core",ACTIVE,6230.511239,6230.519240,cycles 131160327..131160334 (8 cyc)
"tile 0,3 core",ACTIVE,6230.518240,6230.519240,cycles 131160334..131160334 (1 cyc)
"tile 0,3 core",ACTIVE,6230.518240,6230.526241,cycles 131160334..131160341 (8 cyc)
"tile 0,3 core",ACTIVE,6230.525241,6230.543243,cycles 131160341..131160358 (18 cyc)
"tile 0,3 core",ACTIVE|LOCK_STALL,6230.542243,6230.543243,cycles 131160358..131160358 (1 cyc)
"tile 0,3 core",ACTIVE,6230.542243,6230.553245,cycles 131160358..131160368 (11 cyc)
"tile 0,3 core",ACTIVE|LOCK_STALL,6230.552245,6230.553245,cycles 131160368..131160368 (1 cyc)
"tile 0,3 core",ACTIVE,6230.552245,6230.559245,cycles 131160368..131160374 (7 cyc)
"tile 0,3 core",ACTIVE,6230.558245,6230.571247,cycles 131160374..131160386 (13 cyc)
"tile 0,3 core",ACTIVE,6230.570247,6230.601251,cycles 131160386..131160416 (31 cyc)
"tile 0,3 core",ACTIVE|LOCK_STALL,6230.600251,6230.601251,cycles 131160416..131160416 (1 cyc)
"tile 0,3 core",ACTIVE,6230.600251,6230.611252,cycles 131160416..131160426 (11 cyc)
"tile 0,3 core",ACTIVE|LOCK_STALL,6230.610252,6230.611252,cycles 131160426..131160426 (1 cyc)
"tile 0,3 core",ACTIVE,6230.610252,6230.660259,cycles 131160426..131160475 (50 cyc)
"tile 0,3 core",ACTIVE|LOCK_STALL,6230.659259,6230.660259,cycles 131160475..131160475 (1 cyc)
"tile 0,3 core",ACTIVE,6230.659259,6230.670260,cycles 131160475..131160485 (11 cyc)
"tile 0,3 core",ACTIVE|LOCK_STALL,6230.669260,6230.670260,cycles 131160485..131160485 (1 cyc)
"tile 0,3 core",ACTIVE,6230.669260,6230.720267,cycles 131160485..131160535 (51 cyc)
"tile 0,3 core",ACTIVE|LOCK_STALL,6230.719267,6232.073447,cycles 131160535..131161888 (1354 cyc)
"tile 0,3 core",ACTIVE,6232.072447,6232.083448,cycles 131161888..131161898 (11 cyc)
"tile 0,3 core",ACTIVE|LOCK_STALL,6232.082448,6232.083448,cycles 131161898..131161898 (1 cyc)
"tile 0,3 core",ACTIVE,6232.082448,6232.132455,cycles 131161898..131161947 (50 cyc)
"tile 0,3 core",ACTIVE|LOCK_STALL,6232.131455,6232.132455,cycles 131161947..131161947 (1 cyc)
"tile 0,3 core",ACTIVE,6232.131455,6232.142456,cycles 131161947..131161957 (11 cyc)
"tile 0,3 core",ACTIVE|LOCK_STALL,6232.141456,6232.142456,cycles 131161957..131161957 (1 cyc)
"tile 0,3 core",ACTIVE,6232.141456,6232.192463,cycles 131161957..131162007 (51 cyc)
"tile 0,3 core",ACTIVE|LOCK_STALL,6232.191463,6233.152591,cycles 131162007..131162967 (961 cyc)
"tile 0,3 core",ACTIVE,6233.151591,6233.162592,cycles 131162967..131162977 (11 cyc)
"tile 0,3 core",ACTIVE|LOCK_STALL,6233.161592,6233.162592,cycles 131162977..131162977 (1 cyc)
"tile 0,3 core",ACTIVE,6233.161592,6233.211598,cycles 131162977..131163026 (50 cyc)
"tile 0,3 core",ACTIVE|LOCK_STALL,6233.210598,6233.211598,cycles 131163026..131163026 (1 cyc)
"tile 0,3 core",ACTIVE,6233.210598,6233.221600,cycles 131163026..131163036 (11 cyc)
"tile 0,3 core",ACTIVE|LOCK_STALL,6233.220600,6233.221600,cycles 131163036..131163036 (1 cyc)
"tile 0,3 core",ACTIVE,6233.220600,6233.271606,cycles 131163036..131163086 (51 cyc)
"tile 0,3 core",ACTIVE|LOCK_STALL,6233.270606,6233.443629,cycles 131163086..131163258 (173 cyc)
"tile 0,3 core",ACTIVE,6233.442629,6233.453631,cycles 131163258..131163268 (11 cyc)
"tile 0,3 core",ACTIVE|LOCK_STALL,6233.452631,6233.453631,cycles 131163268..131163268 (1 cyc)
"tile 0,3 core",ACTIVE,6233.452631,6233.502637,cycles 131163268..131163317 (50 cyc)
"tile 0,3 core",ACTIVE|LOCK_STALL,6233.501637,6233.502637,cycles 131163317..131163317 (1 cyc)
"tile 0,3 core",ACTIVE,6233.501637,6233.512639,cycles 131163317..131163327 (11 cyc)
"tile 0,3 core",ACTIVE|LOCK_STALL,6233.511638,6233.512639,cycles 131163327..131163327 (1 cyc)
"tile 0,3 core",ACTIVE,6233.511638,6233.523640,cycles 131163327..131163338 (12 cyc)
"tile 0,3 core",ACTIVE,6233.522640,6233.526640,cycles 131163338..131163341 (4 cyc)
"tile 0,3 core",ACTIVE,6233.525640,6233.526640,cycles 131163341..131163341 (1 cyc)
"tile 0,3 core",ACTIVE,6233.525640,6233.533641,cycles 131163341..131163348 (8 cyc)
"tile 0,3 core",ACTIVE,6233.532641,6233.533641,cycles 131163348..131163348 (1 cyc)
"tile 0,3 core",ACTIVE,6233.532641,6233.540642,cycles 131163348..131163355 (8 cyc)
"tile 0,3 core",ACTIVE,6233.539642,6233.557645,cycles 131163355..131163372 (18 cyc)
"tile 0,3 core",ACTIVE|LOCK_STALL,6233.556644,6233.557645,cycles 131163372..131163372 (1 cyc)
"tile 0,3 core",ACTIVE,6233.556644,6233.567646,cycles 131163372..131163382 (11 cyc)
"tile 0,3 core",ACTIVE|LOCK_STALL,6233.566646,6233.567646,cycles 131163382..131163382 (1 cyc)
"tile 0,3 core",ACTIVE,6233.566646,6233.573647,cycles 131163382..131163388 (7 cyc)
"tile 0,3 core",ACTIVE,6233.572647,6233.585648,cycles 131163388..131163400 (13 cyc)
"tile 0,3 core",ACTIVE,6233.584648,6233.615652,cycles 131163400..131163430 (31 cyc)
"tile 0,3 core",ACTIVE|LOCK_STALL,6233.614652,6234.144723,cycles 131163430..131163959 (530 cyc)
"tile 0,3 core",ACTIVE,6234.143723,6234.154724,cycles 131163959..131163969 (11 cyc)
"tile 0,3 core",ACTIVE|LOCK_STALL,6234.153724,6234.154724,cycles 131163969..131163969 (1 cyc)
"tile 0,3 core",ACTIVE,6234.153724,6234.203731,cycles 131163969..131164018 (50 cyc)
"tile 0,3 core",ACTIVE|LOCK_STALL,6234.202730,6234.203731,cycles 131164018..131164018 (1 cyc)
"tile 0,3 core",ACTIVE,6234.202730,6234.213732,cycles 131164018..131164028 (11 cyc)
"tile 0,3 core",ACTIVE|LOCK_STALL,6234.212732,6234.213732,cycles 131164028..131164028 (1 cyc)
"tile 0,3 core",ACTIVE,6234.212732,6234.263739,cycles 131164028..131164078 (51 cyc)
"tile 0,3 core",ACTIVE|LOCK_STALL,6234.262738,6236.120986,cycles 131164078..131165935 (1858 cyc)
"tile 0,3 core",ACTIVE,6236.119986,6236.130987,cycles 131165935..131165945 (11 cyc)
"tile 0,3 core",ACTIVE|LOCK_STALL,6236.129987,6236.130987,cycles 131165945..131165945 (1 cyc)
"tile 0,3 core",ACTIVE,6236.129987,6236.179994,cycles 131165945..131165994 (50 cyc)
"tile 0,3 core",ACTIVE|LOCK_STALL,6236.178993,6236.179994,cycles 131165994..131165994 (1 cyc)
"tile 0,3 core",ACTIVE,6236.178993,6236.189995,cycles 131165994..131166004 (11 cyc)
"tile 0,3 core",ACTIVE|LOCK_STALL,6236.188995,6236.189995,cycles 131166004..131166004 (1 cyc)
"tile 0,3 core",ACTIVE,6236.188995,6236.240002,cycles 131166004..131166054 (51 cyc)
"tile 0,3 core",ACTIVE|LOCK_STALL,6236.239001,6237.218132,cycles 131166054..131167032 (979 cyc)
"tile 0,3 core",ACTIVE,6237.217132,6237.228133,cycles 131167032..131167042 (11 cyc)
"tile 0,3 core",ACTIVE|LOCK_STALL,6237.227133,6237.228133,cycles 131167042..131167042 (1 cyc)
"tile 0,3 core",ACTIVE,6237.227133,6237.277140,cycles 131167042..131167091 (50 cyc)
"tile 0,3 core",ACTIVE|LOCK_STALL,6237.276139,6237.277140,cycles 131167091..131167091 (1 cyc)
"tile 0,3 core",ACTIVE,6237.276139,6237.287141,cycles 131167091..131167101 (11 cyc)
"tile 0,3 core",ACTIVE|LOCK_STALL,6237.286141,6237.287141,cycles 131167101..131167101 (1 cyc)
"tile 0,3 core",ACTIVE,6237.286141,6237.337148,cycles 131167101..131167151 (51 cyc)
"tile 0,3 core",ACTIVE|LOCK_STALL,6237.336147,6238.102249,cycles 131167151..131167916 (766 cyc)
"tile 0,3 core",ACTIVE,6238.101249,6238.112251,cycles 131167916..131167926 (11 cyc)
"tile 0,3 core",ACTIVE|LOCK_STALL,6238.111251,6238.112251,cycles 131167926..131167926 (1 cyc)
"tile 0,3 core",ACTIVE,6238.111251,6238.161257,cycles 131167926..131167975 (50 cyc)
"tile 0,3 core",ACTIVE|LOCK_STALL,6238.160257,6238.161257,cycles 131167975..131167975 (1 cyc)
"tile 0,3 core",ACTIVE,6238.160257,6238.171259,cycles 131167975..131167985 (11 cyc)
"tile 0,3 core",ACTIVE|LOCK_STALL,6238.170258,6238.171259,cycles 131167985..131167985 (1 cyc)
"tile 0,3 core",ACTIVE,6238.170258,6238.182260,cycles 131167985..131167996 (12 cyc)
"tile 0,3 core",ACTIVE,6238.181260,6238.185260,cycles 131167996..131167999 (4 cyc)
"tile 0,3 core",ACTIVE,6238.184260,6238.220265,cycles 131167999..131168034 (36 cyc)
"tile 0,3 core",ACTIVE|LOCK_STALL,6238.219265,6238.220265,cycles 131168034..131168034 (1 cyc)
"tile 0,3 core",ACTIVE,6238.219265,6238.230266,cycles 131168034..131168044 (11 cyc)
"tile 0,3 core",ACTIVE|LOCK_STALL,6238.229266,6238.230266,cycles 131168044..131168044 (1 cyc)
"tile 0,3 core",ACTIVE,6238.229266,6238.280273,cycles 131168044..131168094 (51 cyc)
"tile 0,3 core",ACTIVE|LOCK_STALL,6238.279273,6238.311277,cycles 131168094..131168125 (32 cyc)
"tile 0,3 core",ACTIVE|LOCK_STALL,6238.310277,6238.311277,cycles 131168125..131168125 (1 cyc)
"tile 0,3 core",ACTIVE|LOCK_STALL,6238.310277,6238.312277,cycles 131168125..131168126 (2 cyc)
"tile 0,3 core",ACTIVE|LOCK_STALL,6238.311277,6238.313277,cycles 131168126..131168127 (2 cyc)
"tile 0,3 core",ACTIVE|LOCK_STALL,6238.312277,6238.315278,cycles 131168127..131168129 (3 cyc)
"tile 0,3 core",ACTIVE|LOCK_STALL,6238.314278,6238.316278,cycles 131168129..131168130 (2 cyc)
"tile 0,3 core",ACTIVE|LOCK_STALL,6238.315278,6238.317278,cycles 131168130..131168131 (2 cyc)
"tile 0,3 core",ACTIVE|LOCK_STALL,6238.316278,6238.318278,cycles 131168131..131168132 (2 cyc)
"tile 0,3 core",ACTIVE|LOCK_STALL,6238.317278,6238.319278,cycles 131168132..131168133 (2 cyc)
"tile 0,3 core",ACTIVE|LOCK_STALL,6238.318278,6238.320278,cycles 131168133..131168134 (2 cyc)
"tile 0,3 core",ACTIVE|LOCK_STALL,6238.319278,6238.321279,cycles 131168134..131168135 (2 cyc)
"tile 0,3 core",ACTIVE|LOCK_STALL,6238.320278,6238.323279,cycles 131168135..131168137 (3 cyc)
"tile 0,3 core",ACTIVE|LOCK_STALL,6238.322279,6238.327279,cycles 131168137..131168141 (5 cyc)
"tile 0,3 core",ACTIVE|LOCK_STALL,6238.326279,6238.330280,cycles 131168141..131168144 (4 cyc)
"tile 0,3 core",ACTIVE|LOCK_STALL,6238.329280,6238.330280,cycles 131168144..131168144 (1 cyc)
"tile 0,3 core",ACTIVE|LOCK_STALL,6238.329280,6238.331280,cycles 131168144..131168145 (2 cyc)
"tile 0,3 core",ACTIVE|LOCK_STALL,6238.330280,6238.332280,cycles 131168145..131168146 (2 cyc)
"tile 0,3 core",ACTIVE|LOCK_STALL,6238.331280,6238.333280,cycles 131168146..131168147 (2 cyc)
"tile 0,3 core",ACTIVE|LOCK_STALL,6238.332280,6238.334280,cycles 131168147..131168148 (2 cyc)
"tile 0,3 core",ACTIVE|LOCK_STALL,6238.333280,6238.335280,cycles 131168148..131168149 (2 cyc)
"tile 0,3 core",ACTIVE|LOCK_STALL,6238.334280,6238.336281,cycles 131168149..131168150 (2 cyc)
"tile 0,3 core",ACTIVE|LOCK_STALL,6238.335280,6238.337281,cycles 131168150..131168151 (2 cyc)
"tile 0,3 core",ACTIVE|LOCK_STALL,6238.336281,6238.338281,cycles 131168151..131168152 (2 cyc)
"tile 0,3 core",ACTIVE|LOCK_STALL,6238.337281,6238.339281,cycles 131168152..131168153 (2 cyc)
"tile 0,3 core",ACTIVE|LOCK_STALL,6238.338281,6238.341281,cycles 131168153..131168155 (3 cyc)
"tile 0,3 core",ACTIVE|LOCK_STALL,6238.340281,6238.342281,cycles 131168155..131168156 (2 cyc)
"tile 0,3 core",ACTIVE|LOCK_STALL,6238.341281,6238.343281,cycles 131168156..131168157 (2 cyc)
"tile 0,3 core",ACTIVE|LOCK_STALL,6238.342281,6238.343281,cycles 131168157..131168157 (1 cyc)
"tile 0,3 core",ACTIVE|LOCK_STALL,6238.342281,6238.774339,cycles 131168157..131168588 (432 cyc)
"tile 0,3 core",ACTIVE,6238.773339,6238.784340,cycles 131168588..131168598 (11 cyc)
"tile 0,3 core",ACTIVE|LOCK_STALL,6238.783340,6238.784340,cycles 131168598..131168598 (1 cyc)
"tile 0,3 core",ACTIVE,6238.783340,6238.833347,cycles 131168598..131168647 (50 cyc)
"tile 0,3 core",ACTIVE|LOCK_STALL,6238.832347,6238.833347,cycles 131168647..131168647 (1 cyc)
"tile 0,3 core",ACTIVE,6238.832347,6238.843348,cycles 131168647..131168657 (11 cyc)
"tile 0,3 core",ACTIVE|LOCK_STALL,6238.842348,6238.843348,cycles 131168657..131168657 (1 cyc)
"tile 0,3 core",ACTIVE,6238.842348,6238.893355,cycles 131168657..131168707 (51 cyc)
"tile 0,3 core",ACTIVE|LOCK_STALL,6238.892355,6238.896355,cycles 131168707..131168710 (4 cyc)
"tile 0,3 core",ACTIVE,6238.895355,6238.906356,cycles 131168710..131168720 (11 cyc)
"tile 0,3 core",ACTIVE|LOCK_STALL,6238.905356,6238.906356,cycles 131168720..131168720 (1 cyc)
"tile 0,3 core",ACTIVE,6238.905356,6238.955363,cycles 131168720..131168769 (50 cyc)
"tile 0,3 core",ACTIVE|LOCK_STALL,6238.954363,6238.955363,cycles 131168769..131168769 (1 cyc)
"tile 0,3 core",ACTIVE,6238.954363,6238.965364,cycles 131168769..131168779 (11 cyc)
"tile 0,3 core",ACTIVE|LOCK_STALL,6238.964364,6238.965364,cycles 131168779..131168779 (1 cyc)
"tile 0,3 core",ACTIVE,6238.964364,6239.015371,cycles 131168779..131168829 (51 cyc)
"tile 0,3 core",ACTIVE|LOCK_STALL,6239.014371,6239.747468,cycles 131168829..131169561 (733 cyc)
"tile 0,3 core",ACTIVE,6239.746468,6239.757470,cycles 131169561..131169571 (11 cyc)
"tile 0,3 core",ACTIVE|LOCK_STALL,6239.756470,6239.757470,cycles 131169571..131169571 (1 cyc)
"tile 0,3 core",ACTIVE,6239.756470,6239.806476,cycles 131169571..131169620 (50 cyc)
"tile 0,3 core",ACTIVE|LOCK_STALL,6239.805476,6239.806476,cycles 131169620..131169620 (1 cyc)
"tile 0,3 core",ACTIVE,6239.805476,6239.816478,cycles 131169620..131169630 (11 cyc)
"tile 0,3 core",ACTIVE|LOCK_STALL,6239.815477,6239.816478,cycles 131169630..131169630 (1 cyc)
"tile 0,3 core",ACTIVE,6239.815477,6239.866484,cycles 131169630..131169680 (51 cyc)
"tile 0,3 core",ACTIVE|LOCK_STALL,6239.865484,6240.061510,cycles 131169680..131169875 (196 cyc)
"tile 0,3 core",ACTIVE,6240.060510,6240.071512,cycles 131169875..131169885 (11 cyc)
"tile 0,3 core",ACTIVE|LOCK_STALL,6240.070511,6240.071512,cycles 131169885..131169885 (1 cyc)
"tile 0,3 core",ACTIVE,6240.070511,6240.120518,cycles 131169885..131169934 (50 cyc)
"tile 0,3 core",ACTIVE|LOCK_STALL,6240.119518,6240.120518,cycles 131169934..131169934 (1 cyc)
"tile 0,3 core",ACTIVE,6240.119518,6240.130519,cycles 131169934..131169944 (11 cyc)
"tile 0,3 core",ACTIVE|LOCK_STALL,6240.129519,6240.130519,cycles 131169944..131169944 (1 cyc)
"tile 0,3 core",ACTIVE,6240.129519,6240.141521,cycles 131169944..131169955 (12 cyc)
"tile 0,3 core",ACTIVE,6240.140521,6240.144521,cycles 131169955..131169958 (4 cyc)
"tile 0,3 core",ACTIVE,6240.143521,6240.179526,cycles 131169958..131169993 (36 cyc)
"tile 0,3 core",ACTIVE|LOCK_STALL,6240.178526,6240.274539,cycles 131169993..131170088 (96 cyc)
"tile 0,3 core",ACTIVE|LOCK_STALL,6240.273538,6240.274539,cycles 131170088..131170088 (1 cyc)
"tile 0,3 core",ACTIVE|LOCK_STALL,6240.273538,6240.275539,cycles 131170088..131170089 (2 cyc)
"tile 0,3 core",ACTIVE|LOCK_STALL,6240.274539,6240.276539,cycles 131170089..131170090 (2 cyc)
"tile 0,3 core",ACTIVE|LOCK_STALL,6240.275539,6240.277539,cycles 131170090..131170091 (2 cyc)
"tile 0,3 core",ACTIVE|LOCK_STALL,6240.276539,6240.278539,cycles 131170091..131170092 (2 cyc)
"tile 0,3 core",ACTIVE|LOCK_STALL,6240.277539,6240.279539,cycles 131170092..131170093 (2 cyc)
"tile 0,3 core",ACTIVE|LOCK_STALL,6240.278539,6240.280539,cycles 131170093..131170094 (2 cyc)
"tile 0,3 core",ACTIVE|LOCK_STALL,6240.279539,6240.281539,cycles 131170094..131170095 (2 cyc)
"tile 0,3 core",ACTIVE|LOCK_STALL,6240.280539,6240.282540,cycles 131170095..131170096 (2 cyc)
"tile 0,3 core",ACTIVE|LOCK_STALL,6240.281539,6240.284540,cycles 131170096..131170098 (3 cyc)
"tile 0,3 core",ACTIVE|LOCK_STALL,6240.283540,6240.286540,cycles 131170098..131170100 (3 cyc)
"tile 0,3 core",ACTIVE|LOCK_STALL,6240.285540,6240.290541,cycles 131170100..131170104 (5 cyc)
"tile 0,3 core",ACTIVE|LOCK_STALL,6240.289541,6240.293541,cycles 131170104..131170107 (4 cyc)
"tile 0,3 core",ACTIVE|LOCK_STALL,6240.292541,6240.293541,cycles 131170107..131170107 (1 cyc)
"tile 0,3 core",ACTIVE|LOCK_STALL,6240.292541,6240.294541,cycles 131170107..131170108 (2 cyc)
"tile 0,3 core",ACTIVE|LOCK_STALL,6240.293541,6240.294541,cycles 131170108..131170108 (1 cyc)
"tile 0,3 core",ACTIVE|LOCK_STALL,6240.293541,6240.295541,cycles 131170108..131170109 (2 cyc)
"tile 0,3 core",ACTIVE|LOCK_STALL,6240.294541,6240.296541,cycles 131170109..131170110 (2 cyc)
"tile 0,3 core",ACTIVE|LOCK_STALL,6240.295541,6240.297542,cycles 131170110..131170111 (2 cyc)
"tile 0,3 core",ACTIVE|LOCK_STALL,6240.296541,6240.299542,cycles 131170111..131170113 (3 cyc)
"tile 0,3 core",ACTIVE|LOCK_STALL,6240.298542,6240.300542,cycles 131170113..131170114 (2 cyc)
"tile 0,3 core",ACTIVE|LOCK_STALL,6240.299542,6240.301542,cycles 131170114..131170115 (2 cyc)
"tile 0,3 core",ACTIVE|LOCK_STALL,6240.300542,6240.302542,cycles 131170115..131170116 (2 cyc)
"tile 0,3 core",ACTIVE|LOCK_STALL,6240.301542,6240.303542,cycles 131170116..131170117 (2 cyc)
"tile 0,3 core",ACTIVE|LOCK_STALL,6240.302542,6240.304543,cycles 131170117..131170118 (2 cyc)
"tile 0,3 core",ACTIVE|LOCK_STALL,6240.303542,6240.305543,cycles 131170118..131170119 (2 cyc)
"tile 0,3 core",ACTIVE|LOCK_STALL,6240.304543,6240.305543,cycles 131170119..131170119 (1 cyc)
"tile 0,3 core",ACTIVE|LOCK_STALL,6240.304543,6273.798000,cycles 131170119..131203607 (33489 cyc)
"tile 0,3 core",ACTIVE,6273.797000,6273.808002,cycles 131203607..131203617 (11 cyc)
"tile 0,3 core",ACTIVE|LOCK_STALL,6273.807001,6273.808002,cycles 131203617..131203617 (1 cyc)
"tile 0,3 core",ACTIVE,6273.807001,6273.858008,cycles 131203617..131203667 (51 cyc)
"tile 0,3 core",ACTIVE|LOCK_STALL,6273.857008,6273.858008,cycles 131203667..131203667 (1 cyc)
"tile 0,3 core",ACTIVE,6273.857008,6273.868010,cycles 131203667..131203677 (11 cyc)
"tile 0,3 core",ACTIVE|LOCK_STALL,6273.867009,6273.868010,cycles 131203677..131203677 (1 cyc)
"tile 0,3 core",ACTIVE,6273.867009,6273.917016,cycles 131203677..131203726 (50 cyc)
"tile 0,3 core",ACTIVE|LOCK_STALL,6273.916016,6274.109042,cycles 131203726..131203918 (193 cyc)
"tile 0,3 core",ACTIVE,6274.108042,6274.119043,cycles 131203918..131203928 (11 cyc)
"tile 0,3 core",ACTIVE|LOCK_STALL,6274.118043,6274.119043,cycles 131203928..131203928 (1 cyc)
"tile 0,3 core",ACTIVE,6274.118043,6274.169050,cycles 131203928..131203978 (51 cyc)
"tile 0,3 core",ACTIVE|LOCK_STALL,6274.168050,6274.169050,cycles 131203978..131203978 (1 cyc)
"tile 0,3 core",ACTIVE,6274.168050,6274.179051,cycles 131203978..131203988 (11 cyc)
"tile 0,3 core",ACTIVE|LOCK_STALL,6274.178051,6274.179051,cycles 131203988..131203988 (1 cyc)
"tile 0,3 core",ACTIVE,6274.178051,6274.228058,cycles 131203988..131204037 (50 cyc)
"tile 0,3 core",ACTIVE|LOCK_STALL,6274.227057,6274.262062,cycles 131204037..131204071 (35 cyc)
"tile 0,3 core",ACTIVE,6274.261062,6274.272063,cycles 131204071..131204081 (11 cyc)
"tile 0,3 core",ACTIVE|LOCK_STALL,6274.271063,6274.272063,cycles 131204081..131204081 (1 cyc)
"tile 0,3 core",ACTIVE,6274.271063,6274.322070,cycles 131204081..131204131 (51 cyc)
"tile 0,3 core",ACTIVE|LOCK_STALL,6274.321070,6325.815924,cycles 131204131..131255618 (51488 cyc)
"tile 0,3 core",ACTIVE,6325.814923,6325.825925,cycles 131255618..131255628 (11 cyc)
"tile 0,3 core",ACTIVE|LOCK_STALL,6325.824925,6325.825925,cycles 131255628..131255628 (1 cyc)
"tile 0,3 core",ACTIVE,6325.824925,6325.874931,cycles 131255628..131255677 (50 cyc)
"tile 0,3 core",ACTIVE|LOCK_STALL,6325.873931,6325.874931,cycles 131255677..131255677 (1 cyc)
"tile 0,3 core",ACTIVE,6325.873931,6325.884933,cycles 131255677..131255687 (11 cyc)
"tile 0,3 core",ACTIVE|LOCK_STALL,6325.883933,6325.884933,cycles 131255687..131255687 (1 cyc)
"tile 0,3 core",ACTIVE,6325.883933,6325.934939,cycles 131255687..131255737 (51 cyc)
"tile 0,3 core",ACTIVE|LOCK_STALL,6325.933939,6326.126965,cycles 131255737..131255929 (193 cyc)
"tile 0,3 core",ACTIVE,6326.125965,6326.136966,cycles 131255929..131255939 (11 cyc)
"tile 0,3 core",ACTIVE|LOCK_STALL,6326.135966,6326.136966,cycles 131255939..131255939 (1 cyc)
"tile 0,3 core",ACTIVE,6326.135966,6326.185973,cycles 131255939..131255988 (50 cyc)
"tile 0,3 core",ACTIVE|LOCK_STALL,6326.184973,6326.185973,cycles 131255988..131255988 (1 cyc)
"tile 0,3 core",ACTIVE,6326.184973,6326.195974,cycles 131255988..131255998 (11 cyc)
"tile 0,3 core",ACTIVE|LOCK_STALL,6326.194974,6326.195974,cycles 131255998..131255998 (1 cyc)
"tile 0,3 core",ACTIVE,6326.194974,6326.206976,cycles 131255998..131256009 (12 cyc)
"tile 0,3 core",ACTIVE,6326.205975,6326.209976,cycles 131256009..131256012 (4 cyc)
"tile 0,3 core",ACTIVE,6326.208976,6326.244981,cycles 131256012..131256047 (36 cyc)
"tile 0,3 core",ACTIVE|LOCK_STALL,6326.243980,6326.244981,cycles 131256047..131256047 (1 cyc)
"tile 0,3 core",ACTIVE,6326.243980,6326.254982,cycles 131256047..131256057 (11 cyc)
"tile 0,3 core",ACTIVE|LOCK_STALL,6326.253982,6326.254982,cycles 131256057..131256057 (1 cyc)
"tile 0,3 core",ACTIVE,6326.253982,6326.304989,cycles 131256057..131256107 (51 cyc)
"tile 0,3 core",ACTIVE|LOCK_STALL,6326.303988,6326.304989,cycles 131256107..131256107 (1 cyc)
"tile 0,3 core",ACTIVE,6326.303988,6326.314990,cycles 131256107..131256117 (11 cyc)
"tile 0,3 core",ACTIVE|LOCK_STALL,6326.313990,6326.314990,cycles 131256117..131256117 (1 cyc)
"tile 0,3 core",ACTIVE,6326.313990,6326.334993,cycles 131256117..131256137 (21 cyc)
"tile 0,3 core",ACTIVE,6326.333992,6326.334993,cycles 131256137..131256137 (1 cyc)
"tile 0,3 core",ACTIVE,6326.333992,6326.335993,cycles 131256137..131256138 (2 cyc)
"tile 0,3 core",ACTIVE,6326.334993,6326.336993,cycles 131256138..131256139 (2 cyc)
"tile 0,3 core",ACTIVE,6326.335993,6326.337993,cycles 131256139..131256140 (2 cyc)
"tile 0,3 core",ACTIVE,6326.336993,6326.338993,cycles 131256140..131256141 (2 cyc)
"tile 0,3 core",ACTIVE,6326.337993,6326.340993,cycles 131256141..131256143 (3 cyc)
"tile 0,3 core",ACTIVE,6326.339993,6326.341994,cycles 131256143..131256144 (2 cyc)
"tile 0,3 core",ACTIVE,6326.340993,6326.342994,cycles 131256144..131256145 (2 cyc)
"tile 0,3 core",ACTIVE,6326.341994,6326.343994,cycles 131256145..131256146 (2 cyc)
"tile 0,3 core",ACTIVE,6326.342994,6326.344994,cycles 131256146..131256147 (2 cyc)
"tile 0,3 core",ACTIVE,6326.343994,6326.346994,cycles 131256147..131256149 (3 cyc)
"tile 0,3 core",ACTIVE,6326.345994,6326.350995,cycles 131256149..131256153 (5 cyc)
"tile 0,3 core",ACTIVE,6326.349995,6326.350995,cycles 131256153..131256153 (1 cyc)
"tile 0,3 core",ACTIVE|LOCK_STALL,6326.349995,6326.350995,cycles 131256153..131256153 (1 cyc)
"tile 0,3 core",ACTIVE,6326.349995,6326.351995,cycles 131256153..131256154 (2 cyc)
"tile 0,3 core",ACTIVE,6326.350995,6326.351995,cycles 131256154..131256154 (1 cyc)
"tile 0,3 core",ACTIVE,6326.350995,6326.352995,cycles 131256154..131256155 (2 cyc)
"tile 0,3 core",ACTIVE,6326.351995,6326.353995,cycles 131256155..131256156 (2 cyc)
"tile 0,3 core",ACTIVE,6326.352995,6326.354995,cycles 131256156..131256157 (2 cyc)
"tile 0,3 core",ACTIVE,6326.353995,6326.355995,cycles 131256157..131256158 (2 cyc)
"tile 0,3 core",ACTIVE|LOCK_STALL,6326.354995,6326.355995,cycles 131256158..131256158 (1 cyc)
"tile 0,3 core",ACTIVE,6326.354995,6326.355995,cycles 131256158..131256158 (1 cyc)
"tile 0,3 core",ACTIVE,6326.354995,6326.356996,cycles 131256158..131256159 (2 cyc)
"tile 0,3 core",ACTIVE,6326.355995,6326.357996,cycles 131256159..131256160 (2 cyc)
"tile 0,3 core",ACTIVE,6326.356996,6326.358996,cycles 131256160..131256161 (2 cyc)
"tile 0,3 core",ACTIVE,6326.357996,6326.359996,cycles 131256161..131256162 (2 cyc)
"tile 0,3 core",ACTIVE,6326.358996,6326.360996,cycles 131256162..131256163 (2 cyc)
"tile 0,3 core",ACTIVE,6326.359996,6326.361996,cycles 131256163..131256164 (2 cyc)
"tile 0,3 core",ACTIVE,6326.360996,6326.363996,cycles 131256164..131256166 (3 cyc)
"tile 0,3 core",ACTIVE,6326.362996,6326.363996,cycles 131256166..131256166 (1 cyc)
"tile 0,3 core",ACTIVE,6326.362996,6326.397001,cycles 131256166..131256199 (34 cyc)
"tile 0,3 core",ACTIVE|LOCK_STALL,6326.396001,6326.715043,cycles 131256199..131256517 (319 cyc)
"tile 0,3 core",ACTIVE,6326.714043,6326.725045,cycles 131256517..131256527 (11 cyc)
"tile 0,3 core",ACTIVE|LOCK_STALL,6326.724044,6326.725045,cycles 131256527..131256527 (1 cyc)
"tile 0,3 core",ACTIVE,6326.724044,6326.774051,cycles 131256527..131256576 (50 cyc)
"tile 0,3 core",ACTIVE|LOCK_STALL,6326.773051,6326.774051,cycles 131256576..131256576 (1 cyc)
"tile 0,3 core",ACTIVE,6326.773051,6326.784052,cycles 131256576..131256586 (11 cyc)
"tile 0,3 core",ACTIVE|LOCK_STALL,6326.783052,6326.784052,cycles 131256586..131256586 (1 cyc)
"tile 0,3 core",ACTIVE,6326.783052,6326.834059,cycles 131256586..131256636 (51 cyc)
"tile 0,3 core",ACTIVE|LOCK_STALL,6326.833059,6328.922337,cycles 131256636..131258724 (2089 cyc)
"tile 0,3 core",ACTIVE,6328.921337,6328.932338,cycles 131258724..131258734 (11 cyc)
"tile 0,3 core",ACTIVE|LOCK_STALL,6328.931338,6328.932338,cycles 131258734..131258734 (1 cyc)
"tile 0,3 core",ACTIVE,6328.931338,6328.981345,cycles 131258734..131258783 (50 cyc)
"tile 0,3 core",ACTIVE|LOCK_STALL,6328.980345,6328.981345,cycles 131258783..131258783 (1 cyc)
"tile 0,3 core",ACTIVE,6328.980345,6328.991346,cycles 131258783..131258793 (11 cyc)
"tile 0,3 core",ACTIVE|LOCK_STALL,6328.990346,6328.991346,cycles 131258793..131258793 (1 cyc)
"tile 0,3 core",ACTIVE,6328.990346,6329.041353,cycles 131258793..131258843 (51 cyc)
"tile 0,3 core",ACTIVE|LOCK_STALL,6329.040353,6329.674437,cycles 131258843..131259476 (634 cyc)
"tile 0,3 core",ACTIVE,6329.673437,6329.684438,cycles 131259476..131259486 (11 cyc)
"tile 0,3 core",ACTIVE|LOCK_STALL,6329.683438,6329.684438,cycles 131259486..131259486 (1 cyc)
"tile 0,3 core",ACTIVE,6329.683438,6329.733445,cycles 131259486..131259535 (50 cyc)
"tile 0,3 core",ACTIVE|LOCK_STALL,6329.732445,6329.733445,cycles 131259535..131259535 (1 cyc)
"tile 0,3 core",ACTIVE,6329.732445,6329.743446,cycles 131259535..131259545 (11 cyc)
"tile 0,3 core",ACTIVE|LOCK_STALL,6329.742446,6329.743446,cycles 131259545..131259545 (1 cyc)
"tile 0,3 core",ACTIVE,6329.742446,6329.754448,cycles 131259545..131259556 (12 cyc)
"tile 0,3 core",ACTIVE,6329.753448,6329.757448,cycles 131259556..131259559 (4 cyc)
"tile 0,3 core",ACTIVE,6329.756448,6329.792453,cycles 131259559..131259594 (36 cyc)
"tile 0,3 core",ACTIVE|LOCK_STALL,6329.791453,6329.792453,cycles 131259594..131259594 (1 cyc)
"tile 0,3 core",ACTIVE,6329.791453,6329.802454,cycles 131259594..131259604 (11 cyc)
"tile 0,3 core",ACTIVE|LOCK_STALL,6329.801454,6329.802454,cycles 131259604..131259604 (1 cyc)
"tile 0,3 core",ACTIVE,6329.801454,6329.852461,cycles 131259604..131259654 (51 cyc)
"tile 0,3 core",ACTIVE|LOCK_STALL,6329.851461,6329.883465,cycles 131259654..131259685 (32 cyc)
"tile 0,3 core",ACTIVE|LOCK_STALL,6329.882465,6329.883465,cycles 131259685..131259685 (1 cyc)
"tile 0,3 core",ACTIVE|LOCK_STALL,6329.882465,6329.884465,cycles 131259685..131259686 (2 cyc)
"tile 0,3 core",ACTIVE|LOCK_STALL,6329.883465,6329.885465,cycles 131259686..131259687 (2 cyc)
"tile 0,3 core",ACTIVE|LOCK_STALL,6329.884465,6329.886465,cycles 131259687..131259688 (2 cyc)
"tile 0,3 core",ACTIVE|LOCK_STALL,6329.885465,6329.887465,cycles 131259688..131259689 (2 cyc)
"tile 0,3 core",ACTIVE|LOCK_STALL,6329.886465,6329.888466,cycles 131259689..131259690 (2 cyc)
"tile 0,3 core",ACTIVE|LOCK_STALL,6329.887465,6329.889466,cycles 131259690..131259691 (2 cyc)
"tile 0,3 core",ACTIVE|LOCK_STALL,6329.888466,6329.890466,cycles 131259691..131259692 (2 cyc)
"tile 0,3 core",ACTIVE|LOCK_STALL,6329.889466,6329.891466,cycles 131259692..131259693 (2 cyc)
"tile 0,3 core",ACTIVE|LOCK_STALL,6329.890466,6329.892466,cycles 131259693..131259694 (2 cyc)
"tile 0,3 core",ACTIVE|LOCK_STALL,6329.891466,6329.894466,cycles 131259694..131259696 (3 cyc)
"tile 0,3 core",ACTIVE|LOCK_STALL,6329.893466,6329.898467,cycles 131259696..131259700 (5 cyc)
"tile 0,3 core",ACTIVE|LOCK_STALL,6329.897467,6329.901467,cycles 131259700..131259703 (4 cyc)
"tile 0,3 core",ACTIVE|LOCK_STALL,6329.900467,6329.901467,cycles 131259703..131259703 (1 cyc)
"tile 0,3 core",ACTIVE|LOCK_STALL,6329.900467,6329.902467,cycles 131259703..131259704 (2 cyc)
"tile 0,3 core",ACTIVE|LOCK_STALL,6329.901467,6329.903468,cycles 131259704..131259705 (2 cyc)
"tile 0,3 core",ACTIVE|LOCK_STALL,6329.902467,6329.904468,cycles 131259705..131259706 (2 cyc)
"tile 0,3 core",ACTIVE|LOCK_STALL,6329.903468,6329.905468,cycles 131259706..131259707 (2 cyc)
"tile 0,3 core",ACTIVE|LOCK_STALL,6329.904468,6329.906468,cycles 131259707..131259708 (2 cyc)
"tile 0,3 core",ACTIVE|LOCK_STALL,6329.905468,6329.907468,cycles 131259708..131259709 (2 cyc)
"tile 0,3 core",ACTIVE|LOCK_STALL,6329.906468,6329.908468,cycles 131259709..131259710 (2 cyc)
"tile 0,3 core",ACTIVE|LOCK_STALL,6329.907468,6329.910468,cycles 131259710..131259712 (3 cyc)
"tile 0,3 core",ACTIVE|LOCK_STALL,6329.909468,6329.911469,cycles 131259712..131259713 (2 cyc)
"tile 0,3 core",ACTIVE|LOCK_STALL,6329.910468,6329.912469,cycles 131259713..131259714 (2 cyc)
"tile 0,3 core",ACTIVE|LOCK_STALL,6329.911469,6329.913469,cycles 131259714..131259715 (2 cyc)
"tile 0,3 core",ACTIVE|LOCK_STALL,6329.912469,6329.914469,cycles 131259715..131259716 (2 cyc)
"tile 0,3 core",ACTIVE|LOCK_STALL,6329.913469,6329.914469,cycles 131259716..131259716 (1 cyc)
"tile 0,3 core",ACTIVE|LOCK_STALL,6329.913469,6330.364529,cycles 131259716..131260166 (451 cyc)
"tile 0,3 core",ACTIVE,6330.363529,6330.374530,cycles 131260166..131260176 (11 cyc)
"tile 0,3 core",ACTIVE|LOCK_STALL,6330.373530,6330.374530,cycles 131260176..131260176 (1 cyc)
"tile 0,3 core",ACTIVE,6330.373530,6330.423537,cycles 131260176..131260225 (50 cyc)
"tile 0,3 core",ACTIVE|LOCK_STALL,6330.422537,6330.423537,cycles 131260225..131260225 (1 cyc)
"tile 0,3 core",ACTIVE,6330.422537,6330.433538,cycles 131260225..131260235 (11 cyc)
"tile 0,3 core",ACTIVE|LOCK_STALL,6330.432538,6330.433538,cycles 131260235..131260235 (1 cyc)
"tile 0,3 core",ACTIVE,6330.432538,6330.483545,cycles 131260235..131260285 (51 cyc)
"tile 0,3 core",ACTIVE|LOCK_STALL,6330.482545,6332.526817,cycles 131260285..131262328 (2044 cyc)
"tile 0,3 core",ACTIVE,6332.525817,6332.536818,cycles 131262328..131262338 (11 cyc)
"tile 0,3 core",ACTIVE|LOCK_STALL,6332.535818,6332.536818,cycles 131262338..131262338 (1 cyc)
"tile 0,3 core",ACTIVE,6332.535818,6332.585825,cycles 131262338..131262387 (50 cyc)
"tile 0,3 core",ACTIVE|LOCK_STALL,6332.584824,6332.585825,cycles 131262387..131262387 (1 cyc)
"tile 0,3 core",ACTIVE,6332.584824,6332.595826,cycles 131262387..131262397 (11 cyc)
"tile 0,3 core",ACTIVE|LOCK_STALL,6332.594826,6332.595826,cycles 131262397..131262397 (1 cyc)
"tile 0,3 core",ACTIVE,6332.594826,6332.645833,cycles 131262397..131262447 (51 cyc)
"tile 0,3 core",ACTIVE|LOCK_STALL,6332.644832,6332.943872,cycles 131262447..131262745 (299 cyc)
"tile 0,3 core",ACTIVE,6332.942872,6332.953874,cycles 131262745..131262755 (11 cyc)
"tile 0,3 core",ACTIVE|LOCK_STALL,6332.952873,6332.953874,cycles 131262755..131262755 (1 cyc)
"tile 0,3 core",ACTIVE,6332.952873,6333.002880,cycles 131262755..131262804 (50 cyc)
"tile 0,3 core",ACTIVE|LOCK_STALL,6333.001880,6333.002880,cycles 131262804..131262804 (1 cyc)
"tile 0,3 core",ACTIVE,6333.001880,6333.012881,cycles 131262804..131262814 (11 cyc)
"tile 0,3 core",ACTIVE|LOCK_STALL,6333.011881,6333.012881,cycles 131262814..131262814 (1 cyc)
"tile 0,3 core",ACTIVE,6333.011881,6333.062888,cycles 131262814..131262864 (51 cyc)
"tile 0,3 core",ACTIVE|LOCK_STALL,6333.061888,6333.257914,cycles 131262864..131263059 (196 cyc)
"tile 0,3 core",ACTIVE,6333.256914,6333.267915,cycles 131263059..131263069 (11 cyc)
"tile 0,3 core",ACTIVE|LOCK_STALL,6333.266915,6333.267915,cycles 131263069..131263069 (1 cyc)
"tile 0,3 core",ACTIVE,6333.266915,6333.316922,cycles 131263069..131263118 (50 cyc)
"tile 0,3 core",ACTIVE|LOCK_STALL,6333.315922,6333.316922,cycles 131263118..131263118 (1 cyc)
"tile 0,3 core",ACTIVE,6333.315922,6333.326923,cycles 131263118..131263128 (11 cyc)
"tile 0,3 core",ACTIVE|LOCK_STALL,6333.325923,6333.326923,cycles 131263128..131263128 (1 cyc)
"tile 0,3 core",ACTIVE,6333.325923,6333.337925,cycles 131263128..131263139 (12 cyc)
"tile 0,3 core",ACTIVE,6333.336925,6333.340925,cycles 131263139..131263142 (4 cyc)
"tile 0,3 core",ACTIVE,6333.339925,6333.375930,cycles 131263142..131263177 (36 cyc)
"tile 0,3 core",ACTIVE|LOCK_STALL,6333.374930,6333.375930,cycles 131263177..131263177 (1 cyc)
"tile 0,3 core",ACTIVE,6333.374930,6333.385931,cycles 131263177..131263187 (11 cyc)
"tile 0,3 core",ACTIVE|LOCK_STALL,6333.384931,6333.385931,cycles 131263187..131263187 (1 cyc)
"tile 0,3 core",ACTIVE,6333.384931,6333.435938,cycles 131263187..131263237 (51 cyc)
"tile 0,3 core",ACTIVE|LOCK_STALL,6333.434938,6333.466942,cycles 131263237..131263268 (32 cyc)
"tile 0,3 core",ACTIVE|LOCK_STALL,6333.465942,6333.466942,cycles 131263268..131263268 (1 cyc)
"tile 0,3 core",ACTIVE|LOCK_STALL,6333.465942,6333.467942,cycles 131263268..131263269 (2 cyc)
"tile 0,3 core",ACTIVE|LOCK_STALL,6333.466942,6333.468942,cycles 131263269..131263270 (2 cyc)
"tile 0,3 core",ACTIVE|LOCK_STALL,6333.467942,6333.469942,cycles 131263270..131263271 (2 cyc)
"tile 0,3 core",ACTIVE|LOCK_STALL,6333.468942,6333.470942,cycles 131263271..131263272 (2 cyc)
"tile 0,3 core",ACTIVE|LOCK_STALL,6333.469942,6333.471942,cycles 131263272..131263273 (2 cyc)
"tile 0,3 core",ACTIVE|LOCK_STALL,6333.470942,6333.472943,cycles 131263273..131263274 (2 cyc)
"tile 0,3 core",ACTIVE|LOCK_STALL,6333.471942,6333.473943,cycles 131263274..131263275 (2 cyc)
"tile 0,3 core",ACTIVE|LOCK_STALL,6333.472943,6333.474943,cycles 131263275..131263276 (2 cyc)
"tile 0,3 core",ACTIVE|LOCK_STALL,6333.473943,6333.475943,cycles 131263276..131263277 (2 cyc)
"tile 0,3 core",ACTIVE|LOCK_STALL,6333.474943,6333.477943,cycles 131263277..131263279 (3 cyc)
"tile 0,3 core",ACTIVE|LOCK_STALL,6333.476943,6333.481944,cycles 131263279..131263283 (5 cyc)
"tile 0,3 core",ACTIVE,6333.480944,6333.484944,cycles 131263283..131263286 (4 cyc)
"tile 0,3 core",ACTIVE,6333.483944,6333.484944,cycles 131263286..131263286 (1 cyc)
"tile 0,3 core",ACTIVE,6333.483944,6333.485944,cycles 131263286..131263287 (2 cyc)
"tile 0,3 core",ACTIVE,6333.484944,6333.486944,cycles 131263287..131263288 (2 cyc)
"tile 0,3 core",ACTIVE,6333.485944,6333.487945,cycles 131263288..131263289 (2 cyc)
"tile 0,3 core",ACTIVE|LOCK_STALL,6333.486944,6333.487945,cycles 131263289..131263289 (1 cyc)
"tile 0,3 core",ACTIVE,6333.486944,6333.487945,cycles 131263289..131263289 (1 cyc)
"tile 0,3 core",ACTIVE,6333.486944,6333.488945,cycles 131263289..131263290 (2 cyc)
"tile 0,3 core",ACTIVE,6333.487945,6333.489945,cycles 131263290..131263291 (2 cyc)
"tile 0,3 core",ACTIVE,6333.488945,6333.490945,cycles 131263291..131263292 (2 cyc)
"tile 0,3 core",ACTIVE,6333.489945,6333.492945,cycles 131263292..131263294 (3 cyc)
"tile 0,3 core",ACTIVE,6333.491945,6333.493945,cycles 131263294..131263295 (2 cyc)
"tile 0,3 core",ACTIVE,6333.492945,6333.494946,cycles 131263295..131263296 (2 cyc)
"tile 0,3 core",ACTIVE,6333.493945,6333.495946,cycles 131263296..131263297 (2 cyc)
"tile 0,3 core",ACTIVE,6333.494946,6333.496946,cycles 131263297..131263298 (2 cyc)
"tile 0,3 core",ACTIVE,6333.495946,6333.496946,cycles 131263298..131263298 (1 cyc)
"tile 0,3 core",ACTIVE,6333.495946,6333.526950,cycles 131263298..131263328 (31 cyc)
"tile 0,3 core",ACTIVE|LOCK_STALL,6333.525950,6333.526950,cycles 131263328..131263328 (1 cyc)
"tile 0,3 core",ACTIVE,6333.525950,6333.536951,cycles 131263328..131263338 (11 cyc)
"tile 0,3 core",ACTIVE|LOCK_STALL,6333.535951,6333.536951,cycles 131263338..131263338 (1 cyc)
"tile 0,3 core",ACTIVE,6333.535951,6333.586958,cycles 131263338..131263388 (51 cyc)
"tile 0,3 core",ACTIVE|LOCK_STALL,6333.585958,6333.637965,cycles 131263388..131263439 (52 cyc)
"tile 0,3 core",ACTIVE,6333.636964,6333.647966,cycles 131263439..131263449 (11 cyc)
"tile 0,3 core",ACTIVE|LOCK_STALL,6333.646966,6333.647966,cycles 131263449..131263449 (1 cyc)
"tile 0,3 core",ACTIVE,6333.646966,6333.696972,cycles 131263449..131263498 (50 cyc)
"tile 0,3 core",ACTIVE|LOCK_STALL,6333.695972,6333.696972,cycles 131263498..131263498 (1 cyc)
"tile 0,3 core",ACTIVE,6333.695972,6333.706974,cycles 131263498..131263508 (11 cyc)
"tile 0,3 core",ACTIVE|LOCK_STALL,6333.705974,6333.706974,cycles 131263508..131263508 (1 cyc)
"tile 0,3 core",ACTIVE,6333.705974,6333.756980,cycles 131263508..131263558 (51 cyc)
"tile 0,3 core",ACTIVE|LOCK_STALL,6333.755980,6333.819989,cycles 131263558..131263621 (64 cyc)
"tile 0,3 core",ACTIVE,6333.818989,6333.829990,cycles 131263621..131263631 (11 cyc)
"tile 0,3 core",ACTIVE|LOCK_STALL,6333.828990,6333.829990,cycles 131263631..131263631 (1 cyc)
"tile 0,3 core",ACTIVE,6333.828990,6333.878997,cycles 131263631..131263680 (50 cyc)
"tile 0,3 core",ACTIVE|LOCK_STALL,6333.877997,6333.878997,cycles 131263680..131263680 (1 cyc)
"tile 0,3 core",ACTIVE,6333.877997,6333.888998,cycles 131263680..131263690 (11 cyc)
"tile 0,3 core",ACTIVE|LOCK_STALL,6333.887998,6333.888998,cycles 131263690..131263690 (1 cyc)
"tile 0,3 core",ACTIVE,6333.887998,6333.939005,cycles 131263690..131263740 (51 cyc)
"tile 0,3 core",ACTIVE|LOCK_STALL,6333.938005,6334.038018,cycles 131263740..131263839 (100 cyc)
"tile 0,3 core",ACTIVE,6334.037018,6334.048019,cycles 131263839..131263849 (11 cyc)
"tile 0,3 core",ACTIVE|LOCK_STALL,6334.047019,6334.048019,cycles 131263849..131263849 (1 cyc)
"tile 0,3 core",ACTIVE,6334.047019,6334.097026,cycles 131263849..131263898 (50 cyc)
"tile 0,3 core",ACTIVE|LOCK_STALL,6334.096026,6334.097026,cycles 131263898..131263898 (1 cyc)
"tile 0,3 core",ACTIVE,6334.096026,6334.107027,cycles 131263898..131263908 (11 cyc)
"tile 0,3 core",ACTIVE|LOCK_STALL,6334.106027,6334.107027,cycles 131263908..131263908 (1 cyc)
"tile 0,3 core",ACTIVE,6334.106027,6334.118028,cycles 131263908..131263919 (12 cyc)
"tile 0,3 core",ACTIVE,6334.117028,6334.121029,cycles 131263919..131263922 (4 cyc)
"tile 0,3 core",ACTIVE,6334.120029,6334.156034,cycles 131263922..131263957 (36 cyc)
"tile 0,3 core",ACTIVE|LOCK_STALL,6334.155033,6334.251046,cycles 131263957..131264052 (96 cyc)
"tile 0,3 core",ACTIVE|LOCK_STALL,6334.250046,6334.251046,cycles 131264052..131264052 (1 cyc)
"tile 0,3 core",ACTIVE|LOCK_STALL,6334.250046,6334.252046,cycles 131264052..131264053 (2 cyc)
"tile 0,3 core",ACTIVE|LOCK_STALL,6334.251046,6334.253046,cycles 131264053..131264054 (2 cyc)
"tile 0,3 core",ACTIVE|LOCK_STALL,6334.252046,6334.254047,cycles 131264054..131264055 (2 cyc)
"tile 0,3 core",ACTIVE|LOCK_STALL,6334.253046,6334.255047,cycles 131264055..131264056 (2 cyc)
"tile 0,3 core",ACTIVE|LOCK_STALL,6334.254047,6334.256047,cycles 131264056..131264057 (2 cyc)
"tile 0,3 core",ACTIVE|LOCK_STALL,6334.255047,6334.257047,cycles 131264057..131264058 (2 cyc)
"tile 0,3 core",ACTIVE|LOCK_STALL,6334.256047,6334.258047,cycles 131264058..131264059 (2 cyc)
"tile 0,3 core",ACTIVE|LOCK_STALL,6334.257047,6334.259047,cycles 131264059..131264060 (2 cyc)
"tile 0,3 core",ACTIVE|LOCK_STALL,6334.258047,6334.261047,cycles 131264060..131264062 (3 cyc)
"tile 0,3 core",ACTIVE|LOCK_STALL,6334.260047,6334.263048,cycles 131264062..131264064 (3 cyc)
"tile 0,3 core",ACTIVE|LOCK_STALL,6334.262048,6334.267048,cycles 131264064..131264068 (5 cyc)
"tile 0,3 core",ACTIVE|LOCK_STALL,6334.266048,6334.270049,cycles 131264068..131264071 (4 cyc)
"tile 0,3 core",ACTIVE|LOCK_STALL,6334.269049,6334.270049,cycles 131264071..131264071 (1 cyc)
"tile 0,3 core",ACTIVE|LOCK_STALL,6334.269049,6334.271049,cycles 131264071..131264072 (2 cyc)
"tile 0,3 core",ACTIVE|LOCK_STALL,6334.270049,6334.271049,cycles 131264072..131264072 (1 cyc)
"tile 0,3 core",ACTIVE|LOCK_STALL,6334.270049,6334.272049,cycles 131264072..131264073 (2 cyc)
"tile 0,3 core",ACTIVE|LOCK_STALL,6334.271049,6334.273049,cycles 131264073..131264074 (2 cyc)
"tile 0,3 core",ACTIVE|LOCK_STALL,6334.272049,6334.274049,cycles 131264074..131264075 (2 cyc)
"tile 0,3 core",ACTIVE|LOCK_STALL,6334.273049,6334.276049,cycles 131264075..131264077 (3 cyc)
"tile 0,3 core",ACTIVE|LOCK_STALL,6334.275049,6334.277050,cycles 131264077..131264078 (2 cyc)
"tile 0,3 core",ACTIVE|LOCK_STALL,6334.276049,6334.290051,cycles 131264078..131264091 (14 cyc)
"tile 0,3 core",ACTIVE|LOCK_STALL,6334.289051,6334.291051,cycles 131264091..131264092 (2 cyc)
"tile 0,3 core",ACTIVE|LOCK_STALL,6334.290051,6334.308054,cycles 131264092..131264109 (18 cyc)
"tile 0,3 core",ACTIVE|LOCK_STALL,6334.307054,6334.309054,cycles 131264109..131264110 (2 cyc)
"tile 0,3 core",ACTIVE|LOCK_STALL,6334.308054,6334.326056,cycles 131264110..131264127 (18 cyc)
"tile 0,3 core",ACTIVE|LOCK_STALL,6334.325056,6334.326056,cycles 131264127..131264127 (1 cyc)
"tile 0,3 core",ACTIVE|LOCK_STALL,6334.325056,6360.927597,cycles 131264127..131290725 (26599 cyc)
"tile 0,3 east master 1",PORT_IDLE_0,5905.974045,5906.099062,cycles 130835833..130835957 (125 cyc)
"tile 0,3 east master 1",PORT_IDLE_0,5906.098062,6178.098263,cycles 130835957..131107920 (271964 cyc)
"tile 0,3 east master 1",PORT_IDLE_0,6178.097263,6178.108265,cycles 131107920..131107930 (11 cyc)
"tile 0,3 east master 1",PORT_IDLE_0,6178.107264,6178.108265,cycles 131107930..131107930 (1 cyc)
"tile 0,3 east master 1",PORT_IDLE_0,6178.107264,6178.158271,cycles 131107930..131107980 (51 cyc)
"tile 0,3 east master 1",PORT_IDLE_0,6178.157271,6178.158271,cycles 131107980..131107980 (1 cyc)
"tile 0,3 east master 1",PORT_IDLE_0,6178.157271,6178.168273,cycles 131107980..131107990 (11 cyc)
"tile 0,3 east master 1",PORT_IDLE_0,6178.167272,6178.168273,cycles 131107990..131107990 (1 cyc)
"tile 0,3 east master 1",PORT_IDLE_0,6178.167272,6178.217279,cycles 131107990..131108039 (50 cyc)
"tile 0,3 east master 1",PORT_IDLE_0,6178.216279,6178.409305,cycles 131108039..131108231 (193 cyc)
"tile 0,3 east master 1",PORT_IDLE_0,6178.408305,6178.419306,cycles 131108231..131108241 (11 cyc)
"tile 0,3 east master 1",PORT_IDLE_0,6178.418306,6178.419306,cycles 131108241..131108241 (1 cyc)
"tile 0,3 east master 1",PORT_IDLE_0,6178.418306,6178.469313,cycles 131108241..131108291 (51 cyc)
"tile 0,3 east master 1",PORT_IDLE_0,6178.468313,6178.469313,cycles 131108291..131108291 (1 cyc)
"tile 0,3 east master 1",PORT_IDLE_0,6178.468313,6178.479314,cycles 131108291..131108301 (11 cyc)
"tile 0,3 east master 1",PORT_IDLE_0,6178.478314,6178.479314,cycles 131108301..131108301 (1 cyc)
"tile 0,3 east master 1",PORT_IDLE_0,6178.478314,6178.528321,cycles 131108301..131108350 (50 cyc)
"tile 0,3 east master 1",PORT_IDLE_0,6178.527320,6178.562325,cycles 131108350..131108384 (35 cyc)
"tile 0,3 east master 1",PORT_IDLE_0,6178.561325,6178.572326,cycles 131108384..131108394 (11 cyc)
"tile 0,3 east master 1",PORT_IDLE_0,6178.571326,6178.572326,cycles 131108394..131108394 (1 cyc)
"tile 0,3 east master 1",PORT_IDLE_0,6178.571326,6178.622333,cycles 131108394..131108444 (51 cyc)
"tile 0,3 east master 1",PORT_IDLE_0,6178.621333,6230.118187,cycles 131108444..131159933 (51490 cyc)
"tile 0,3 east master 1",PORT_IDLE_0,6230.117187,6230.128188,cycles 131159933..131159943 (11 cyc)
"tile 0,3 east master 1",PORT_IDLE_0,6230.127188,6230.128188,cycles 131159943..131159943 (1 cyc)
"tile 0,3 east master 1",PORT_IDLE_0,6230.127188,6230.177195,cycles 131159943..131159992 (50 cyc)
"tile 0,3 east master 1",PORT_IDLE_0,6230.176195,6230.177195,cycles 131159992..131159992 (1 cyc)
"tile 0,3 east master 1",PORT_IDLE_0,6230.176195,6230.187196,cycles 131159992..131160002 (11 cyc)
"tile 0,3 east master 1",PORT_IDLE_0,6230.186196,6230.187196,cycles 131160002..131160002 (1 cyc)
"tile 0,3 east master 1",PORT_IDLE_0,6230.186196,6230.237203,cycles 131160002..131160052 (51 cyc)
"tile 0,3 east master 1",PORT_IDLE_0,6230.236202,6230.429228,cycles 131160052..131160244 (193 cyc)
"tile 0,3 east master 1",PORT_IDLE_0,6230.428228,6230.439230,cycles 131160244..131160254 (11 cyc)
"tile 0,3 east master 1",PORT_IDLE_0,6230.438229,6230.439230,cycles 131160254..131160254 (1 cyc)
"tile 0,3 east master 1",PORT_IDLE_0,6230.438229,6230.488236,cycles 131160254..131160303 (50 cyc)
"tile 0,3 east master 1",PORT_IDLE_0,6230.487236,6230.488236,cycles 131160303..131160303 (1 cyc)
"tile 0,3 east master 1",PORT_IDLE_0,6230.487236,6230.498237,cycles 131160303..131160313 (11 cyc)
"tile 0,3 east master 1",PORT_IDLE_0,6230.497237,6230.498237,cycles 131160313..131160313 (1 cyc)
"tile 0,3 east master 1",PORT_IDLE_0,6230.497237,6230.509239,cycles 131160313..131160324 (12 cyc)
"tile 0,3 east master 1",PORT_RUNNING_0,6230.508239,6230.512239,cycles 131160324..131160327 (4 cyc)
"tile 0,3 east master 1",PORT_STALLED_0,6230.511239,6230.512239,cycles 131160327..131160327 (1 cyc)
"tile 0,3 east master 1",PORT_RUNNING_0,6230.511239,6230.519240,cycles 131160327..131160334 (8 cyc)
"tile 0,3 east master 1",PORT_STALLED_0,6230.518240,6230.519240,cycles 131160334..131160334 (1 cyc)
"tile 0,3 east master 1",PORT_RUNNING_0,6230.518240,6230.526241,cycles 131160334..131160341 (8 cyc)
"tile 0,3 east master 1",PORT_STALLED_0,6230.525241,6230.543243,cycles 131160341..131160358 (18 cyc)
"tile 0,3 east master 1",PORT_STALLED_0,6230.542243,6230.543243,cycles 131160358..131160358 (1 cyc)
"tile 0,3 east master 1",PORT_STALLED_0,6230.542243,6230.553245,cycles 131160358..131160368 (11 cyc)
"tile 0,3 east master 1",PORT_STALLED_0,6230.552245,6230.553245,cycles 131160368..131160368 (1 cyc)
"tile 0,3 east master 1",PORT_STALLED_0,6230.552245,6230.559245,cycles 131160368..131160374 (7 cyc)
"tile 0,3 east master 1",PORT_RUNNING_0,6230.558245,6230.571247,cycles 131160374..131160386 (13 cyc)
"tile 0,3 east master 1",PORT_IDLE_0,6230.570247,6230.601251,cycles 131160386..131160416 (31 cyc)
"tile 0,3 east master 1",PORT_IDLE_0,6230.600251,6230.601251,cycles 131160416..131160416 (1 cyc)
"tile 0,3 east master 1",PORT_IDLE_0,6230.600251,6230.611252,cycles 131160416..131160426 (11 cyc)
"tile 0,3 east master 1",PORT_IDLE_0,6230.610252,6230.611252,cycles 131160426..131160426 (1 cyc)
"tile 0,3 east master 1",PORT_IDLE_0,6230.610252,6230.660259,cycles 131160426..131160475 (50 cyc)
"tile 0,3 east master 1",PORT_IDLE_0,6230.659259,6230.660259,cycles 131160475..131160475 (1 cyc)
"tile 0,3 east master 1",PORT_IDLE_0,6230.659259,6230.670260,cycles 131160475..131160485 (11 cyc)
"tile 0,3 east master 1",PORT_IDLE_0,6230.669260,6230.670260,cycles 131160485..131160485 (1 cyc)
"tile 0,3 east master 1",PORT_IDLE_0,6230.669260,6230.720267,cycles 131160485..131160535 (51 cyc)
"tile 0,3 east master 1",PORT_IDLE_0,6230.719267,6232.073447,cycles 131160535..131161888 (1354 cyc)
"tile 0,3 east master 1",PORT_IDLE_0,6232.072447,6232.083448,cycles 131161888..131161898 (11 cyc)
"tile 0,3 east master 1",PORT_IDLE_0,6232.082448,6232.083448,cycles 131161898..131161898 (1 cyc)
"tile 0,3 east master 1",PORT_IDLE_0,6232.082448,6232.132455,cycles 131161898..131161947 (50 cyc)
"tile 0,3 east master 1",PORT_IDLE_0,6232.131455,6232.132455,cycles 131161947..131161947 (1 cyc)
"tile 0,3 east master 1",PORT_IDLE_0,6232.131455,6232.142456,cycles 131161947..131161957 (11 cyc)
"tile 0,3 east master 1",PORT_IDLE_0,6232.141456,6232.142456,cycles 131161957..131161957 (1 cyc)
"tile 0,3 east master 1",PORT_IDLE_0,6232.141456,6232.192463,cycles 131161957..131162007 (51 cyc)
"tile 0,3 east master 1",PORT_IDLE_0,6232.191463,6233.152591,cycles 131162007..131162967 (961 cyc)
"tile 0,3 east master 1",PORT_IDLE_0,6233.151591,6233.162592,cycles 131162967..131162977 (11 cyc)
"tile 0,3 east master 1",PORT_IDLE_0,6233.161592,6233.162592,cycles 131162977..131162977 (1 cyc)
"tile 0,3 east master 1",PORT_IDLE_0,6233.161592,6233.211598,cycles 131162977..131163026 (50 cyc)
"tile 0,3 east master 1",PORT_IDLE_0,6233.210598,6233.211598,cycles 131163026..131163026 (1 cyc)
"tile 0,3 east master 1",PORT_IDLE_0,6233.210598,6233.221600,cycles 131163026..131163036 (11 cyc)
"tile 0,3 east master 1",PORT_IDLE_0,6233.220600,6233.221600,cycles 131163036..131163036 (1 cyc)
"tile 0,3 east master 1",PORT_IDLE_0,6233.220600,6233.271606,cycles 131163036..131163086 (51 cyc)
"tile 0,3 east master 1",PORT_IDLE_0,6233.270606,6233.443629,cycles 131163086..131163258 (173 cyc)
"tile 0,3 east master 1",PORT_IDLE_0,6233.442629,6233.453631,cycles 131163258..131163268 (11 cyc)
"tile 0,3 east master 1",PORT_IDLE_0,6233.452631,6233.453631,cycles 131163268..131163268 (1 cyc)
"tile 0,3 east master 1",PORT_IDLE_0,6233.452631,6233.502637,cycles 131163268..131163317 (50 cyc)
"tile 0,3 east master 1",PORT_IDLE_0,6233.501637,6233.502637,cycles 131163317..131163317 (1 cyc)
"tile 0,3 east master 1",PORT_IDLE_0,6233.501637,6233.512639,cycles 131163317..131163327 (11 cyc)
"tile 0,3 east master 1",PORT_IDLE_0,6233.511638,6233.512639,cycles 131163327..131163327 (1 cyc)
"tile 0,3 east master 1",PORT_IDLE_0,6233.511638,6233.523640,cycles 131163327..131163338 (12 cyc)
"tile 0,3 east master 1",PORT_RUNNING_0,6233.522640,6233.526640,cycles 131163338..131163341 (4 cyc)
"tile 0,3 east master 1",PORT_STALLED_0,6233.525640,6233.526640,cycles 131163341..131163341 (1 cyc)
"tile 0,3 east master 1",PORT_RUNNING_0,6233.525640,6233.533641,cycles 131163341..131163348 (8 cyc)
"tile 0,3 east master 1",PORT_STALLED_0,6233.532641,6233.533641,cycles 131163348..131163348 (1 cyc)
"tile 0,3 east master 1",PORT_RUNNING_0,6233.532641,6233.540642,cycles 131163348..131163355 (8 cyc)
"tile 0,3 east master 1",PORT_STALLED_0,6233.539642,6233.557645,cycles 131163355..131163372 (18 cyc)
"tile 0,3 east master 1",PORT_STALLED_0,6233.556644,6233.557645,cycles 131163372..131163372 (1 cyc)
"tile 0,3 east master 1",PORT_STALLED_0,6233.556644,6233.567646,cycles 131163372..131163382 (11 cyc)
"tile 0,3 east master 1",PORT_STALLED_0,6233.566646,6233.567646,cycles 131163382..131163382 (1 cyc)
"tile 0,3 east master 1",PORT_STALLED_0,6233.566646,6233.573647,cycles 131163382..131163388 (7 cyc)
"tile 0,3 east master 1",PORT_RUNNING_0,6233.572647,6233.585648,cycles 131163388..131163400 (13 cyc)
"tile 0,3 east master 1",PORT_IDLE_0,6233.584648,6233.615652,cycles 131163400..131163430 (31 cyc)
"tile 0,3 east master 1",PORT_IDLE_0,6233.614652,6234.144723,cycles 131163430..131163959 (530 cyc)
"tile 0,3 east master 1",PORT_IDLE_0,6234.143723,6234.154724,cycles 131163959..131163969 (11 cyc)
"tile 0,3 east master 1",PORT_IDLE_0,6234.153724,6234.154724,cycles 131163969..131163969 (1 cyc)
"tile 0,3 east master 1",PORT_IDLE_0,6234.153724,6234.203731,cycles 131163969..131164018 (50 cyc)
"tile 0,3 east master 1",PORT_IDLE_0,6234.202730,6234.203731,cycles 131164018..131164018 (1 cyc)
"tile 0,3 east master 1",PORT_IDLE_0,6234.202730,6234.213732,cycles 131164018..131164028 (11 cyc)
"tile 0,3 east master 1",PORT_IDLE_0,6234.212732,6234.213732,cycles 131164028..131164028 (1 cyc)
"tile 0,3 east master 1",PORT_IDLE_0,6234.212732,6234.263739,cycles 131164028..131164078 (51 cyc)
"tile 0,3 east master 1",PORT_IDLE_0,6234.262738,6236.120986,cycles 131164078..131165935 (1858 cyc)
"tile 0,3 east master 1",PORT_IDLE_0,6236.119986,6236.130987,cycles 131165935..131165945 (11 cyc)
"tile 0,3 east master 1",PORT_IDLE_0,6236.129987,6236.130987,cycles 131165945..131165945 (1 cyc)
"tile 0,3 east master 1",PORT_IDLE_0,6236.129987,6236.179994,cycles 131165945..131165994 (50 cyc)
"tile 0,3 east master 1",PORT_IDLE_0,6236.178993,6236.179994,cycles 131165994..131165994 (1 cyc)
"tile 0,3 east master 1",PORT_IDLE_0,6236.178993,6236.189995,cycles 131165994..131166004 (11 cyc)
"tile 0,3 east master 1",PORT_IDLE_0,6236.188995,6236.189995,cycles 131166004..131166004 (1 cyc)
"tile 0,3 east master 1",PORT_IDLE_0,6236.188995,6236.240002,cycles 131166004..131166054 (51 cyc)
"tile 0,3 east master 1",PORT_IDLE_0,6236.239001,6237.218132,cycles 131166054..131167032 (979 cyc)
"tile 0,3 east master 1",PORT_IDLE_0,6237.217132,6237.228133,cycles 131167032..131167042 (11 cyc)
"tile 0,3 east master 1",PORT_IDLE_0,6237.227133,6237.228133,cycles 131167042..131167042 (1 cyc)
"tile 0,3 east master 1",PORT_IDLE_0,6237.227133,6237.277140,cycles 131167042..131167091 (50 cyc)
"tile 0,3 east master 1",PORT_IDLE_0,6237.276139,6237.277140,cycles 131167091..131167091 (1 cyc)
"tile 0,3 east master 1",PORT_IDLE_0,6237.276139,6237.287141,cycles 131167091..131167101 (11 cyc)
"tile 0,3 east master 1",PORT_IDLE_0,6237.286141,6237.287141,cycles 131167101..131167101 (1 cyc)
"tile 0,3 east master 1",PORT_IDLE_0,6237.286141,6237.337148,cycles 131167101..131167151 (51 cyc)
"tile 0,3 east master 1",PORT_IDLE_0,6237.336147,6238.102249,cycles 131167151..131167916 (766 cyc)
"tile 0,3 east master 1",PORT_IDLE_0,6238.101249,6238.112251,cycles 131167916..131167926 (11 cyc)
"tile 0,3 east master 1",PORT_IDLE_0,6238.111251,6238.112251,cycles 131167926..131167926 (1 cyc)
"tile 0,3 east master 1",PORT_IDLE_0,6238.111251,6238.161257,cycles 131167926..131167975 (50 cyc)
"tile 0,3 east master 1",PORT_IDLE_0,6238.160257,6238.161257,cycles 131167975..131167975 (1 cyc)
"tile 0,3 east master 1",PORT_IDLE_0,6238.160257,6238.171259,cycles 131167975..131167985 (11 cyc)
"tile 0,3 east master 1",PORT_IDLE_0,6238.170258,6238.171259,cycles 131167985..131167985 (1 cyc)
"tile 0,3 east master 1",PORT_IDLE_0,6238.170258,6238.182260,cycles 131167985..131167996 (12 cyc)
"tile 0,3 east master 1",PORT_RUNNING_0,6238.181260,6238.185260,cycles 131167996..131167999 (4 cyc)
"tile 0,3 east master 1",PORT_STALLED_0,6238.184260,6238.220265,cycles 131167999..131168034 (36 cyc)
"tile 0,3 east master 1",PORT_STALLED_0,6238.219265,6238.220265,cycles 131168034..131168034 (1 cyc)
"tile 0,3 east master 1",PORT_STALLED_0,6238.219265,6238.230266,cycles 131168034..131168044 (11 cyc)
"tile 0,3 east master 1",PORT_STALLED_0,6238.229266,6238.230266,cycles 131168044..131168044 (1 cyc)
"tile 0,3 east master 1",PORT_STALLED_0,6238.229266,6238.280273,cycles 131168044..131168094 (51 cyc)
"tile 0,3 east master 1",PORT_STALLED_0,6238.279273,6238.311277,cycles 131168094..131168125 (32 cyc)
"tile 0,3 east master 1",PORT_RUNNING_0,6238.310277,6238.311277,cycles 131168125..131168125 (1 cyc)
"tile 0,3 east master 1",PORT_STALLED_0,6238.310277,6238.312277,cycles 131168125..131168126 (2 cyc)
"tile 0,3 east master 1",PORT_RUNNING_0,6238.311277,6238.313277,cycles 131168126..131168127 (2 cyc)
"tile 0,3 east master 1",PORT_STALLED_0,6238.312277,6238.315278,cycles 131168127..131168129 (3 cyc)
"tile 0,3 east master 1",PORT_RUNNING_0,6238.314278,6238.316278,cycles 131168129..131168130 (2 cyc)
"tile 0,3 east master 1",PORT_STALLED_0,6238.315278,6238.317278,cycles 131168130..131168131 (2 cyc)
"tile 0,3 east master 1",PORT_RUNNING_0,6238.316278,6238.318278,cycles 131168131..131168132 (2 cyc)
"tile 0,3 east master 1",PORT_STALLED_0,6238.317278,6238.319278,cycles 131168132..131168133 (2 cyc)
"tile 0,3 east master 1",PORT_RUNNING_0,6238.318278,6238.320278,cycles 131168133..131168134 (2 cyc)
"tile 0,3 east master 1",PORT_STALLED_0,6238.319278,6238.321279,cycles 131168134..131168135 (2 cyc)
"tile 0,3 east master 1",PORT_RUNNING_0,6238.320278,6238.323279,cycles 131168135..131168137 (3 cyc)
"tile 0,3 east master 1",PORT_STALLED_0,6238.322279,6238.327279,cycles 131168137..131168141 (5 cyc)
"tile 0,3 east master 1",PORT_RUNNING_0,6238.326279,6238.330280,cycles 131168141..131168144 (4 cyc)
"tile 0,3 east master 1",PORT_STALLED_0,6238.329280,6238.330280,cycles 131168144..131168144 (1 cyc)
"tile 0,3 east master 1",PORT_RUNNING_0,6238.329280,6238.331280,cycles 131168144..131168145 (2 cyc)
"tile 0,3 east master 1",PORT_STALLED_0,6238.330280,6238.332280,cycles 131168145..131168146 (2 cyc)
"tile 0,3 east master 1",PORT_RUNNING_0,6238.331280,6238.333280,cycles 131168146..131168147 (2 cyc)
"tile 0,3 east master 1",PORT_STALLED_0,6238.332280,6238.334280,cycles 131168147..131168148 (2 cyc)
"tile 0,3 east master 1",PORT_RUNNING_0,6238.333280,6238.335280,cycles 131168148..131168149 (2 cyc)
"tile 0,3 east master 1",PORT_STALLED_0,6238.334280,6238.336281,cycles 131168149..131168150 (2 cyc)
"tile 0,3 east master 1",PORT_RUNNING_0,6238.335280,6238.337281,cycles 131168150..131168151 (2 cyc)
"tile 0,3 east master 1",PORT_STALLED_0,6238.336281,6238.338281,cycles 131168151..131168152 (2 cyc)
"tile 0,3 east master 1",PORT_RUNNING_0,6238.337281,6238.339281,cycles 131168152..131168153 (2 cyc)
"tile 0,3 east master 1",PORT_STALLED_0,6238.338281,6238.341281,cycles 131168153..131168155 (3 cyc)
"tile 0,3 east master 1",PORT_RUNNING_0,6238.340281,6238.342281,cycles 131168155..131168156 (2 cyc)
"tile 0,3 east master 1",PORT_STALLED_0,6238.341281,6238.343281,cycles 131168156..131168157 (2 cyc)
"tile 0,3 east master 1",PORT_RUNNING_0,6238.342281,6238.343281,cycles 131168157..131168157 (1 cyc)
"tile 0,3 east master 1",PORT_IDLE_0,6238.342281,6238.774339,cycles 131168157..131168588 (432 cyc)
"tile 0,3 east master 1",PORT_IDLE_0,6238.773339,6238.784340,cycles 131168588..131168598 (11 cyc)
"tile 0,3 east master 1",PORT_IDLE_0,6238.783340,6238.784340,cycles 131168598..131168598 (1 cyc)
"tile 0,3 east master 1",PORT_IDLE_0,6238.783340,6238.833347,cycles 131168598..131168647 (50 cyc)
"tile 0,3 east master 1",PORT_IDLE_0,6238.832347,6238.833347,cycles 131168647..131168647 (1 cyc)
"tile 0,3 east master 1",PORT_IDLE_0,6238.832347,6238.843348,cycles 131168647..131168657 (11 cyc)
"tile 0,3 east master 1",PORT_IDLE_0,6238.842348,6238.843348,cycles 131168657..131168657 (1 cyc)
"tile 0,3 east master 1",PORT_IDLE_0,6238.842348,6238.893355,cycles 131168657..131168707 (51 cyc)
"tile 0,3 east master 1",PORT_IDLE_0,6238.892355,6238.896355,cycles 131168707..131168710 (4 cyc)
"tile 0,3 east master 1",PORT_IDLE_0,6238.895355,6238.906356,cycles 131168710..131168720 (11 cyc)
"tile 0,3 east master 1",PORT_IDLE_0,6238.905356,6238.906356,cycles 131168720..131168720 (1 cyc)
"tile 0,3 east master 1",PORT_IDLE_0,6238.905356,6238.955363,cycles 131168720..131168769 (50 cyc)
"tile 0,3 east master 1",PORT_IDLE_0,6238.954363,6238.955363,cycles 131168769..131168769 (1 cyc)
"tile 0,3 east master 1",PORT_IDLE_0,6238.954363,6238.965364,cycles 131168769..131168779 (11 cyc)
"tile 0,3 east master 1",PORT_IDLE_0,6238.964364,6238.965364,cycles 131168779..131168779 (1 cyc)
"tile 0,3 east master 1",PORT_IDLE_0,6238.964364,6239.015371,cycles 131168779..131168829 (51 cyc)
"tile 0,3 east master 1",PORT_IDLE_0,6239.014371,6239.747468,cycles 131168829..131169561 (733 cyc)
"tile 0,3 east master 1",PORT_IDLE_0,6239.746468,6239.757470,cycles 131169561..131169571 (11 cyc)
"tile 0,3 east master 1",PORT_IDLE_0,6239.756470,6239.757470,cycles 131169571..131169571 (1 cyc)
"tile 0,3 east master 1",PORT_IDLE_0,6239.756470,6239.806476,cycles 131169571..131169620 (50 cyc)
"tile 0,3 east master 1",PORT_IDLE_0,6239.805476,6239.806476,cycles 131169620..131169620 (1 cyc)
"tile 0,3 east master 1",PORT_IDLE_0,6239.805476,6239.816478,cycles 131169620..131169630 (11 cyc)
"tile 0,3 east master 1",PORT_IDLE_0,6239.815477,6239.816478,cycles 131169630..131169630 (1 cyc)
"tile 0,3 east master 1",PORT_IDLE_0,6239.815477,6239.866484,cycles 131169630..131169680 (51 cyc)
"tile 0,3 east master 1",PORT_IDLE_0,6239.865484,6240.061510,cycles 131169680..131169875 (196 cyc)
"tile 0,3 east master 1",PORT_IDLE_0,6240.060510,6240.071512,cycles 131169875..131169885 (11 cyc)
"tile 0,3 east master 1",PORT_IDLE_0,6240.070511,6240.071512,cycles 131169885..131169885 (1 cyc)
"tile 0,3 east master 1",PORT_IDLE_0,6240.070511,6240.120518,cycles 131169885..131169934 (50 cyc)
"tile 0,3 east master 1",PORT_IDLE_0,6240.119518,6240.120518,cycles 131169934..131169934 (1 cyc)
"tile 0,3 east master 1",PORT_IDLE_0,6240.119518,6240.130519,cycles 131169934..131169944 (11 cyc)
"tile 0,3 east master 1",PORT_IDLE_0,6240.129519,6240.130519,cycles 131169944..131169944 (1 cyc)
"tile 0,3 east master 1",PORT_IDLE_0,6240.129519,6240.141521,cycles 131169944..131169955 (12 cyc)
"tile 0,3 east master 1",PORT_RUNNING_0,6240.140521,6240.144521,cycles 131169955..131169958 (4 cyc)
"tile 0,3 east master 1",PORT_STALLED_0,6240.143521,6240.179526,cycles 131169958..131169993 (36 cyc)
"tile 0,3 east master 1",PORT_STALLED_0,6240.178526,6240.274539,cycles 131169993..131170088 (96 cyc)
"tile 0,3 east master 1",PORT_RUNNING_0,6240.273538,6240.274539,cycles 131170088..131170088 (1 cyc)
"tile 0,3 east master 1",PORT_STALLED_0,6240.273538,6240.275539,cycles 131170088..131170089 (2 cyc)
"tile 0,3 east master 1",PORT_RUNNING_0,6240.274539,6240.276539,cycles 131170089..131170090 (2 cyc)
"tile 0,3 east master 1",PORT_STALLED_0,6240.275539,6240.277539,cycles 131170090..131170091 (2 cyc)
"tile 0,3 east master 1",PORT_RUNNING_0,6240.276539,6240.278539,cycles 131170091..131170092 (2 cyc)
"tile 0,3 east master 1",PORT_STALLED_0,6240.277539,6240.279539,cycles 131170092..131170093 (2 cyc)
"tile 0,3 east master 1",PORT_RUNNING_0,6240.278539,6240.280539,cycles 131170093..131170094 (2 cyc)
"tile 0,3 east master 1",PORT_STALLED_0,6240.279539,6240.281539,cycles 131170094..131170095 (2 cyc)
"tile 0,3 east master 1",PORT_RUNNING_0,6240.280539,6240.282540,cycles 131170095..131170096 (2 cyc)
"tile 0,3 east master 1",PORT_STALLED_0,6240.281539,6240.284540,cycles 131170096..131170098 (3 cyc)
"tile 0,3 east master 1",PORT_RUNNING_0,6240.283540,6240.286540,cycles 131170098..131170100 (3 cyc)
"tile 0,3 east master 1",PORT_STALLED_0,6240.285540,6240.290541,cycles 131170100..131170104 (5 cyc)
"tile 0,3 east master 1",PORT_RUNNING_0,6240.289541,6240.293541,cycles 131170104..131170107 (4 cyc)
"tile 0,3 east master 1",PORT_STALLED_0,6240.292541,6240.293541,cycles 131170107..131170107 (1 cyc)
"tile 0,3 east master 1",PORT_RUNNING_0,6240.292541,6240.294541,cycles 131170107..131170108 (2 cyc)
"tile 0,3 east master 1",PORT_STALLED_0,6240.293541,6240.294541,cycles 131170108..131170108 (1 cyc)
"tile 0,3 east master 1",PORT_RUNNING_0,6240.293541,6240.295541,cycles 131170108..131170109 (2 cyc)
"tile 0,3 east master 1",PORT_STALLED_0,6240.294541,6240.296541,cycles 131170109..131170110 (2 cyc)
"tile 0,3 east master 1",PORT_RUNNING_0,6240.295541,6240.297542,cycles 131170110..131170111 (2 cyc)
"tile 0,3 east master 1",PORT_STALLED_0,6240.296541,6240.299542,cycles 131170111..131170113 (3 cyc)
"tile 0,3 east master 1",PORT_RUNNING_0,6240.298542,6240.300542,cycles 131170113..131170114 (2 cyc)
"tile 0,3 east master 1",PORT_STALLED_0,6240.299542,6240.301542,cycles 131170114..131170115 (2 cyc)
"tile 0,3 east master 1",PORT_RUNNING_0,6240.300542,6240.302542,cycles 131170115..131170116 (2 cyc)
"tile 0,3 east master 1",PORT_STALLED_0,6240.301542,6240.303542,cycles 131170116..131170117 (2 cyc)
"tile 0,3 east master 1",PORT_RUNNING_0,6240.302542,6240.304543,cycles 131170117..131170118 (2 cyc)
"tile 0,3 east master 1",PORT_STALLED_0,6240.303542,6240.305543,cycles 131170118..131170119 (2 cyc)
"tile 0,3 east master 1",PORT_RUNNING_0,6240.304543,6240.305543,cycles 131170119..131170119 (1 cyc)
"tile 0,3 east master 1",PORT_IDLE_0,6240.304543,6273.798000,cycles 131170119..131203607 (33489 cyc)
"tile 0,3 east master 1",PORT_IDLE_0,6273.797000,6273.808002,cycles 131203607..131203617 (11 cyc)
"tile 0,3 east master 1",PORT_IDLE_0,6273.807001,6273.808002,cycles 131203617..131203617 (1 cyc)
"tile 0,3 east master 1",PORT_IDLE_0,6273.807001,6273.858008,cycles 131203617..131203667 (51 cyc)
"tile 0,3 east master 1",PORT_IDLE_0,6273.857008,6273.858008,cycles 131203667..131203667 (1 cyc)
"tile 0,3 east master 1",PORT_IDLE_0,6273.857008,6273.868010,cycles 131203667..131203677 (11 cyc)
"tile 0,3 east master 1",PORT_IDLE_0,6273.867009,6273.868010,cycles 131203677..131203677 (1 cyc)
"tile 0,3 east master 1",PORT_IDLE_0,6273.867009,6273.917016,cycles 131203677..131203726 (50 cyc)
"tile 0,3 east master 1",PORT_IDLE_0,6273.916016,6274.109042,cycles 131203726..131203918 (193 cyc)
"tile 0,3 east master 1",PORT_IDLE_0,6274.108042,6274.119043,cycles 131203918..131203928 (11 cyc)
"tile 0,3 east master 1",PORT_IDLE_0,6274.118043,6274.119043,cycles 131203928..131203928 (1 cyc)
"tile 0,3 east master 1",PORT_IDLE_0,6274.118043,6274.169050,cycles 131203928..131203978 (51 cyc)
"tile 0,3 east master 1",PORT_IDLE_0,6274.168050,6274.169050,cycles 131203978..131203978 (1 cyc)
"tile 0,3 east master 1",PORT_IDLE_0,6274.168050,6274.179051,cycles 131203978..131203988 (11 cyc)
"tile 0,3 east master 1",PORT_IDLE_0,6274.178051,6274.179051,cycles 131203988..131203988 (1 cyc)
"tile 0,3 east master 1",PORT_IDLE_0,6274.178051,6274.228058,cycles 131203988..131204037 (50 cyc)
"tile 0,3 east master 1",PORT_IDLE_0,6274.227057,6274.262062,cycles 131204037..131204071 (35 cyc)
"tile 0,3 east master 1",PORT_IDLE_0,6274.261062,6274.272063,cycles 131204071..131204081 (11 cyc)
"tile 0,3 east master 1",PORT_IDLE_0,6274.271063,6274.272063,cycles 131204081..131204081 (1 cyc)
"tile 0,3 east master 1",PORT_IDLE_0,6274.271063,6274.322070,cycles 131204081..131204131 (51 cyc)
"tile 0,3 east master 1",PORT_IDLE_0,6274.321070,6325.815924,cycles 131204131..131255618 (51488 cyc)
"tile 0,3 east master 1",PORT_IDLE_0,6325.814923,6325.825925,cycles 131255618..131255628 (11 cyc)
"tile 0,3 east master 1",PORT_IDLE_0,6325.824925,6325.825925,cycles 131255628..131255628 (1 cyc)
"tile 0,3 east master 1",PORT_IDLE_0,6325.824925,6325.874931,cycles 131255628..131255677 (50 cyc)
"tile 0,3 east master 1",PORT_IDLE_0,6325.873931,6325.874931,cycles 131255677..131255677 (1 cyc)
"tile 0,3 east master 1",PORT_IDLE_0,6325.873931,6325.884933,cycles 131255677..131255687 (11 cyc)
"tile 0,3 east master 1",PORT_IDLE_0,6325.883933,6325.884933,cycles 131255687..131255687 (1 cyc)
"tile 0,3 east master 1",PORT_IDLE_0,6325.883933,6325.934939,cycles 131255687..131255737 (51 cyc)
"tile 0,3 east master 1",PORT_IDLE_0,6325.933939,6326.126965,cycles 131255737..131255929 (193 cyc)
"tile 0,3 east master 1",PORT_IDLE_0,6326.125965,6326.136966,cycles 131255929..131255939 (11 cyc)
"tile 0,3 east master 1",PORT_IDLE_0,6326.135966,6326.136966,cycles 131255939..131255939 (1 cyc)
"tile 0,3 east master 1",PORT_IDLE_0,6326.135966,6326.185973,cycles 131255939..131255988 (50 cyc)
"tile 0,3 east master 1",PORT_IDLE_0,6326.184973,6326.185973,cycles 131255988..131255988 (1 cyc)
"tile 0,3 east master 1",PORT_IDLE_0,6326.184973,6326.195974,cycles 131255988..131255998 (11 cyc)
"tile 0,3 east master 1",PORT_IDLE_0,6326.194974,6326.195974,cycles 131255998..131255998 (1 cyc)
"tile 0,3 east master 1",PORT_IDLE_0,6326.194974,6326.206976,cycles 131255998..131256009 (12 cyc)
"tile 0,3 east master 1",PORT_RUNNING_0,6326.205975,6326.209976,cycles 131256009..131256012 (4 cyc)
"tile 0,3 east master 1",PORT_STALLED_0,6326.208976,6326.244981,cycles 131256012..131256047 (36 cyc)
"tile 0,3 east master 1",PORT_STALLED_0,6326.243980,6326.244981,cycles 131256047..131256047 (1 cyc)
"tile 0,3 east master 1",PORT_STALLED_0,6326.243980,6326.254982,cycles 131256047..131256057 (11 cyc)
"tile 0,3 east master 1",PORT_STALLED_0,6326.253982,6326.254982,cycles 131256057..131256057 (1 cyc)
"tile 0,3 east master 1",PORT_STALLED_0,6326.253982,6326.304989,cycles 131256057..131256107 (51 cyc)
"tile 0,3 east master 1",PORT_STALLED_0,6326.303988,6326.304989,cycles 131256107..131256107 (1 cyc)
"tile 0,3 east master 1",PORT_STALLED_0,6326.303988,6326.314990,cycles 131256107..131256117 (11 cyc)
"tile 0,3 east master 1",PORT_STALLED_0,6326.313990,6326.314990,cycles 131256117..131256117 (1 cyc)
"tile 0,3 east master 1",PORT_STALLED_0,6326.313990,6326.334993,cycles 131256117..131256137 (21 cyc)
"tile 0,3 east master 1",PORT_RUNNING_0,6326.333992,6326.334993,cycles 131256137..131256137 (1 cyc)
"tile 0,3 east master 1",PORT_STALLED_0,6326.333992,6326.335993,cycles 131256137..131256138 (2 cyc)
"tile 0,3 east master 1",PORT_RUNNING_0,6326.334993,6326.336993,cycles 131256138..131256139 (2 cyc)
"tile 0,3 east master 1",PORT_STALLED_0,6326.335993,6326.337993,cycles 131256139..131256140 (2 cyc)
"tile 0,3 east master 1",PORT_RUNNING_0,6326.336993,6326.338993,cycles 131256140..131256141 (2 cyc)
"tile 0,3 east master 1",PORT_STALLED_0,6326.337993,6326.340993,cycles 131256141..131256143 (3 cyc)
"tile 0,3 east master 1",PORT_RUNNING_0,6326.339993,6326.341994,cycles 131256143..131256144 (2 cyc)
"tile 0,3 east master 1",PORT_STALLED_0,6326.340993,6326.342994,cycles 131256144..131256145 (2 cyc)
"tile 0,3 east master 1",PORT_RUNNING_0,6326.341994,6326.343994,cycles 131256145..131256146 (2 cyc)
"tile 0,3 east master 1",PORT_STALLED_0,6326.342994,6326.344994,cycles 131256146..131256147 (2 cyc)
"tile 0,3 east master 1",PORT_RUNNING_0,6326.343994,6326.346994,cycles 131256147..131256149 (3 cyc)
"tile 0,3 east master 1",PORT_STALLED_0,6326.345994,6326.350995,cycles 131256149..131256153 (5 cyc)
"tile 0,3 east master 1",PORT_RUNNING_0,6326.349995,6326.350995,cycles 131256153..131256153 (1 cyc)
"tile 0,3 east master 1",PORT_RUNNING_0,6326.349995,6326.350995,cycles 131256153..131256153 (1 cyc)
"tile 0,3 east master 1",PORT_RUNNING_0,6326.349995,6326.351995,cycles 131256153..131256154 (2 cyc)
"tile 0,3 east master 1",PORT_STALLED_0,6326.350995,6326.351995,cycles 131256154..131256154 (1 cyc)
"tile 0,3 east master 1",PORT_RUNNING_0,6326.350995,6326.352995,cycles 131256154..131256155 (2 cyc)
"tile 0,3 east master 1",PORT_STALLED_0,6326.351995,6326.353995,cycles 131256155..131256156 (2 cyc)
"tile 0,3 east master 1",PORT_RUNNING_0,6326.352995,6326.354995,cycles 131256156..131256157 (2 cyc)
"tile 0,3 east master 1",PORT_STALLED_0,6326.353995,6326.355995,cycles 131256157..131256158 (2 cyc)
"tile 0,3 east master 1",PORT_RUNNING_0,6326.354995,6326.355995,cycles 131256158..131256158 (1 cyc)
"tile 0,3 east master 1",PORT_RUNNING_0,6326.354995,6326.355995,cycles 131256158..131256158 (1 cyc)
"tile 0,3 east master 1",PORT_STALLED_0,6326.354995,6326.356996,cycles 131256158..131256159 (2 cyc)
"tile 0,3 east master 1",PORT_RUNNING_0,6326.355995,6326.357996,cycles 131256159..131256160 (2 cyc)
"tile 0,3 east master 1",PORT_STALLED_0,6326.356996,6326.358996,cycles 131256160..131256161 (2 cyc)
"tile 0,3 east master 1",PORT_RUNNING_0,6326.357996,6326.359996,cycles 131256161..131256162 (2 cyc)
"tile 0,3 east master 1",PORT_STALLED_0,6326.358996,6326.360996,cycles 131256162..131256163 (2 cyc)
"tile 0,3 east master 1",PORT_RUNNING_0,6326.359996,6326.361996,cycles 131256163..131256164 (2 cyc)
"tile 0,3 east master 1",PORT_STALLED_0,6326.360996,6326.363996,cycles 131256164..131256166 (3 cyc)
"tile 0,3 east master 1",PORT_RUNNING_0,6326.362996,6326.363996,cycles 131256166..131256166 (1 cyc)
"tile 0,3 east master 1",PORT_IDLE_0,6326.362996,6326.397001,cycles 131256166..131256199 (34 cyc)
"tile 0,3 east master 1",PORT_IDLE_0,6326.396001,6326.715043,cycles 131256199..131256517 (319 cyc)
"tile 0,3 east master 1",PORT_IDLE_0,6326.714043,6326.725045,cycles 131256517..131256527 (11 cyc)
"tile 0,3 east master 1",PORT_IDLE_0,6326.724044,6326.725045,cycles 131256527..131256527 (1 cyc)
"tile 0,3 east master 1",PORT_IDLE_0,6326.724044,6326.774051,cycles 131256527..131256576 (50 cyc)
"tile 0,3 east master 1",PORT_IDLE_0,6326.773051,6326.774051,cycles 131256576..131256576 (1 cyc)
"tile 0,3 east master 1",PORT_IDLE_0,6326.773051,6326.784052,cycles 131256576..131256586 (11 cyc)
"tile 0,3 east master 1",PORT_IDLE_0,6326.783052,6326.784052,cycles 131256586..131256586 (1 cyc)
"tile 0,3 east master 1",PORT_IDLE_0,6326.783052,6326.834059,cycles 131256586..131256636 (51 cyc)
"tile 0,3 east master 1",PORT_IDLE_0,6326.833059,6328.922337,cycles 131256636..131258724 (2089 cyc)
"tile 0,3 east master 1",PORT_IDLE_0,6328.921337,6328.932338,cycles 131258724..131258734 (11 cyc)
"tile 0,3 east master 1",PORT_IDLE_0,6328.931338,6328.932338,cycles 131258734..131258734 (1 cyc)
"tile 0,3 east master 1",PORT_IDLE_0,6328.931338,6328.981345,cycles 131258734..131258783 (50 cyc)
"tile 0,3 east master 1",PORT_IDLE_0,6328.980345,6328.981345,cycles 131258783..131258783 (1 cyc)
"tile 0,3 east master 1",PORT_IDLE_0,6328.980345,6328.991346,cycles 131258783..131258793 (11 cyc)
"tile 0,3 east master 1",PORT_IDLE_0,6328.990346,6328.991346,cycles 131258793..131258793 (1 cyc)
"tile 0,3 east master 1",PORT_IDLE_0,6328.990346,6329.041353,cycles 131258793..131258843 (51 cyc)
"tile 0,3 east master 1",PORT_IDLE_0,6329.040353,6329.674437,cycles 131258843..131259476 (634 cyc)
"tile 0,3 east master 1",PORT_IDLE_0,6329.673437,6329.684438,cycles 131259476..131259486 (11 cyc)
"tile 0,3 east master 1",PORT_IDLE_0,6329.683438,6329.684438,cycles 131259486..131259486 (1 cyc)
"tile 0,3 east master 1",PORT_IDLE_0,6329.683438,6329.733445,cycles 131259486..131259535 (50 cyc)
"tile 0,3 east master 1",PORT_IDLE_0,6329.732445,6329.733445,cycles 131259535..131259535 (1 cyc)
"tile 0,3 east master 1",PORT_IDLE_0,6329.732445,6329.743446,cycles 131259535..131259545 (11 cyc)
"tile 0,3 east master 1",PORT_IDLE_0,6329.742446,6329.743446,cycles 131259545..131259545 (1 cyc)
"tile 0,3 east master 1",PORT_IDLE_0,6329.742446,6329.754448,cycles 131259545..131259556 (12 cyc)
"tile 0,3 east master 1",PORT_RUNNING_0,6329.753448,6329.757448,cycles 131259556..131259559 (4 cyc)
"tile 0,3 east master 1",PORT_STALLED_0,6329.756448,6329.792453,cycles 131259559..131259594 (36 cyc)
"tile 0,3 east master 1",PORT_STALLED_0,6329.791453,6329.792453,cycles 131259594..131259594 (1 cyc)
"tile 0,3 east master 1",PORT_STALLED_0,6329.791453,6329.802454,cycles 131259594..131259604 (11 cyc)
"tile 0,3 east master 1",PORT_STALLED_0,6329.801454,6329.802454,cycles 131259604..131259604 (1 cyc)
"tile 0,3 east master 1",PORT_STALLED_0,6329.801454,6329.852461,cycles 131259604..131259654 (51 cyc)
"tile 0,3 east master 1",PORT_STALLED_0,6329.851461,6329.883465,cycles 131259654..131259685 (32 cyc)
"tile 0,3 east master 1",PORT_RUNNING_0,6329.882465,6329.883465,cycles 131259685..131259685 (1 cyc)
"tile 0,3 east master 1",PORT_STALLED_0,6329.882465,6329.884465,cycles 131259685..131259686 (2 cyc)
"tile 0,3 east master 1",PORT_RUNNING_0,6329.883465,6329.885465,cycles 131259686..131259687 (2 cyc)
"tile 0,3 east master 1",PORT_STALLED_0,6329.884465,6329.886465,cycles 131259687..131259688 (2 cyc)
"tile 0,3 east master 1",PORT_RUNNING_0,6329.885465,6329.887465,cycles 131259688..131259689 (2 cyc)
"tile 0,3 east master 1",PORT_STALLED_0,6329.886465,6329.888466,cycles 131259689..131259690 (2 cyc)
"tile 0,3 east master 1",PORT_RUNNING_0,6329.887465,6329.889466,cycles 131259690..131259691 (2 cyc)
"tile 0,3 east master 1",PORT_STALLED_0,6329.888466,6329.890466,cycles 131259691..131259692 (2 cyc)
"tile 0,3 east master 1",PORT_RUNNING_0,6329.889466,6329.891466,cycles 131259692..131259693 (2 cyc)
"tile 0,3 east master 1",PORT_STALLED_0,6329.890466,6329.892466,cycles 131259693..131259694 (2 cyc)
"tile 0,3 east master 1",PORT_RUNNING_0,6329.891466,6329.894466,cycles 131259694..131259696 (3 cyc)
"tile 0,3 east master 1",PORT_STALLED_0,6329.893466,6329.898467,cycles 131259696..131259700 (5 cyc)
"tile 0,3 east master 1",PORT_RUNNING_0,6329.897467,6329.901467,cycles 131259700..131259703 (4 cyc)
"tile 0,3 east master 1",PORT_STALLED_0,6329.900467,6329.901467,cycles 131259703..131259703 (1 cyc)
"tile 0,3 east master 1",PORT_RUNNING_0,6329.900467,6329.902467,cycles 131259703..131259704 (2 cyc)
"tile 0,3 east master 1",PORT_STALLED_0,6329.901467,6329.903468,cycles 131259704..131259705 (2 cyc)
"tile 0,3 east master 1",PORT_RUNNING_0,6329.902467,6329.904468,cycles 131259705..131259706 (2 cyc)
"tile 0,3 east master 1",PORT_STALLED_0,6329.903468,6329.905468,cycles 131259706..131259707 (2 cyc)
"tile 0,3 east master 1",PORT_RUNNING_0,6329.904468,6329.906468,cycles 131259707..131259708 (2 cyc)
"tile 0,3 east master 1",PORT_STALLED_0,6329.905468,6329.907468,cycles 131259708..131259709 (2 cyc)
"tile 0,3 east master 1",PORT_RUNNING_0,6329.906468,6329.908468,cycles 131259709..131259710 (2 cyc)
"tile 0,3 east master 1",PORT_STALLED_0,6329.907468,6329.910468,cycles 131259710..131259712 (3 cyc)
"tile 0,3 east master 1",PORT_RUNNING_0,6329.909468,6329.911469,cycles 131259712..131259713 (2 cyc)
"tile 0,3 east master 1",PORT_STALLED_0,6329.910468,6329.912469,cycles 131259713..131259714 (2 cyc)
"tile 0,3 east master 1",PORT_RUNNING_0,6329.911469,6329.913469,cycles 131259714..131259715 (2 cyc)
"tile 0,3 east master 1",PORT_STALLED_0,6329.912469,6329.914469,cycles 131259715..131259716 (2 cyc)
"tile 0,3 east master 1",PORT_RUNNING_0,6329.913469,6329.914469,cycles 131259716..131259716 (1 cyc)
"tile 0,3 east master 1",PORT_IDLE_0,6329.913469,6330.364529,cycles 131259716..131260166 (451 cyc)
"tile 0,3 east master 1",PORT_IDLE_0,6330.363529,6330.374530,cycles 131260166..131260176 (11 cyc)
"tile 0,3 east master 1",PORT_IDLE_0,6330.373530,6330.374530,cycles 131260176..131260176 (1 cyc)
"tile 0,3 east master 1",PORT_IDLE_0,6330.373530,6330.423537,cycles 131260176..131260225 (50 cyc)
"tile 0,3 east master 1",PORT_IDLE_0,6330.422537,6330.423537,cycles 131260225..131260225 (1 cyc)
"tile 0,3 east master 1",PORT_IDLE_0,6330.422537,6330.433538,cycles 131260225..131260235 (11 cyc)
"tile 0,3 east master 1",PORT_IDLE_0,6330.432538,6330.433538,cycles 131260235..131260235 (1 cyc)
"tile 0,3 east master 1",PORT_IDLE_0,6330.432538,6330.483545,cycles 131260235..131260285 (51 cyc)
"tile 0,3 east master 1",PORT_IDLE_0,6330.482545,6332.526817,cycles 131260285..131262328 (2044 cyc)
"tile 0,3 east master 1",PORT_IDLE_0,6332.525817,6332.536818,cycles 131262328..131262338 (11 cyc)
"tile 0,3 east master 1",PORT_IDLE_0,6332.535818,6332.536818,cycles 131262338..131262338 (1 cyc)
"tile 0,3 east master 1",PORT_IDLE_0,6332.535818,6332.585825,cycles 131262338..131262387 (50 cyc)
"tile 0,3 east master 1",PORT_IDLE_0,6332.584824,6332.585825,cycles 131262387..131262387 (1 cyc)
"tile 0,3 east master 1",PORT_IDLE_0,6332.584824,6332.595826,cycles 131262387..131262397 (11 cyc)
"tile 0,3 east master 1",PORT_IDLE_0,6332.594826,6332.595826,cycles 131262397..131262397 (1 cyc)
"tile 0,3 east master 1",PORT_IDLE_0,6332.594826,6332.645833,cycles 131262397..131262447 (51 cyc)
"tile 0,3 east master 1",PORT_IDLE_0,6332.644832,6332.943872,cycles 131262447..131262745 (299 cyc)
"tile 0,3 east master 1",PORT_IDLE_0,6332.942872,6332.953874,cycles 131262745..131262755 (11 cyc)
"tile 0,3 east master 1",PORT_IDLE_0,6332.952873,6332.953874,cycles 131262755..131262755 (1 cyc)
"tile 0,3 east master 1",PORT_IDLE_0,6332.952873,6333.002880,cycles 131262755..131262804 (50 cyc)
"tile 0,3 east master 1",PORT_IDLE_0,6333.001880,6333.002880,cycles 131262804..131262804 (1 cyc)
"tile 0,3 east master 1",PORT_IDLE_0,6333.001880,6333.012881,cycles 131262804..131262814 (11 cyc)
"tile 0,3 east master 1",PORT_IDLE_0,6333.011881,6333.012881,cycles 131262814..131262814 (1 cyc)
"tile 0,3 east master 1",PORT_IDLE_0,6333.011881,6333.062888,cycles 131262814..131262864 (51 cyc)
"tile 0,3 east master 1",PORT_IDLE_0,6333.061888,6333.257914,cycles 131262864..131263059 (196 cyc)
"tile 0,3 east master 1",PORT_IDLE_0,6333.256914,6333.267915,cycles 131263059..131263069 (11 cyc)
"tile 0,3 east master 1",PORT_IDLE_0,6333.266915,6333.267915,cycles 131263069..131263069 (1 cyc)
"tile 0,3 east master 1",PORT_IDLE_0,6333.266915,6333.316922,cycles 131263069..131263118 (50 cyc)
"tile 0,3 east master 1",PORT_IDLE_0,6333.315922,6333.316922,cycles 131263118..131263118 (1 cyc)
"tile 0,3 east master 1",PORT_IDLE_0,6333.315922,6333.326923,cycles 131263118..131263128 (11 cyc)
"tile 0,3 east master 1",PORT_IDLE_0,6333.325923,6333.326923,cycles 131263128..131263128 (1 cyc)
"tile 0,3 east master 1",PORT_IDLE_0,6333.325923,6333.337925,cycles 131263128..131263139 (12 cyc)
"tile 0,3 east master 1",PORT_RUNNING_0,6333.336925,6333.340925,cycles 131263139..131263142 (4 cyc)
"tile 0,3 east master 1",PORT_STALLED_0,6333.339925,6333.375930,cycles 131263142..131263177 (36 cyc)
"tile 0,3 east master 1",PORT_STALLED_0,6333.374930,6333.375930,cycles 131263177..131263177 (1 cyc)
"tile 0,3 east master 1",PORT_STALLED_0,6333.374930,6333.385931,cycles 131263177..131263187 (11 cyc)
"tile 0,3 east master 1",PORT_STALLED_0,6333.384931,6333.385931,cycles 131263187..131263187 (1 cyc)
"tile 0,3 east master 1",PORT_STALLED_0,6333.384931,6333.435938,cycles 131263187..131263237 (51 cyc)
"tile 0,3 east master 1",PORT_STALLED_0,6333.434938,6333.466942,cycles 131263237..131263268 (32 cyc)
"tile 0,3 east master 1",PORT_RUNNING_0,6333.465942,6333.466942,cycles 131263268..131263268 (1 cyc)
"tile 0,3 east master 1",PORT_STALLED_0,6333.465942,6333.467942,cycles 131263268..131263269 (2 cyc)
"tile 0,3 east master 1",PORT_RUNNING_0,6333.466942,6333.468942,cycles 131263269..131263270 (2 cyc)
"tile 0,3 east master 1",PORT_STALLED_0,6333.467942,6333.469942,cycles 131263270..131263271 (2 cyc)
"tile 0,3 east master 1",PORT_RUNNING_0,6333.468942,6333.470942,cycles 131263271..131263272 (2 cyc)
"tile 0,3 east master 1",PORT_STALLED_0,6333.469942,6333.471942,cycles 131263272..131263273 (2 cyc)
"tile 0,3 east master 1",PORT_RUNNING_0,6333.470942,6333.472943,cycles 131263273..131263274 (2 cyc)
"tile 0,3 east master 1",PORT_STALLED_0,6333.471942,6333.473943,cycles 131263274..131263275 (2 cyc)
"tile 0,3 east master 1",PORT_RUNNING_0,6333.472943,6333.474943,cycles 131263275..131263276 (2 cyc)
"tile 0,3 east master 1",PORT_STALLED_0,6333.473943,6333.475943,cycles 131263276..131263277 (2 cyc)
"tile 0,3 east master 1",PORT_RUNNING_0,6333.474943,6333.477943,cycles 131263277..131263279 (3 cyc)
"tile 0,3 east master 1",PORT_STALLED_0,6333.476943,6333.481944,cycles 131263279..131263283 (5 cyc)
"tile 0,3 east master 1",PORT_RUNNING_0,6333.480944,6333.484944,cycles 131263283..131263286 (4 cyc)
"tile 0,3 east master 1",PORT_STALLED_0,6333.483944,6333.484944,cycles 131263286..131263286 (1 cyc)
"tile 0,3 east master 1",PORT_RUNNING_0,6333.483944,6333.485944,cycles 131263286..131263287 (2 cyc)
"tile 0,3 east master 1",PORT_STALLED_0,6333.484944,6333.486944,cycles 131263287..131263288 (2 cyc)
"tile 0,3 east master 1",PORT_RUNNING_0,6333.485944,6333.487945,cycles 131263288..131263289 (2 cyc)
"tile 0,3 east master 1",PORT_STALLED_0,6333.486944,6333.487945,cycles 131263289..131263289 (1 cyc)
"tile 0,3 east master 1",PORT_STALLED_0,6333.486944,6333.487945,cycles 131263289..131263289 (1 cyc)
"tile 0,3 east master 1",PORT_RUNNING_0,6333.486944,6333.488945,cycles 131263289..131263290 (2 cyc)
"tile 0,3 east master 1",PORT_STALLED_0,6333.487945,6333.489945,cycles 131263290..131263291 (2 cyc)
"tile 0,3 east master 1",PORT_RUNNING_0,6333.488945,6333.490945,cycles 131263291..131263292 (2 cyc)
"tile 0,3 east master 1",PORT_STALLED_0,6333.489945,6333.492945,cycles 131263292..131263294 (3 cyc)
"tile 0,3 east master 1",PORT_RUNNING_0,6333.491945,6333.493945,cycles 131263294..131263295 (2 cyc)
"tile 0,3 east master 1",PORT_STALLED_0,6333.492945,6333.494946,cycles 131263295..131263296 (2 cyc)
"tile 0,3 east master 1",PORT_RUNNING_0,6333.493945,6333.495946,cycles 131263296..131263297 (2 cyc)
"tile 0,3 east master 1",PORT_STALLED_0,6333.494946,6333.496946,cycles 131263297..131263298 (2 cyc)
"tile 0,3 east master 1",PORT_RUNNING_0,6333.495946,6333.496946,cycles 131263298..131263298 (1 cyc)
"tile 0,3 east master 1",PORT_IDLE_0,6333.495946,6333.526950,cycles 131263298..131263328 (31 cyc)
"tile 0,3 east master 1",PORT_IDLE_0,6333.525950,6333.526950,cycles 131263328..131263328 (1 cyc)
"tile 0,3 east master 1",PORT_IDLE_0,6333.525950,6333.536951,cycles 131263328..131263338 (11 cyc)
"tile 0,3 east master 1",PORT_IDLE_0,6333.535951,6333.536951,cycles 131263338..131263338 (1 cyc)
"tile 0,3 east master 1",PORT_IDLE_0,6333.535951,6333.586958,cycles 131263338..131263388 (51 cyc)
"tile 0,3 east master 1",PORT_IDLE_0,6333.585958,6333.637965,cycles 131263388..131263439 (52 cyc)
"tile 0,3 east master 1",PORT_IDLE_0,6333.636964,6333.647966,cycles 131263439..131263449 (11 cyc)
"tile 0,3 east master 1",PORT_IDLE_0,6333.646966,6333.647966,cycles 131263449..131263449 (1 cyc)
"tile 0,3 east master 1",PORT_IDLE_0,6333.646966,6333.696972,cycles 131263449..131263498 (50 cyc)
"tile 0,3 east master 1",PORT_IDLE_0,6333.695972,6333.696972,cycles 131263498..131263498 (1 cyc)
"tile 0,3 east master 1",PORT_IDLE_0,6333.695972,6333.706974,cycles 131263498..131263508 (11 cyc)
"tile 0,3 east master 1",PORT_IDLE_0,6333.705974,6333.706974,cycles 131263508..131263508 (1 cyc)
"tile 0,3 east master 1",PORT_IDLE_0,6333.705974,6333.756980,cycles 131263508..131263558 (51 cyc)
"tile 0,3 east master 1",PORT_IDLE_0,6333.755980,6333.819989,cycles 131263558..131263621 (64 cyc)
"tile 0,3 east master 1",PORT_IDLE_0,6333.818989,6333.829990,cycles 131263621..131263631 (11 cyc)
"tile 0,3 east master 1",PORT_IDLE_0,6333.828990,6333.829990,cycles 131263631..131263631 (1 cyc)
"tile 0,3 east master 1",PORT_IDLE_0,6333.828990,6333.878997,cycles 131263631..131263680 (50 cyc)
"tile 0,3 east master 1",PORT_IDLE_0,6333.877997,6333.878997,cycles 131263680..131263680 (1 cyc)
"tile 0,3 east master 1",PORT_IDLE_0,6333.877997,6333.888998,cycles 131263680..131263690 (11 cyc)
"tile 0,3 east master 1",PORT_IDLE_0,6333.887998,6333.888998,cycles 131263690..131263690 (1 cyc)
"tile 0,3 east master 1",PORT_IDLE_0,6333.887998,6333.939005,cycles 131263690..131263740 (51 cyc)
"tile 0,3 east master 1",PORT_IDLE_0,6333.938005,6334.038018,cycles 131263740..131263839 (100 cyc)
"tile 0,3 east master 1",PORT_IDLE_0,6334.037018,6334.048019,cycles 131263839..131263849 (11 cyc)
"tile 0,3 east master 1",PORT_IDLE_0,6334.047019,6334.048019,cycles 131263849..131263849 (1 cyc)
"tile 0,3 east master 1",PORT_IDLE_0,6334.047019,6334.097026,cycles 131263849..131263898 (50 cyc)
"tile 0,3 east master 1",PORT_IDLE_0,6334.096026,6334.097026,cycles 131263898..131263898 (1 cyc)
"tile 0,3 east master 1",PORT_IDLE_0,6334.096026,6334.107027,cycles 131263898..131263908 (11 cyc)
"tile 0,3 east master 1",PORT_IDLE_0,6334.106027,6334.107027,cycles 131263908..131263908 (1 cyc)
"tile 0,3 east master 1",PORT_IDLE_0,6334.106027,6334.118028,cycles 131263908..131263919 (12 cyc)
"tile 0,3 east master 1",PORT_RUNNING_0,6334.117028,6334.121029,cycles 131263919..131263922 (4 cyc)
"tile 0,3 east master 1",PORT_STALLED_0,6334.120029,6334.156034,cycles 131263922..131263957 (36 cyc)
"tile 0,3 east master 1",PORT_STALLED_0,6334.155033,6334.251046,cycles 131263957..131264052 (96 cyc)
"tile 0,3 east master 1",PORT_RUNNING_0,6334.250046,6334.251046,cycles 131264052..131264052 (1 cyc)
"tile 0,3 east master 1",PORT_STALLED_0,6334.250046,6334.252046,cycles 131264052..131264053 (2 cyc)
"tile 0,3 east master 1",PORT_RUNNING_0,6334.251046,6334.253046,cycles 131264053..131264054 (2 cyc)
"tile 0,3 east master 1",PORT_STALLED_0,6334.252046,6334.254047,cycles 131264054..131264055 (2 cyc)
"tile 0,3 east master 1",PORT_RUNNING_0,6334.253046,6334.255047,cycles 131264055..131264056 (2 cyc)
"tile 0,3 east master 1",PORT_STALLED_0,6334.254047,6334.256047,cycles 131264056..131264057 (2 cyc)
"tile 0,3 east master 1",PORT_RUNNING_0,6334.255047,6334.257047,cycles 131264057..131264058 (2 cyc)
"tile 0,3 east master 1",PORT_STALLED_0,6334.256047,6334.258047,cycles 131264058..131264059 (2 cyc)
"tile 0,3 east master 1",PORT_RUNNING_0,6334.257047,6334.259047,cycles 131264059..131264060 (2 cyc)
"tile 0,3 east master 1",PORT_STALLED_0,6334.258047,6334.261047,cycles 131264060..131264062 (3 cyc)
"tile 0,3 east master 1",PORT_RUNNING_0,6334.260047,6334.263048,cycles 131264062..131264064 (3 cyc)
"tile 0,3 east master 1",PORT_STALLED_0,6334.262048,6334.267048,cycles 131264064..131264068 (5 cyc)
"tile 0,3 east master 1",PORT_RUNNING_0,6334.266048,6334.270049,cycles 131264068..131264071 (4 cyc)
"tile 0,3 east master 1",PORT_STALLED_0,6334.269049,6334.270049,cycles 131264071..131264071 (1 cyc)
"tile 0,3 east master 1",PORT_RUNNING_0,6334.269049,6334.271049,cycles 131264071..131264072 (2 cyc)
"tile 0,3 east master 1",PORT_STALLED_0,6334.270049,6334.271049,cycles 131264072..131264072 (1 cyc)
"tile 0,3 east master 1",PORT_RUNNING_0,6334.270049,6334.272049,cycles 131264072..131264073 (2 cyc)
"tile 0,3 east master 1",PORT_STALLED_0,6334.271049,6334.273049,cycles 131264073..131264074 (2 cyc)
"tile 0,3 east master 1",PORT_RUNNING_0,6334.272049,6334.274049,cycles 131264074..131264075 (2 cyc)
"tile 0,3 east master 1",PORT_STALLED_0,6334.273049,6334.276049,cycles 131264075..131264077 (3 cyc)
"tile 0,3 east master 1",PORT_RUNNING_0,6334.275049,6334.277050,cycles 131264077..131264078 (2 cyc)
"tile 0,3 east master 1",PORT_STALLED_0,6334.276049,6334.290051,cycles 131264078..131264091 (14 cyc)
"tile 0,3 east master 1",PORT_RUNNING_0,6334.289051,6334.291051,cycles 131264091..131264092 (2 cyc)
"tile 0,3 east master 1",PORT_STALLED_0,6334.290051,6334.308054,cycles 131264092..131264109 (18 cyc)
"tile 0,3 east master 1",PORT_RUNNING_0,6334.307054,6334.309054,cycles 131264109..131264110 (2 cyc)
"tile 0,3 east master 1",PORT_STALLED_0,6334.308054,6334.326056,cycles 131264110..131264127 (18 cyc)
"tile 0,3 east master 1",PORT_RUNNING_0,6334.325056,6334.326056,cycles 131264127..131264127 (1 cyc)
"tile 0,3 east master 1",PORT_IDLE_0,6334.325056,6360.927597,cycles 131264127..131290725 (26599 cyc)
"tile 0,3 dma mm2s 0",LOCK_SEL0_ACQ_GE_MEM,6146.862106,6146.863106,cycles 131076689..131076689 (1 cyc)
"tile 0,3 dma mm2s 0",DMA_MM2S_0_START_TASK_MEM,6148.358305,6148.359305,cycles 131078185..131078185 (1 cyc)
"tile 0,3 dma mm2s 0",DMA_MM2S_0_STALLED_LOCK_MEM,6148.366306,6148.367306,cycles 131078193..131078193 (1 cyc)
"tile 0,3 dma mm2s 0",DMA_MM2S_0_STALLED_LOCK_MEM,6148.366306,6177.669206,cycles 131078193..131107491 (29299 cyc)
"tile 0,3 dma mm2s 0",DMA_MM2S_0_STALLED_LOCK_MEM|LOCK_SEL0_ACQ_GE_MEM,6177.668206,6177.669206,cycles 131107491..131107491 (1 cyc)
"tile 0,3 dma mm2s 0",DMA_MM2S_0_STALLED_LOCK_MEM,6177.668206,6177.698210,cycles 131107491..131107520 (30 cyc)
"tile 0,3 dma mm2s 0",DMA_MM2S_0_STALLED_LOCK_MEM|LOCK_0_REL_MEM,6177.697210,6177.698210,cycles 131107520..131107520 (1 cyc)
"tile 0,3 dma mm2s 0",DMA_MM2S_0_STALLED_LOCK_MEM,6177.697210,6177.960245,cycles 131107520..131107782 (263 cyc)
"tile 0,3 dma mm2s 0",DMA_MM2S_0_STALLED_LOCK_MEM|LOCK_SEL0_ACQ_GE_MEM,6177.959245,6177.960245,cycles 131107782..131107782 (1 cyc)
"tile 0,3 dma mm2s 0",DMA_MM2S_0_STALLED_LOCK_MEM,6177.959245,6178.013252,cycles 131107782..131107835 (54 cyc)
"tile 0,3 dma mm2s 0",DMA_MM2S_0_STALLED_LOCK_MEM|LOCK_0_REL_MEM,6178.012252,6178.013252,cycles 131107835..131107835 (1 cyc)
"tile 0,3 dma mm2s 0",DMA_MM2S_0_STALLED_LOCK_MEM,6178.012252,6178.140269,cycles 131107835..131107962 (128 cyc)
"tile 0,3 dma mm2s 0",DMA_MM2S_0_STALLED_LOCK_MEM|LOCK_SEL0_ACQ_GE_MEM,6178.139269,6178.140269,cycles 131107962..131107962 (1 cyc)
"tile 0,3 dma mm2s 0",DMA_MM2S_0_STALLED_LOCK_MEM,6178.139269,6178.170273,cycles 131107962..131107992 (31 cyc)
"tile 0,3 dma mm2s 0",DMA_MM2S_0_STALLED_LOCK_MEM|LOCK_0_REL_MEM,6178.169273,6178.170273,cycles 131107992..131107992 (1 cyc)
"tile 0,3 dma mm2s 0",DMA_MM2S_0_STALLED_LOCK_MEM,6178.169273,6178.315292,cycles 131107992..131108137 (146 cyc)
"tile 0,3 dma mm2s 0",DMA_MM2S_0_STALLED_LOCK_MEM|LOCK_SEL0_ACQ_GE_MEM,6178.314292,6178.315292,cycles 131108137..131108137 (1 cyc)
"tile 0,3 dma mm2s 0",DMA_MM2S_0_STALLED_LOCK_MEM,6178.314292,6229.789143,cycles 131108137..131159604 (51468 cyc)
"tile 0,3 dma mm2s 0",DMA_MM2S_0_STALLED_LOCK_MEM|LOCK_0_REL_MEM,6229.788143,6229.789143,cycles 131159604..131159604 (1 cyc)
"tile 0,3 dma mm2s 0",DMA_MM2S_0_STALLED_LOCK_MEM|LOCK_SEL0_ACQ_GE_MEM,6229.788143,6229.789143,cycles 131159604..131159604 (1 cyc)
"tile 0,3 dma mm2s 0",DMA_MM2S_0_STALLED_LOCK_MEM,6229.788143,6230.107185,cycles 131159604..131159922 (319 cyc)
"tile 0,3 dma mm2s 0",DMA_MM2S_0_STREAM_BACKPRESSURE_MEM,6230.115186,6230.116187,cycles 131159931..131159931 (1 cyc)
"tile 0,3 dma mm2s 0",DMA_MM2S_0_STREAM_BACKPRESSURE_MEM,6230.123187,6230.124188,cycles 131159939..131159939 (1 cyc)
"tile 0,3 dma mm2s 0",DMA_MM2S_0_FINISHED_BD_MEM,6230.124188,6230.125188,cycles 131159940..131159940 (1 cyc)
"tile 0,3 dma mm2s 0",DMA_MM2S_0_STALLED_LOCK_MEM,6230.125188,6230.126188,cycles 131159941..131159941 (1 cyc)
"tile 0,3 dma mm2s 0",DMA_MM2S_0_STALLED_LOCK_MEM,6230.125188,6230.129188,cycles 131159941..131159944 (4 cyc)
"tile 0,3 dma mm2s 0",DMA_MM2S_0_STALLED_LOCK_MEM|DMA_MM2S_0_STREAM_BACKPRESSURE_MEM,6230.128188,6230.129188,cycles 131159944..131159944 (1 cyc)
"tile 0,3 dma mm2s 0",DMA_MM2S_0_STALLED_LOCK_MEM,6230.128188,6230.136189,cycles 131159944..131159951 (8 cyc)
"tile 0,3 dma mm2s 0",DMA_MM2S_0_STALLED_LOCK_MEM|DMA_MM2S_0_STREAM_BACKPRESSURE_MEM,6230.135189,6230.162193,cycles 131159951..131159977 (27 cyc)
"tile 0,3 dma mm2s 0",DMA_MM2S_0_STALLED_LOCK_MEM|DMA_MM2S_0_STREAM_BACKPRESSURE_MEM|LOCK_0_REL_MEM,6230.161193,6230.162193,cycles 131159977..131159977 (1 cyc)
"tile 0,3 dma mm2s 0",DMA_MM2S_0_STALLED_LOCK_MEM|DMA_MM2S_0_STREAM_BACKPRESSURE_MEM|LOCK_SEL0_ACQ_GE_MEM,6230.161193,6230.162193,cycles 131159977..131159977 (1 cyc)
"tile 0,3 dma mm2s 0",DMA_MM2S_0_STALLED_LOCK_MEM|DMA_MM2S_0_STREAM_BACKPRESSURE_MEM,6230.161193,6230.170194,cycles 131159977..131159985 (9 cyc)
"tile 0,3 dma mm2s 0",DMA_MM2S_0_STALLED_LOCK_MEM,6230.169194,6230.285209,cycles 131159985..131160100 (116 cyc)
"tile 0,3 dma mm2s 0",DMA_MM2S_0_STALLED_LOCK_MEM|LOCK_0_REL_MEM,6230.284209,6230.285209,cycles 131160100..131160100 (1 cyc)
"tile 0,3 dma mm2s 0",DMA_MM2S_0_STALLED_LOCK_MEM,6230.284209,6230.285209,cycles 131160100..131160100 (1 cyc)
"tile 0,3 dma mm2s 0",DMA_MM2S_0_STALLED_LOCK_MEM|LOCK_SEL0_ACQ_GE_MEM,6230.284209,6230.285209,cycles 131160100..131160100 (1 cyc)
"tile 0,3 dma mm2s 0",DMA_MM2S_0_STALLED_LOCK_MEM,6230.284209,6231.761405,cycles 131160100..131161576 (1477 cyc)
"tile 0,3 dma mm2s 0",DMA_MM2S_0_STALLED_LOCK_MEM|LOCK_0_REL_MEM,6231.760405,6231.761405,cycles 131161576..131161576 (1 cyc)
"tile 0,3 dma mm2s 0",DMA_MM2S_0_STALLED_LOCK_MEM,6231.760405,6231.761405,cycles 131161576..131161576 (1 cyc)
"tile 0,3 dma mm2s 0",DMA_MM2S_0_STALLED_LOCK_MEM|LOCK_SEL0_ACQ_GE_MEM,6231.760405,6231.761405,cycles 131161576..131161576 (1 cyc)
"tile 0,3 dma mm2s 0",DMA_MM2S_0_STALLED_LOCK_MEM,6231.760405,6232.844550,cycles 131161576..131162659 (1084 cyc)
"tile 0,3 dma mm2s 0",DMA_MM2S_0_STALLED_LOCK_MEM|LOCK_0_REL_MEM,6232.843550,6232.844550,cycles 131162659..131162659 (1 cyc)
"tile 0,3 dma mm2s 0",DMA_MM2S_0_STALLED_LOCK_MEM,6232.843550,6232.844550,cycles 131162659..131162659 (1 cyc)
"tile 0,3 dma mm2s 0",DMA_MM2S_0_STALLED_LOCK_MEM|LOCK_SEL0_ACQ_GE_MEM,6232.843550,6232.844550,cycles 131162659..131162659 (1 cyc)
"tile 0,3 dma mm2s 0",DMA_MM2S_0_STALLED_LOCK_MEM,6232.843550,6233.141589,cycles 131162659..131162956 (298 cyc)
"tile 0,3 dma mm2s 0",DMA_MM2S_0_STREAM_BACKPRESSURE_MEM,6233.149590,6233.150590,cycles 131162965..131162965 (1 cyc)
"tile 0,3 dma mm2s 0",DMA_MM2S_0_STREAM_BACKPRESSURE_MEM,6233.157591,6233.158591,cycles 131162973..131162973 (1 cyc)
"tile 0,3 dma mm2s 0",DMA_MM2S_0_FINISHED_BD_MEM,6233.158591,6233.159592,cycles 131162974..131162974 (1 cyc)
"tile 0,3 dma mm2s 0",DMA_MM2S_0_STALLED_LOCK_MEM,6233.159592,6233.160592,cycles 131162975..131162975 (1 cyc)
"tile 0,3 dma mm2s 0",DMA_MM2S_0_STALLED_LOCK_MEM,6233.159592,6233.163592,cycles 131162975..131162978 (4 cyc)
"tile 0,3 dma mm2s 0",DMA_MM2S_0_STALLED_LOCK_MEM|DMA_MM2S_0_STREAM_BACKPRESSURE_MEM,6233.162592,6233.163592,cycles 131162978..131162978 (1 cyc)
"tile 0,3 dma mm2s 0",DMA_MM2S_0_STALLED_LOCK_MEM,6233.162592,6233.170593,cycles 131162978..131162985 (8 cyc)
"tile 0,3 dma mm2s 0",DMA_MM2S_0_STALLED_LOCK_MEM|DMA_MM2S_0_STREAM_BACKPRESSURE_MEM,6233.169593,6233.196596,cycles 131162985..131163011 (27 cyc)
"tile 0,3 dma mm2s 0",DMA_MM2S_0_STALLED_LOCK_MEM|DMA_MM2S_0_STREAM_BACKPRESSURE_MEM|LOCK_0_REL_MEM,6233.195596,6233.196596,cycles 131163011..131163011 (1 cyc)
"tile 0,3 dma mm2s 0",DMA_MM2S_0_STALLED_LOCK_MEM|DMA_MM2S_0_STREAM_BACKPRESSURE_MEM|LOCK_SEL0_ACQ_GE_MEM,6233.195596,6233.196596,cycles 131163011..131163011 (1 cyc)
"tile 0,3 dma mm2s 0",DMA_MM2S_0_STALLED_LOCK_MEM|DMA_MM2S_0_STREAM_BACKPRESSURE_MEM,6233.195596,6233.204598,cycles 131163011..131163019 (9 cyc)
"tile 0,3 dma mm2s 0",DMA_MM2S_0_STALLED_LOCK_MEM,6233.203597,6233.848683,cycles 131163019..131163663 (645 cyc)
"tile 0,3 dma mm2s 0",DMA_MM2S_0_STALLED_LOCK_MEM|LOCK_0_REL_MEM,6233.847683,6233.848683,cycles 131163663..131163663 (1 cyc)
"tile 0,3 dma mm2s 0",DMA_MM2S_0_STALLED_LOCK_MEM|LOCK_SEL0_ACQ_GE_MEM,6233.847683,6233.848683,cycles 131163663..131163663 (1 cyc)
"tile 0,3 dma mm2s 0",DMA_MM2S_0_STALLED_LOCK_MEM,6233.847683,6235.829947,cycles 131163663..131165644 (1982 cyc)
"tile 0,3 dma mm2s 0",DMA_MM2S_0_STALLED_LOCK_MEM|LOCK_0_REL_MEM,6235.828947,6235.829947,cycles 131165644..131165644 (1 cyc)
"tile 0,3 dma mm2s 0",DMA_MM2S_0_STALLED_LOCK_MEM|LOCK_SEL0_ACQ_GE_MEM,6235.828947,6235.829947,cycles 131165644..131165644 (1 cyc)
"tile 0,3 dma mm2s 0",DMA_MM2S_0_STALLED_LOCK_MEM,6235.828947,6236.932094,cycles 131165644..131166746 (1103 cyc)
"tile 0,3 dma mm2s 0",DMA_MM2S_0_STALLED_LOCK_MEM|LOCK_0_REL_MEM,6236.931094,6236.932094,cycles 131166746..131166746 (1 cyc)
"tile 0,3 dma mm2s 0",DMA_MM2S_0_STALLED_LOCK_MEM|LOCK_SEL0_ACQ_GE_MEM,6236.931094,6236.932094,cycles 131166746..131166746 (1 cyc)
"tile 0,3 dma mm2s 0",DMA_MM2S_0_STALLED_LOCK_MEM,6236.931094,6237.823212,cycles 131166746..131167637 (892 cyc)
"tile 0,3 dma mm2s 0",DMA_MM2S_0_STREAM_BACKPRESSURE_MEM,6237.831213,6237.832213,cycles 131167646..131167646 (1 cyc)
"tile 0,3 dma mm2s 0",DMA_MM2S_0_STREAM_BACKPRESSURE_MEM,6237.839214,6237.840215,cycles 131167654..131167654 (1 cyc)
"tile 0,3 dma mm2s 0",DMA_MM2S_0_STREAM_BACKPRESSURE_MEM,6237.839214,6237.840215,cycles 131167654..131167654 (1 cyc)
"tile 0,3 dma mm2s 0",DMA_MM2S_0_FINISHED_BD_MEM|DMA_MM2S_0_STREAM_BACKPRESSURE_MEM,6237.839214,6237.840215,cycles 131167654..131167654 (1 cyc)
"tile 0,3 dma mm2s 0",DMA_MM2S_0_STREAM_BACKPRESSURE_MEM,6237.839214,6237.840215,cycles 131167654..131167654 (1 cyc)
"tile 0,3 dma mm2s 0",DMA_MM2S_0_STALLED_LOCK_MEM|DMA_MM2S_0_STREAM_BACKPRESSURE_MEM,6237.839214,6237.880220,cycles 131167654..131167694 (41 cyc)
"tile 0,3 dma mm2s 0",DMA_MM2S_0_STALLED_LOCK_MEM|DMA_MM2S_0_STREAM_BACKPRESSURE_MEM|LOCK_0_REL_MEM,6237.879220,6237.880220,cycles 131167694..131167694 (1 cyc)
"tile 0,3 dma mm2s 0",DMA_MM2S_0_STALLED_LOCK_MEM|DMA_MM2S_0_STREAM_BACKPRESSURE_MEM|LOCK_SEL0_ACQ_GE_MEM,6237.879220,6237.880220,cycles 131167694..131167694 (1 cyc)
"tile 0,3 dma mm2s 0",DMA_MM2S_0_STALLED_LOCK_MEM|DMA_MM2S_0_STREAM_BACKPRESSURE_MEM,6237.879220,6237.964231,cycles 131167694..131167778 (85 cyc)
"tile 0,3 dma mm2s 0",DMA_MM2S_0_STALLED_LOCK_MEM,6237.963231,6237.964231,cycles 131167778..131167778 (1 cyc)
"tile 0,3 dma mm2s 0",DMA_MM2S_0_STALLED_LOCK_MEM|DMA_MM2S_0_STREAM_BACKPRESSURE_MEM,6237.963231,6237.965231,cycles 131167778..131167779 (2 cyc)
"tile 0,3 dma mm2s 0",DMA_MM2S_0_STALLED_LOCK_MEM,6237.964231,6237.966231,cycles 131167779..131167780 (2 cyc)
"tile 0,3 dma mm2s 0",DMA_MM2S_0_STALLED_LOCK_MEM|DMA_MM2S_0_STREAM_BACKPRESSURE_MEM,6237.965231,6237.968232,cycles 131167780..131167782 (3 cyc)
"tile 0,3 dma mm2s 0",DMA_MM2S_0_STALLED_LOCK_MEM,6237.967231,6237.969232,cycles 131167782..131167783 (2 cyc)
"tile 0,3 dma mm2s 0",DMA_MM2S_0_STALLED_LOCK_MEM|DMA_MM2S_0_STREAM_BACKPRESSURE_MEM,6237.968232,6237.970232,cycles 131167783..131167784 (2 cyc)
"tile 0,3 dma mm2s 0",DMA_MM2S_0_STALLED_LOCK_MEM,6237.969232,6237.971232,cycles 131167784..131167785 (2 cyc)
"tile 0,3 dma mm2s 0",DMA_MM2S_0_STALLED_LOCK_MEM|DMA_MM2S_0_STREAM_BACKPRESSURE_MEM,6237.970232,6237.972232,cycles 131167785..131167786 (2 cyc)
"tile 0,3 dma mm2s 0",DMA_MM2S_0_STALLED_LOCK_MEM,6237.971232,6237.973232,cycles 131167786..131167787 (2 cyc)
"tile 0,3 dma mm2s 0",DMA_MM2S_0_STALLED_LOCK_MEM|DMA_MM2S_0_STREAM_BACKPRESSURE_MEM,6237.972232,6237.974232,cycles 131167787..131167788 (2 cyc)
"tile 0,3 dma mm2s 0",DMA_MM2S_0_STALLED_LOCK_MEM,6237.973232,6237.976233,cycles 131167788..131167790 (3 cyc)
"tile 0,3 dma mm2s 0",DMA_MM2S_0_STALLED_LOCK_MEM|DMA_MM2S_0_STREAM_BACKPRESSURE_MEM,6237.975233,6237.980233,cycles 131167790..131167794 (5 cyc)
"tile 0,3 dma mm2s 0",DMA_MM2S_0_STALLED_LOCK_MEM,6237.979233,6237.983234,cycles 131167794..131167797 (4 cyc)
"tile 0,3 dma mm2s 0",DMA_MM2S_0_STALLED_LOCK_MEM|DMA_MM2S_0_STREAM_BACKPRESSURE_MEM,6237.982233,6237.983234,cycles 131167797..131167797 (1 cyc)
"tile 0,3 dma mm2s 0",DMA_MM2S_0_STALLED_LOCK_MEM,6237.982233,6237.984234,cycles 131167797..131167798 (2 cyc)
"tile 0,3 dma mm2s 0",DMA_MM2S_0_STALLED_LOCK_MEM|DMA_MM2S_0_STREAM_BACKPRESSURE_MEM,6237.983234,6237.985234,cycles 131167798..131167799 (2 cyc)
"tile 0,3 dma mm2s 0",DMA_MM2S_0_STALLED_LOCK_MEM,6237.984234,6237.986234,cycles 131167799..131167800 (2 cyc)
"tile 0,3 dma mm2s 0",DMA_MM2S_0_STALLED_LOCK_MEM|DMA_MM2S_0_STREAM_BACKPRESSURE_MEM,6237.985234,6237.987234,cycles 131167800..131167801 (2 cyc)
"tile 0,3 dma mm2s 0",DMA_MM2S_0_STALLED_LOCK_MEM,6237.986234,6238.507303,cycles 131167801..131168321 (521 cyc)
"tile 0,3 dma mm2s 0",DMA_MM2S_0_STALLED_LOCK_MEM|LOCK_0_REL_MEM,6238.506303,6238.507303,cycles 131168321..131168321 (1 cyc)
"tile 0,3 dma mm2s 0",DMA_MM2S_0_STALLED_LOCK_MEM|LOCK_SEL0_ACQ_GE_MEM,6238.506303,6238.507303,cycles 131168321..131168321 (1 cyc)
"tile 0,3 dma mm2s 0",DMA_MM2S_0_STALLED_LOCK_MEM,6238.506303,6238.634320,cycles 131168321..131168448 (128 cyc)
"tile 0,3 dma mm2s 0",DMA_MM2S_0_STALLED_LOCK_MEM|LOCK_0_REL_MEM,6238.633320,6238.634320,cycles 131168448..131168448 (1 cyc)
"tile 0,3 dma mm2s 0",DMA_MM2S_0_STALLED_LOCK_MEM|LOCK_SEL0_ACQ_GE_MEM,6238.633320,6238.634320,cycles 131168448..131168448 (1 cyc)
"tile 0,3 dma mm2s 0",DMA_MM2S_0_STALLED_LOCK_MEM,6238.633320,6239.490434,cycles 131168448..131169304 (857 cyc)
"tile 0,3 dma mm2s 0",DMA_MM2S_0_STALLED_LOCK_MEM|LOCK_0_REL_MEM,6239.489434,6239.490434,cycles 131169304..131169304 (1 cyc)
"tile 0,3 dma mm2s 0",DMA_MM2S_0_STALLED_LOCK_MEM,6239.489434,6239.812477,cycles 131169304..131169626 (323 cyc)
"tile 0,3 dma mm2s 0",DMA_MM2S_0_STREAM_BACKPRESSURE_MEM,6239.820478,6239.821478,cycles 131169635..131169635 (1 cyc)
"tile 0,3 dma mm2s 0",DMA_MM2S_0_STREAM_BACKPRESSURE_MEM,6239.828479,6239.829479,cycles 131169643..131169643 (1 cyc)
"tile 0,3 dma mm2s 0",DMA_MM2S_0_STREAM_BACKPRESSURE_MEM,6239.828479,6239.829479,cycles 131169643..131169643 (1 cyc)
"tile 0,3 dma mm2s 0",DMA_MM2S_0_FINISHED_BD_MEM|DMA_MM2S_0_STREAM_BACKPRESSURE_MEM,6239.828479,6239.829479,cycles 131169643..131169643 (1 cyc)
"tile 0,3 dma mm2s 0",DMA_MM2S_0_STREAM_BACKPRESSURE_MEM,6239.828479,6239.829479,cycles 131169643..131169643 (1 cyc)
"tile 0,3 dma mm2s 0",DMA_MM2S_0_STALLED_LOCK_MEM|DMA_MM2S_0_STREAM_BACKPRESSURE_MEM,6239.828479,6239.956496,cycles 131169643..131169770 (128 cyc)
"tile 0,3 dma mm2s 0",DMA_MM2S_0_STALLED_LOCK_MEM,6239.955496,6239.956496,cycles 131169770..131169770 (1 cyc)
"tile 0,3 dma mm2s 0",DMA_MM2S_0_STALLED_LOCK_MEM|DMA_MM2S_0_STREAM_BACKPRESSURE_MEM,6239.955496,6239.957496,cycles 131169770..131169771 (2 cyc)
"tile 0,3 dma mm2s 0",DMA_MM2S_0_STALLED_LOCK_MEM,6239.956496,6239.958496,cycles 131169771..131169772 (2 cyc)
"tile 0,3 dma mm2s 0",DMA_MM2S_0_STALLED_LOCK_MEM|DMA_MM2S_0_STREAM_BACKPRESSURE_MEM,6239.957496,6239.959497,cycles 131169772..131169773 (2 cyc)
"tile 0,3 dma mm2s 0",DMA_MM2S_0_STALLED_LOCK_MEM,6239.958496,6239.960497,cycles 131169773..131169774 (2 cyc)
"tile 0,3 dma mm2s 0",DMA_MM2S_0_STALLED_LOCK_MEM|DMA_MM2S_0_STREAM_BACKPRESSURE_MEM,6239.959497,6239.961497,cycles 131169774..131169775 (2 cyc)
"tile 0,3 dma mm2s 0",DMA_MM2S_0_STALLED_LOCK_MEM,6239.960497,6239.962497,cycles 131169775..131169776 (2 cyc)
"tile 0,3 dma mm2s 0",DMA_MM2S_0_STALLED_LOCK_MEM|DMA_MM2S_0_STREAM_BACKPRESSURE_MEM,6239.961497,6239.963497,cycles 131169776..131169777 (2 cyc)
"tile 0,3 dma mm2s 0",DMA_MM2S_0_STALLED_LOCK_MEM,6239.962497,6239.964497,cycles 131169777..131169778 (2 cyc)
"tile 0,3 dma mm2s 0",DMA_MM2S_0_STALLED_LOCK_MEM|DMA_MM2S_0_STREAM_BACKPRESSURE_MEM,6239.963497,6239.966498,cycles 131169778..131169780 (3 cyc)
"tile 0,3 dma mm2s 0",DMA_MM2S_0_STALLED_LOCK_MEM,6239.965497,6239.968498,cycles 131169780..131169782 (3 cyc)
"tile 0,3 dma mm2s 0",DMA_MM2S_0_STALLED_LOCK_MEM|DMA_MM2S_0_STREAM_BACKPRESSURE_MEM,6239.967498,6239.972498,cycles 131169782..131169786 (5 cyc)
"tile 0,3 dma mm2s 0",DMA_MM2S_0_STALLED_LOCK_MEM,6239.971498,6239.975499,cycles 131169786..131169789 (4 cyc)
"tile 0,3 dma mm2s 0",DMA_MM2S_0_STALLED_LOCK_MEM|DMA_MM2S_0_STREAM_BACKPRESSURE_MEM,6239.974499,6239.975499,cycles 131169789..131169789 (1 cyc)
"tile 0,3 dma mm2s 0",DMA_MM2S_0_STALLED_LOCK_MEM,6239.974499,6239.976499,cycles 131169789..131169790 (2 cyc)
"tile 0,3 dma mm2s 0",DMA_MM2S_0_STALLED_LOCK_MEM|DMA_MM2S_0_STREAM_BACKPRESSURE_MEM,6239.975499,6239.976499,cycles 131169790..131169790 (1 cyc)
"tile 0,3 dma mm2s 0",DMA_MM2S_0_STALLED_LOCK_MEM,6239.975499,6239.977499,cycles 131169790..131169791 (2 cyc)
"tile 0,3 dma mm2s 0",DMA_MM2S_0_STALLED_LOCK_MEM|DMA_MM2S_0_STREAM_BACKPRESSURE_MEM,6239.976499,6239.978499,cycles 131169791..131169792 (2 cyc)
"tile 0,3 dma mm2s 0",DMA_MM2S_0_STALLED_LOCK_MEM,6239.977499,6273.464956,cycles 131169792..131203274 (33483 cyc)
"tile 0,3 dma mm2s 0",DMA_MM2S_0_STALLED_LOCK_MEM|LOCK_SEL0_ACQ_GE_MEM,6273.463956,6273.464956,cycles 131203274..131203274 (1 cyc)
"tile 0,3 dma mm2s 0",DMA_MM2S_0_STALLED_LOCK_MEM,6273.463956,6273.494960,cycles 131203274..131203304 (31 cyc)
"tile 0,3 dma mm2s 0",DMA_MM2S_0_STALLED_LOCK_MEM|LOCK_0_REL_MEM,6273.493960,6273.494960,cycles 131203304..131203304 (1 cyc)
"tile 0,3 dma mm2s 0",DMA_MM2S_0_STALLED_LOCK_MEM,6273.493960,6273.757995,cycles 131203304..131203567 (264 cyc)
"tile 0,3 dma mm2s 0",DMA_MM2S_0_STALLED_LOCK_MEM|LOCK_SEL0_ACQ_GE_MEM,6273.756995,6273.757995,cycles 131203567..131203567 (1 cyc)
"tile 0,3 dma mm2s 0",DMA_MM2S_0_STALLED_LOCK_MEM,6273.756995,6273.810002,cycles 131203567..131203619 (53 cyc)
"tile 0,3 dma mm2s 0",DMA_MM2S_0_STALLED_LOCK_MEM|LOCK_0_REL_MEM,6273.809002,6273.810002,cycles 131203619..131203619 (1 cyc)
"tile 0,3 dma mm2s 0",DMA_MM2S_0_STALLED_LOCK_MEM,6273.809002,6273.937019,cycles 131203619..131203746 (128 cyc)
"tile 0,3 dma mm2s 0",DMA_MM2S_0_STALLED_LOCK_MEM|LOCK_SEL0_ACQ_GE_MEM,6273.936019,6273.937019,cycles 131203746..131203746 (1 cyc)
"tile 0,3 dma mm2s 0",DMA_MM2S_0_STALLED_LOCK_MEM,6273.936019,6273.967023,cycles 131203746..131203776 (31 cyc)
"tile 0,3 dma mm2s 0",DMA_MM2S_0_STALLED_LOCK_MEM|LOCK_0_REL_MEM,6273.966023,6273.967023,cycles 131203776..131203776 (1 cyc)
"tile 0,3 dma mm2s 0",DMA_MM2S_0_STALLED_LOCK_MEM,6273.966023,6274.066036,cycles 131203776..131203875 (100 cyc)
"tile 0,3 dma mm2s 0",DMA_MM2S_0_STALLED_LOCK_MEM|LOCK_SEL0_ACQ_GE_MEM,6274.065036,6274.066036,cycles 131203875..131203875 (1 cyc)
"tile 0,3 dma mm2s 0",DMA_MM2S_0_STALLED_LOCK_MEM,6274.065036,6325.583893,cycles 131203875..131255386 (51512 cyc)
"tile 0,3 dma mm2s 0",DMA_MM2S_0_STALLED_LOCK_MEM|LOCK_0_REL_MEM,6325.582892,6325.583893,cycles 131255386..131255386 (1 cyc)
"tile 0,3 dma mm2s 0",DMA_MM2S_0_STALLED_LOCK_MEM|LOCK_SEL0_ACQ_GE_MEM,6325.582892,6325.583893,cycles 131255386..131255386 (1 cyc)
"tile 0,3 dma mm2s 0",DMA_MM2S_0_STALLED_LOCK_MEM,6325.582892,6325.901935,cycles 131255386..131255704 (319 cyc)
"tile 0,3 dma mm2s 0",DMA_MM2S_0_STREAM_BACKPRESSURE_MEM,6325.909936,6325.910936,cycles 131255713..131255713 (1 cyc)
"tile 0,3 dma mm2s 0",DMA_MM2S_0_STREAM_BACKPRESSURE_MEM,6325.917937,6325.918937,cycles 131255721..131255721 (1 cyc)
"tile 0,3 dma mm2s 0",DMA_MM2S_0_STREAM_BACKPRESSURE_MEM,6325.917937,6325.918937,cycles 131255721..131255721 (1 cyc)
"tile 0,3 dma mm2s 0",DMA_MM2S_0_FINISHED_BD_MEM|DMA_MM2S_0_STREAM_BACKPRESSURE_MEM,6325.917937,6325.918937,cycles 131255721..131255721 (1 cyc)
"tile 0,3 dma mm2s 0",DMA_MM2S_0_STREAM_BACKPRESSURE_MEM,6325.917937,6325.918937,cycles 131255721..131255721 (1 cyc)
"tile 0,3 dma mm2s 0",DMA_MM2S_0_STALLED_LOCK_MEM|DMA_MM2S_0_STREAM_BACKPRESSURE_MEM,6325.917937,6325.958943,cycles 131255721..131255761 (41 cyc)
"tile 0,3 dma mm2s 0",DMA_MM2S_0_STALLED_LOCK_MEM|DMA_MM2S_0_STREAM_BACKPRESSURE_MEM|LOCK_0_REL_MEM,6325.957942,6325.958943,cycles 131255761..131255761 (1 cyc)
"tile 0,3 dma mm2s 0",DMA_MM2S_0_STALLED_LOCK_MEM|DMA_MM2S_0_STREAM_BACKPRESSURE_MEM|LOCK_SEL0_ACQ_GE_MEM,6325.957942,6325.958943,cycles 131255761..131255761 (1 cyc)
"tile 0,3 dma mm2s 0",DMA_MM2S_0_STALLED_LOCK_MEM|DMA_MM2S_0_STREAM_BACKPRESSURE_MEM,6325.957942,6326.044954,cycles 131255761..131255847 (87 cyc)
"tile 0,3 dma mm2s 0",DMA_MM2S_0_STALLED_LOCK_MEM,6326.043954,6326.044954,cycles 131255847..131255847 (1 cyc)
"tile 0,3 dma mm2s 0",DMA_MM2S_0_STALLED_LOCK_MEM|DMA_MM2S_0_STREAM_BACKPRESSURE_MEM,6326.043954,6326.045954,cycles 131255847..131255848 (2 cyc)
"tile 0,3 dma mm2s 0",DMA_MM2S_0_STALLED_LOCK_MEM,6326.044954,6326.046954,cycles 131255848..131255849 (2 cyc)
"tile 0,3 dma mm2s 0",DMA_MM2S_0_STALLED_LOCK_MEM|DMA_MM2S_0_STREAM_BACKPRESSURE_MEM,6326.045954,6326.047954,cycles 131255849..131255850 (2 cyc)
"tile 0,3 dma mm2s 0",DMA_MM2S_0_STALLED_LOCK_MEM,6326.046954,6326.048955,cycles 131255850..131255851 (2 cyc)
"tile 0,3 dma mm2s 0",DMA_MM2S_0_STALLED_LOCK_MEM|DMA_MM2S_0_STREAM_BACKPRESSURE_MEM,6326.047954,6326.050955,cycles 131255851..131255853 (3 cyc)
"tile 0,3 dma mm2s 0",DMA_MM2S_0_STALLED_LOCK_MEM,6326.049955,6326.051955,cycles 131255853..131255854 (2 cyc)
"tile 0,3 dma mm2s 0",DMA_MM2S_0_STALLED_LOCK_MEM|DMA_MM2S_0_STREAM_BACKPRESSURE_MEM,6326.050955,6326.052955,cycles 131255854..131255855 (2 cyc)
"tile 0,3 dma mm2s 0",DMA_MM2S_0_STALLED_LOCK_MEM,6326.051955,6326.053955,cycles 131255855..131255856 (2 cyc)
"tile 0,3 dma mm2s 0",DMA_MM2S_0_STALLED_LOCK_MEM|DMA_MM2S_0_STREAM_BACKPRESSURE_MEM,6326.052955,6326.054955,cycles 131255856..131255857 (2 cyc)
"tile 0,3 dma mm2s 0",DMA_MM2S_0_STALLED_LOCK_MEM,6326.053955,6326.056956,cycles 131255857..131255859 (3 cyc)
"tile 0,3 dma mm2s 0",DMA_MM2S_0_STALLED_LOCK_MEM|DMA_MM2S_0_STREAM_BACKPRESSURE_MEM,6326.055955,6326.060956,cycles 131255859..131255863 (5 cyc)
"tile 0,3 dma mm2s 0",DMA_MM2S_0_STALLED_LOCK_MEM,6326.059956,6326.063957,cycles 131255863..131255866 (4 cyc)
"tile 0,3 dma mm2s 0",DMA_MM2S_0_STALLED_LOCK_MEM|DMA_MM2S_0_STREAM_BACKPRESSURE_MEM,6326.062956,6326.063957,cycles 131255866..131255866 (1 cyc)
"tile 0,3 dma mm2s 0",DMA_MM2S_0_STALLED_LOCK_MEM,6326.062956,6326.064957,cycles 131255866..131255867 (2 cyc)
"tile 0,3 dma mm2s 0",DMA_MM2S_0_STALLED_LOCK_MEM|DMA_MM2S_0_STREAM_BACKPRESSURE_MEM,6326.063957,6326.065957,cycles 131255867..131255868 (2 cyc)
"tile 0,3 dma mm2s 0",DMA_MM2S_0_STALLED_LOCK_MEM,6326.064957,6326.065957,cycles 131255868..131255868 (1 cyc)
"tile 0,3 dma mm2s 0",DMA_MM2S_0_STALLED_LOCK_MEM|LOCK_0_REL_MEM,6326.064957,6326.065957,cycles 131255868..131255868 (1 cyc)
"tile 0,3 dma mm2s 0",DMA_MM2S_0_STALLED_LOCK_MEM|DMA_MM2S_0_STREAM_BACKPRESSURE_MEM|LOCK_SEL0_ACQ_GE_MEM,6326.064957,6326.065957,cycles 131255868..131255868 (1 cyc)
"tile 0,3 dma mm2s 0",DMA_MM2S_0_STALLED_LOCK_MEM|DMA_MM2S_0_STREAM_BACKPRESSURE_MEM,6326.064957,6326.065957,cycles 131255868..131255868 (1 cyc)
"tile 0,3 dma mm2s 0",DMA_MM2S_0_STALLED_LOCK_MEM,6326.064957,6326.507015,cycles 131255868..131256309 (442 cyc)
"tile 0,3 dma mm2s 0",DMA_MM2S_0_STALLED_LOCK_MEM|LOCK_0_REL_MEM,6326.506015,6326.507015,cycles 131256309..131256309 (1 cyc)
"tile 0,3 dma mm2s 0",DMA_MM2S_0_STALLED_LOCK_MEM|LOCK_SEL0_ACQ_GE_MEM,6326.506015,6326.507015,cycles 131256309..131256309 (1 cyc)
"tile 0,3 dma mm2s 0",DMA_MM2S_0_STALLED_LOCK_MEM,6326.506015,6328.719310,cycles 131256309..131258521 (2213 cyc)
"tile 0,3 dma mm2s 0",DMA_MM2S_0_STALLED_LOCK_MEM|LOCK_0_REL_MEM,6328.718310,6328.719310,cycles 131258521..131258521 (1 cyc)
"tile 0,3 dma mm2s 0",DMA_MM2S_0_STALLED_LOCK_MEM|LOCK_SEL0_ACQ_GE_MEM,6328.718310,6328.719310,cycles 131258521..131258521 (1 cyc)
"tile 0,3 dma mm2s 0",DMA_MM2S_0_STALLED_LOCK_MEM,6328.718310,6329.478411,cycles 131258521..131259280 (760 cyc)
"tile 0,3 dma mm2s 0",DMA_MM2S_0_STREAM_BACKPRESSURE_MEM,6329.486412,6329.487412,cycles 131259289..131259289 (1 cyc)
"tile 0,3 dma mm2s 0",DMA_MM2S_0_STREAM_BACKPRESSURE_MEM,6329.494413,6329.495413,cycles 131259297..131259297 (1 cyc)
"tile 0,3 dma mm2s 0",DMA_MM2S_0_STREAM_BACKPRESSURE_MEM,6329.494413,6329.495413,cycles 131259297..131259297 (1 cyc)
"tile 0,3 dma mm2s 0",DMA_MM2S_0_FINISHED_BD_MEM|DMA_MM2S_0_STREAM_BACKPRESSURE_MEM,6329.494413,6329.495413,cycles 131259297..131259297 (1 cyc)
"tile 0,3 dma mm2s 0",DMA_MM2S_0_STREAM_BACKPRESSURE_MEM,6329.494413,6329.495413,cycles 131259297..131259297 (1 cyc)
"tile 0,3 dma mm2s 0",DMA_MM2S_0_STALLED_LOCK_MEM|DMA_MM2S_0_STREAM_BACKPRESSURE_MEM,6329.494413,6329.535419,cycles 131259297..131259337 (41 cyc)
"tile 0,3 dma mm2s 0",DMA_MM2S_0_STALLED_LOCK_MEM|DMA_MM2S_0_STREAM_BACKPRESSURE_MEM|LOCK_0_REL_MEM,6329.534418,6329.535419,cycles 131259337..131259337 (1 cyc)
"tile 0,3 dma mm2s 0",DMA_MM2S_0_STALLED_LOCK_MEM|DMA_MM2S_0_STREAM_BACKPRESSURE_MEM|LOCK_SEL0_ACQ_GE_MEM,6329.534418,6329.535419,cycles 131259337..131259337 (1 cyc)
"tile 0,3 dma mm2s 0",DMA_MM2S_0_STALLED_LOCK_MEM|DMA_MM2S_0_STREAM_BACKPRESSURE_MEM,6329.534418,6329.619430,cycles 131259337..131259421 (85 cyc)
"tile 0,3 dma mm2s 0",DMA_MM2S_0_STALLED_LOCK_MEM,6329.618430,6329.619430,cycles 131259421..131259421 (1 cyc)
"tile 0,3 dma mm2s 0",DMA_MM2S_0_STALLED_LOCK_MEM|DMA_MM2S_0_STREAM_BACKPRESSURE_MEM,6329.618430,6329.620430,cycles 131259421..131259422 (2 cyc)
"tile 0,3 dma mm2s 0",DMA_MM2S_0_STALLED_LOCK_MEM,6329.619430,6329.621430,cycles 131259422..131259423 (2 cyc)
"tile 0,3 dma mm2s 0",DMA_MM2S_0_STALLED_LOCK_MEM|DMA_MM2S_0_STREAM_BACKPRESSURE_MEM,6329.620430,6329.622430,cycles 131259423..131259424 (2 cyc)
"tile 0,3 dma mm2s 0",DMA_MM2S_0_STALLED_LOCK_MEM,6329.621430,6329.623430,cycles 131259424..131259425 (2 cyc)
"tile 0,3 dma mm2s 0",DMA_MM2S_0_STALLED_LOCK_MEM|DMA_MM2S_0_STREAM_BACKPRESSURE_MEM,6329.622430,6329.624430,cycles 131259425..131259426 (2 cyc)
"tile 0,3 dma mm2s 0",DMA_MM2S_0_STALLED_LOCK_MEM,6329.623430,6329.625431,cycles 131259426..131259427 (2 cyc)
"tile 0,3 dma mm2s 0",DMA_MM2S_0_STALLED_LOCK_MEM|DMA_MM2S_0_STREAM_BACKPRESSURE_MEM,6329.624430,6329.626431,cycles 131259427..131259428 (2 cyc)
"tile 0,3 dma mm2s 0",DMA_MM2S_0_STALLED_LOCK_MEM,6329.625431,6329.627431,cycles 131259428..131259429 (2 cyc)
"tile 0,3 dma mm2s 0",DMA_MM2S_0_STALLED_LOCK_MEM|DMA_MM2S_0_STREAM_BACKPRESSURE_MEM,6329.626431,6329.628431,cycles 131259429..131259430 (2 cyc)
"tile 0,3 dma mm2s 0",DMA_MM2S_0_STALLED_LOCK_MEM,6329.627431,6329.630431,cycles 131259430..131259432 (3 cyc)
"tile 0,3 dma mm2s 0",DMA_MM2S_0_STALLED_LOCK_MEM|DMA_MM2S_0_STREAM_BACKPRESSURE_MEM,6329.629431,6329.634432,cycles 131259432..131259436 (5 cyc)
"tile 0,3 dma mm2s 0",DMA_MM2S_0_STALLED_LOCK_MEM,6329.633432,6329.637432,cycles 131259436..131259439 (4 cyc)
"tile 0,3 dma mm2s 0",DMA_MM2S_0_STALLED_LOCK_MEM|DMA_MM2S_0_STREAM_BACKPRESSURE_MEM,6329.636432,6329.637432,cycles 131259439..131259439 (1 cyc)
"tile 0,3 dma mm2s 0",DMA_MM2S_0_STALLED_LOCK_MEM,6329.636432,6329.638432,cycles 131259439..131259440 (2 cyc)
"tile 0,3 dma mm2s 0",DMA_MM2S_0_STALLED_LOCK_MEM|DMA_MM2S_0_STREAM_BACKPRESSURE_MEM,6329.637432,6329.639432,cycles 131259440..131259441 (2 cyc)
"tile 0,3 dma mm2s 0",DMA_MM2S_0_STALLED_LOCK_MEM,6329.638432,6329.640433,cycles 131259441..131259442 (2 cyc)
"tile 0,3 dma mm2s 0",DMA_MM2S_0_STALLED_LOCK_MEM|DMA_MM2S_0_STREAM_BACKPRESSURE_MEM,6329.639432,6329.641433,cycles 131259442..131259443 (2 cyc)
"tile 0,3 dma mm2s 0",DMA_MM2S_0_STALLED_LOCK_MEM,6329.640433,6330.180504,cycles 131259443..131259982 (540 cyc)
"tile 0,3 dma mm2s 0",DMA_MM2S_0_STALLED_LOCK_MEM|LOCK_0_REL_MEM,6330.179504,6330.180504,cycles 131259982..131259982 (1 cyc)
"tile 0,3 dma mm2s 0",DMA_MM2S_0_STALLED_LOCK_MEM|LOCK_SEL0_ACQ_GE_MEM,6330.179504,6330.180504,cycles 131259982..131259982 (1 cyc)
"tile 0,3 dma mm2s 0",DMA_MM2S_0_STALLED_LOCK_MEM,6330.179504,6332.347793,cycles 131259982..131262149 (2168 cyc)
"tile 0,3 dma mm2s 0",DMA_MM2S_0_STALLED_LOCK_MEM|LOCK_0_REL_MEM,6332.346793,6332.347793,cycles 131262149..131262149 (1 cyc)
"tile 0,3 dma mm2s 0",DMA_MM2S_0_STALLED_LOCK_MEM|LOCK_SEL0_ACQ_GE_MEM,6332.346793,6332.347793,cycles 131262149..131262149 (1 cyc)
"tile 0,3 dma mm2s 0",DMA_MM2S_0_STALLED_LOCK_MEM,6332.346793,6332.769849,cycles 131262149..131262571 (423 cyc)
"tile 0,3 dma mm2s 0",DMA_MM2S_0_STALLED_LOCK_MEM|LOCK_0_REL_MEM,6332.768849,6332.769849,cycles 131262571..131262571 (1 cyc)
"tile 0,3 dma mm2s 0",DMA_MM2S_0_STALLED_LOCK_MEM|LOCK_SEL0_ACQ_GE_MEM,6332.768849,6332.769849,cycles 131262571..131262571 (1 cyc)
"tile 0,3 dma mm2s 0",DMA_MM2S_0_STALLED_LOCK_MEM,6332.768849,6333.090892,cycles 131262571..131262892 (322 cyc)
"tile 0,3 dma mm2s 0",DMA_MM2S_0_STREAM_BACKPRESSURE_MEM,6333.098893,6333.099893,cycles 131262901..131262901 (1 cyc)
"tile 0,3 dma mm2s 0",DMA_MM2S_0_STREAM_BACKPRESSURE_MEM,6333.106894,6333.107894,cycles 131262909..131262909 (1 cyc)
"tile 0,3 dma mm2s 0",DMA_MM2S_0_STREAM_BACKPRESSURE_MEM,6333.106894,6333.107894,cycles 131262909..131262909 (1 cyc)
"tile 0,3 dma mm2s 0",DMA_MM2S_0_FINISHED_BD_MEM|DMA_MM2S_0_STREAM_BACKPRESSURE_MEM,6333.106894,6333.107894,cycles 131262909..131262909 (1 cyc)
"tile 0,3 dma mm2s 0",DMA_MM2S_0_STREAM_BACKPRESSURE_MEM,6333.106894,6333.107894,cycles 131262909..131262909 (1 cyc)
"tile 0,3 dma mm2s 0",DMA_MM2S_0_STALLED_LOCK_MEM|DMA_MM2S_0_STREAM_BACKPRESSURE_MEM,6333.106894,6333.147899,cycles 131262909..131262949 (41 cyc)
"tile 0,3 dma mm2s 0",DMA_MM2S_0_STALLED_LOCK_MEM|DMA_MM2S_0_STREAM_BACKPRESSURE_MEM|LOCK_0_REL_MEM,6333.146899,6333.147899,cycles 131262949..131262949 (1 cyc)
"tile 0,3 dma mm2s 0",DMA_MM2S_0_STALLED_LOCK_MEM|DMA_MM2S_0_STREAM_BACKPRESSURE_MEM|LOCK_SEL0_ACQ_GE_MEM,6333.146899,6333.147899,cycles 131262949..131262949 (1 cyc)
"tile 0,3 dma mm2s 0",DMA_MM2S_0_STALLED_LOCK_MEM|DMA_MM2S_0_STREAM_BACKPRESSURE_MEM,6333.146899,6333.231911,cycles 131262949..131263033 (85 cyc)
"tile 0,3 dma mm2s 0",DMA_MM2S_0_STALLED_LOCK_MEM,6333.230910,6333.231911,cycles 131263033..131263033 (1 cyc)
"tile 0,3 dma mm2s 0",DMA_MM2S_0_STALLED_LOCK_MEM|DMA_MM2S_0_STREAM_BACKPRESSURE_MEM,6333.230910,6333.232911,cycles 131263033..131263034 (2 cyc)
"tile 0,3 dma mm2s 0",DMA_MM2S_0_STALLED_LOCK_MEM,6333.231911,6333.233911,cycles 131263034..131263035 (2 cyc)
"tile 0,3 dma mm2s 0",DMA_MM2S_0_STALLED_LOCK_MEM|DMA_MM2S_0_STREAM_BACKPRESSURE_MEM,6333.232911,6333.234911,cycles 131263035..131263036 (2 cyc)
"tile 0,3 dma mm2s 0",DMA_MM2S_0_STALLED_LOCK_MEM,6333.233911,6333.235911,cycles 131263036..131263037 (2 cyc)
"tile 0,3 dma mm2s 0",DMA_MM2S_0_STALLED_LOCK_MEM|DMA_MM2S_0_STREAM_BACKPRESSURE_MEM,6333.234911,6333.236911,cycles 131263037..131263038 (2 cyc)
"tile 0,3 dma mm2s 0",DMA_MM2S_0_STALLED_LOCK_MEM,6333.235911,6333.237911,cycles 131263038..131263039 (2 cyc)
"tile 0,3 dma mm2s 0",DMA_MM2S_0_STALLED_LOCK_MEM|DMA_MM2S_0_STREAM_BACKPRESSURE_MEM,6333.236911,6333.238911,cycles 131263039..131263040 (2 cyc)
"tile 0,3 dma mm2s 0",DMA_MM2S_0_STALLED_LOCK_MEM,6333.237911,6333.239912,cycles 131263040..131263041 (2 cyc)
"tile 0,3 dma mm2s 0",DMA_MM2S_0_STALLED_LOCK_MEM|DMA_MM2S_0_STREAM_BACKPRESSURE_MEM,6333.238911,6333.240912,cycles 131263041..131263042 (2 cyc)
"tile 0,3 dma mm2s 0",DMA_MM2S_0_STALLED_LOCK_MEM,6333.239912,6333.242912,cycles 131263042..131263044 (3 cyc)
"tile 0,3 dma mm2s 0",DMA_MM2S_0_STALLED_LOCK_MEM|DMA_MM2S_0_STREAM_BACKPRESSURE_MEM,6333.241912,6333.246913,cycles 131263044..131263048 (5 cyc)
"tile 0,3 dma mm2s 0",DMA_MM2S_0_STALLED_LOCK_MEM,6333.245912,6333.249913,cycles 131263048..131263051 (4 cyc)
"tile 0,3 dma mm2s 0",DMA_MM2S_0_STALLED_LOCK_MEM|DMA_MM2S_0_STREAM_BACKPRESSURE_MEM,6333.248913,6333.249913,cycles 131263051..131263051 (1 cyc)
"tile 0,3 dma mm2s 0",DMA_MM2S_0_STALLED_LOCK_MEM,6333.248913,6333.250913,cycles 131263051..131263052 (2 cyc)
"tile 0,3 dma mm2s 0",DMA_MM2S_0_STALLED_LOCK_MEM|DMA_MM2S_0_STREAM_BACKPRESSURE_MEM,6333.249913,6333.251913,cycles 131263052..131263053 (2 cyc)
"tile 0,3 dma mm2s 0",DMA_MM2S_0_STALLED_LOCK_MEM,6333.250913,6333.252913,cycles 131263053..131263054 (2 cyc)
"tile 0,3 dma mm2s 0",DMA_MM2S_0_STALLED_LOCK_MEM|DMA_MM2S_0_STREAM_BACKPRESSURE_MEM,6333.251913,6333.253913,cycles 131263054..131263055 (2 cyc)
"tile 0,3 dma mm2s 0",DMA_MM2S_0_STALLED_LOCK_MEM,6333.252913,6333.310921,cycles 131263055..131263112 (58 cyc)
"tile 0,3 dma mm2s 0",DMA_MM2S_0_STALLED_LOCK_MEM|LOCK_0_REL_MEM,6333.309921,6333.310921,cycles 131263112..131263112 (1 cyc)
"tile 0,3 dma mm2s 0",DMA_MM2S_0_STALLED_LOCK_MEM,6333.309921,6333.310921,cycles 131263112..131263112 (1 cyc)
"tile 0,3 dma mm2s 0",DMA_MM2S_0_STALLED_LOCK_MEM|LOCK_SEL0_ACQ_GE_MEM,6333.309921,6333.310921,cycles 131263112..131263112 (1 cyc)
"tile 0,3 dma mm2s 0",DMA_MM2S_0_STALLED_LOCK_MEM,6333.309921,6333.484944,cycles 131263112..131263286 (175 cyc)
"tile 0,3 dma mm2s 0",DMA_MM2S_0_STALLED_LOCK_MEM|LOCK_0_REL_MEM,6333.483944,6333.484944,cycles 131263286..131263286 (1 cyc)
"tile 0,3 dma mm2s 0",DMA_MM2S_0_STALLED_LOCK_MEM|LOCK_SEL0_ACQ_GE_MEM,6333.483944,6333.484944,cycles 131263286..131263286 (1 cyc)
"tile 0,3 dma mm2s 0",DMA_MM2S_0_STALLED_LOCK_MEM,6333.483944,6333.671969,cycles 131263286..131263473 (188 cyc)
"tile 0,3 dma mm2s 0",DMA_MM2S_0_STALLED_LOCK_MEM|LOCK_0_REL_MEM,6333.670969,6333.671969,cycles 131263473..131263473 (1 cyc)
"tile 0,3 dma mm2s 0",DMA_MM2S_0_STALLED_LOCK_MEM,6333.670969,6333.897999,cycles 131263473..131263699 (227 cyc)
"tile 0,3 dma mm2s 0",DMA_MM2S_0_STREAM_BACKPRESSURE_MEM,6333.906000,6333.907000,cycles 131263708..131263708 (1 cyc)
"tile 0,3 dma mm2s 0",DMA_MM2S_0_STREAM_BACKPRESSURE_MEM,6333.914001,6333.915001,cycles 131263716..131263716 (1 cyc)
"tile 0,3 dma mm2s 0",DMA_MM2S_0_STREAM_BACKPRESSURE_MEM,6333.914001,6333.915001,cycles 131263716..131263716 (1 cyc)
"tile 0,3 dma mm2s 0",DMA_MM2S_0_FINISHED_BD_MEM|DMA_MM2S_0_STREAM_BACKPRESSURE_MEM,6333.914001,6333.915001,cycles 131263716..131263716 (1 cyc)
"tile 0,3 dma mm2s 0",DMA_MM2S_0_STREAM_BACKPRESSURE_MEM,6333.914001,6333.915001,cycles 131263716..131263716 (1 cyc)
"tile 0,3 dma mm2s 0",DMA_MM2S_0_STALLED_LOCK_MEM|DMA_MM2S_0_STREAM_BACKPRESSURE_MEM,6333.914001,6334.042018,cycles 131263716..131263843 (128 cyc)
"tile 0,3 dma mm2s 0",DMA_MM2S_0_STALLED_LOCK_MEM,6334.041018,6334.042018,cycles 131263843..131263843 (1 cyc)
"tile 0,3 dma mm2s 0",DMA_MM2S_0_STALLED_LOCK_MEM|DMA_MM2S_0_STREAM_BACKPRESSURE_MEM,6334.041018,6334.043018,cycles 131263843..131263844 (2 cyc)
"tile 0,3 dma mm2s 0",DMA_MM2S_0_STALLED_LOCK_MEM,6334.042018,6334.044019,cycles 131263844..131263845 (2 cyc)
"tile 0,3 dma mm2s 0",DMA_MM2S_0_STALLED_LOCK_MEM|DMA_MM2S_0_STREAM_BACKPRESSURE_MEM,6334.043018,6334.045019,cycles 131263845..131263846 (2 cyc)
"tile 0,3 dma mm2s 0",DMA_MM2S_0_STALLED_LOCK_MEM,6334.044019,6334.046019,cycles 131263846..131263847 (2 cyc)
"tile 0,3 dma mm2s 0",DMA_MM2S_0_STALLED_LOCK_MEM|DMA_MM2S_0_STREAM_BACKPRESSURE_MEM,6334.045019,6334.047019,cycles 131263847..131263848 (2 cyc)
"tile 0,3 dma mm2s 0",DMA_MM2S_0_STALLED_LOCK_MEM,6334.046019,6334.048019,cycles 131263848..131263849 (2 cyc)
"tile 0,3 dma mm2s 0",DMA_MM2S_0_STALLED_LOCK_MEM|DMA_MM2S_0_STREAM_BACKPRESSURE_MEM,6334.047019,6334.049019,cycles 131263849..131263850 (2 cyc)
"tile 0,3 dma mm2s 0",DMA_MM2S_0_STALLED_LOCK_MEM,6334.048019,6334.050019,cycles 131263850..131263851 (2 cyc)
"tile 0,3 dma mm2s 0",DMA_MM2S_0_STALLED_LOCK_MEM|DMA_MM2S_0_STREAM_BACKPRESSURE_MEM,6334.049019,6334.052020,cycles 131263851..131263853 (3 cyc)
"tile 0,3 dma mm2s 0",DMA_MM2S_0_STALLED_LOCK_MEM,6334.051020,6334.054020,cycles 131263853..131263855 (3 cyc)
"tile 0,3 dma mm2s 0",DMA_MM2S_0_STALLED_LOCK_MEM|DMA_MM2S_0_STREAM_BACKPRESSURE_MEM,6334.053020,6334.058020,cycles 131263855..131263859 (5 cyc)
"tile 0,3 dma mm2s 0",DMA_MM2S_0_STALLED_LOCK_MEM,6334.057020,6334.061021,cycles 131263859..131263862 (4 cyc)
"tile 0,3 dma mm2s 0",DMA_MM2S_0_STALLED_LOCK_MEM|DMA_MM2S_0_STREAM_BACKPRESSURE_MEM,6334.060021,6334.061021,cycles 131263862..131263862 (1 cyc)
"tile 0,3 dma mm2s 0",DMA_MM2S_0_STALLED_LOCK_MEM,6334.060021,6334.062021,cycles 131263862..131263863 (2 cyc)
"tile 0,3 dma mm2s 0",DMA_MM2S_0_STALLED_LOCK_MEM|DMA_MM2S_0_STREAM_BACKPRESSURE_MEM,6334.061021,6334.062021,cycles 131263863..131263863 (1 cyc)
"tile 0,3 dma mm2s 0",DMA_MM2S_0_STALLED_LOCK_MEM,6334.061021,6334.063021,cycles 131263863..131263864 (2 cyc)
"tile 0,3 dma mm2s 0",DMA_MM2S_0_STALLED_LOCK_MEM|DMA_MM2S_0_STREAM_BACKPRESSURE_MEM,6334.062021,6334.064021,cycles 131263864..131263865 (2 cyc)
"tile 0,3 dma mm2s 0",DMA_MM2S_0_STALLED_LOCK_MEM,6334.063021,6364.758106,cycles 131263865..131294555 (30691 cyc)
