lane,event,start_us,end_us,detail
"tile 0,3 core",ACTIVE,5906.198724,5906.323736,cycles 130837694..130837818 (125 cyc)
"tile 0,3 core",ACTIVE|LOCK_STALL,5906.322736,6178.807790,cycles 130837818..131110276 (272459 cyc)
"tile 0,3 core",ACTIVE|LOCK_STALL,6178.806790,6178.814791,cycles 131110276..131110283 (8 cyc)
"tile 0,3 core",ACTIVE|LOCK_STALL,6178.813791,6178.815791,cycles 131110283..131110284 (2 cyc)
"tile 0,3 core",ACTIVE|LOCK_STALL,6178.814791,6178.822791,cycles 131110284..131110291 (8 cyc)
"tile 0,3 core",ACTIVE|LOCK_STALL,6178.821791,6178.826792,cycles 131110291..131110295 (5 cyc)
"tile 0,3 core",ACTIVE|LOCK_STALL,6178.825792,6178.833792,cycles 131110295..131110302 (8 cyc)
"tile 0,3 core",ACTIVE|LOCK_STALL,6178.832792,6178.833792,cycles 131110302..131110302 (1 cyc)
"tile 0,3 core",ACTIVE|LOCK_STALL,6178.832792,6178.840793,cycles 131110302..131110309 (8 cyc)
"tile 0,3 core",ACTIVE|LOCK_STALL,6178.839793,6178.842793,cycles 131110309..131110311 (3 cyc)
"tile 0,3 core",ACTIVE|LOCK_STALL,6178.841793,6178.849794,cycles 131110311..131110318 (8 cyc)
"tile 0,3 core",ACTIVE|LOCK_STALL,6178.848794,6178.850794,cycles 131110318..131110319 (2 cyc)
"tile 0,3 core",ACTIVE|LOCK_STALL,6178.849794,6178.857795,cycles 131110319..131110326 (8 cyc)
"tile 0,3 core",ACTIVE|LOCK_STALL,6178.856795,6178.858795,cycles 131110326..131110327 (2 cyc)
"tile 0,3 core",ACTIVE|LOCK_STALL,6178.857795,6178.865796,cycles 131110327..131110334 (8 cyc)
"tile 0,3 core",ACTIVE|LOCK_STALL,6178.864795,6178.866796,cycles 131110334..131110335 (2 cyc)
"tile 0,3 core",ACTIVE|LOCK_STALL,6178.865796,6178.873796,cycles 131110335..131110342 (8 cyc)
"tile 0,3 core",ACTIVE|LOCK_STALL,6178.872796,6178.873796,cycles 131110342..131110342 (1 cyc)
"tile 0,3 core",ACTIVE|LOCK_STALL,6178.872796,6178.880797,cycles 131110342..131110349 (8 cyc)
"tile 0,3 core",ACTIVE|LOCK_STALL,6178.879797,6178.882797,cycles 131110349..131110351 (3 cyc)
"tile 0,3 core",ACTIVE|LOCK_STALL,6178.881797,6178.889798,cycles 131110351..131110358 (8 cyc)
"tile 0,3 core",ACTIVE|LOCK_STALL,6178.888798,6178.890798,cycles 131110358..131110359 (2 cyc)
"tile 0,3 core",ACTIVE|LOCK_STALL,6178.889798,6178.897799,cycles 131110359..131110366 (8 cyc)
"tile 0,3 core",ACTIVE|LOCK_STALL,6178.896799,6178.898799,cycles 131110366..131110367 (2 cyc)
"tile 0,3 core",ACTIVE|LOCK_STALL,6178.897799,6178.905799,cycles 131110367..131110374 (8 cyc)
"tile 0,3 core",ACTIVE|LOCK_STALL,6178.904799,6178.906799,cycles 131110374..131110375 (2 cyc)
"tile 0,3 core",ACTIVE|LOCK_STALL,6178.905799,6178.913800,cycles 131110375..131110382 (8 cyc)
"tile 0,3 core",ACTIVE|LOCK_STALL,6178.912800,6178.913800,cycles 131110382..131110382 (1 cyc)
"tile 0,3 core",ACTIVE|LOCK_STALL,6178.912800,6178.914800,cycles 131110382..131110383 (2 cyc)
"tile 0,3 core",ACTIVE|LOCK_STALL,6178.913800,6178.914800,cycles 131110383..131110383 (1 cyc)
"tile 0,3 core",ACTIVE|LOCK_STALL,6178.913800,6178.919801,cycles 131110383..131110388 (6 cyc)
"tile 0,3 core",ACTIVE|LOCK_STALL,6178.918801,6178.920801,cycles 131110388..131110389 (2 cyc)
"tile 0,3 core",ACTIVE|LOCK_STALL,6178.919801,6178.927801,cycles 131110389..131110396 (8 cyc)
"tile 0,3 core",ACTIVE|LOCK_STALL,6178.926801,6178.927801,cycles 131110396..131110396 (1 cyc)
"tile 0,3 core",ACTIVE|LOCK_STALL,6178.926801,6178.934802,cycles 131110396..131110403 (8 cyc)
"tile 0,3 core",ACTIVE|LOCK_STALL,6178.933802,6178.936802,cycles 131110403..131110405 (3 cyc)
"tile 0,3 core",ACTIVE|LOCK_STALL,6178.935802,6178.939803,cycles 131110405..131110408 (4 cyc)
"tile 0,3 core",ACTIVE|LOCK_STALL,6178.938803,6178.942803,cycles 131110408..131110411 (4 cyc)
"tile 0,3 core",ACTIVE,6178.941803,6178.943803,cycles 131110411..131110412 (2 cyc)
"tile 0,3 core",ACTIVE,6178.942803,6178.946803,cycles 131110412..131110415 (4 cyc)
"tile 0,3 core",ACTIVE,6178.945803,6178.950804,cycles 131110415..131110419 (5 cyc)
"tile 0,3 core",ACTIVE|LOCK_STALL,6178.949804,6178.950804,cycles 131110419..131110419 (1 cyc)
"tile 0,3 core",ACTIVE,6178.949804,6178.953804,cycles 131110419..131110422 (4 cyc)
"tile 0,3 core",ACTIVE,6178.952804,6178.958804,cycles 131110422..131110427 (6 cyc)
"tile 0,3 core",ACTIVE,6178.957804,6178.961805,cycles 131110427..131110430 (4 cyc)
"tile 0,3 core",ACTIVE,6178.960805,6178.966805,cycles 131110430..131110435 (6 cyc)
"tile 0,3 core",ACTIVE,6178.965805,6178.967805,cycles 131110435..131110436 (2 cyc)
"tile 0,3 core",ACTIVE,6178.966805,6178.967805,cycles 131110436..131110436 (1 cyc)
"tile 0,3 core",ACTIVE,6178.966805,6178.968805,cycles 131110436..131110437 (2 cyc)
"tile 0,3 core",ACTIVE,6178.967805,6178.973806,cycles 131110437..131110442 (6 cyc)
"tile 0,3 core",ACTIVE,6178.972806,6178.976806,cycles 131110442..131110445 (4 cyc)
"tile 0,3 core",ACTIVE,6178.975806,6178.980807,cycles 131110445..131110449 (5 cyc)
"tile 0,3 core",ACTIVE,6178.979806,6178.983807,cycles 131110449..131110452 (4 cyc)
"tile 0,3 core",ACTIVE,6178.982807,6178.988807,cycles 131110452..131110457 (6 cyc)
"tile 0,3 core",ACTIVE,6178.987807,6178.988807,cycles 131110457..131110457 (1 cyc)
"tile 0,3 core",ACTIVE|LOCK_STALL,6178.987807,6178.988807,cycles 131110457..131110457 (1 cyc)
"tile 0,3 core",ACTIVE,6178.987807,6178.989807,cycles 131110457..131110458 (2 cyc)
"tile 0,3 core",ACTIVE,6178.988807,6178.994808,cycles 131110458..131110463 (6 cyc)
"tile 0,3 core",ACTIVE,6178.993808,6178.996808,cycles 131110463..131110465 (3 cyc)
"tile 0,3 core",ACTIVE|LOCK_STALL,6178.995808,6178.996808,cycles 131110465..131110465 (1 cyc)
"tile 0,3 core",ACTIVE,6178.995808,6179.000808,cycles 131110465..131110469 (5 cyc)
"tile 0,3 core",ACTIVE,6178.999808,6179.003809,cycles 131110469..131110472 (4 cyc)
"tile 0,3 core",ACTIVE,6179.002809,6179.009809,cycles 131110472..131110478 (7 cyc)
"tile 0,3 core",ACTIVE,6179.008809,6179.012810,cycles 131110478..131110481 (4 cyc)
"tile 0,3 core",ACTIVE,6179.011810,6179.016810,cycles 131110481..131110485 (5 cyc)
"tile 0,3 core",ACTIVE,6179.015810,6179.019810,cycles 131110485..131110488 (4 cyc)
"tile 0,3 core",ACTIVE,6179.018810,6179.025811,cycles 131110488..131110494 (7 cyc)
"tile 0,3 core",ACTIVE,6179.024811,6179.028811,cycles 131110494..131110497 (4 cyc)
"tile 0,3 core",ACTIVE,6179.027811,6179.033812,cycles 131110497..131110502 (6 cyc)
"tile 0,3 core",ACTIVE,6179.032812,6179.036812,cycles 131110502..131110505 (4 cyc)
"tile 0,3 core",ACTIVE|LOCK_STALL,6179.035812,6179.143822,cycles 131110505..131110612 (108 cyc)
"tile 0,3 core",ACTIVE|LOCK_STALL,6179.142822,6179.146822,cycles 131110612..131110615 (4 cyc)
"tile 0,3 core",ACTIVE|LOCK_STALL,6179.145822,6179.151823,cycles 131110615..131110620 (6 cyc)
"tile 0,3 core",ACTIVE|LOCK_STALL,6179.150823,6179.154823,cycles 131110620..131110623 (4 cyc)
"tile 0,3 core",ACTIVE|LOCK_STALL,6179.153823,6179.160824,cycles 131110623..131110629 (7 cyc)
"tile 0,3 core",ACTIVE|LOCK_STALL,6179.159824,6179.163824,cycles 131110629..131110632 (4 cyc)
"tile 0,3 core",ACTIVE|LOCK_STALL,6179.162824,6179.167824,cycles 131110632..131110636 (5 cyc)
"tile 0,3 core",ACTIVE|LOCK_STALL,6179.166824,6179.170825,cycles 131110636..131110639 (4 cyc)
"tile 0,3 core",ACTIVE|LOCK_STALL,6179.169825,6179.176825,cycles 131110639..131110645 (7 cyc)
"tile 0,3 core",ACTIVE|LOCK_STALL,6179.175825,6179.179826,cycles 131110645..131110648 (4 cyc)
"tile 0,3 core",ACTIVE|LOCK_STALL,6179.178825,6179.183826,cycles 131110648..131110652 (5 cyc)
"tile 0,3 core",ACTIVE|LOCK_STALL,6179.182826,6179.186826,cycles 131110652..131110655 (4 cyc)
"tile 0,3 core",ACTIVE|LOCK_STALL,6179.185826,6179.191827,cycles 131110655..131110660 (6 cyc)
"tile 0,3 core",ACTIVE|LOCK_STALL,6179.190827,6179.194827,cycles 131110660..131110663 (4 cyc)
"tile 0,3 core",ACTIVE|LOCK_STALL,6179.193827,6179.200828,cycles 131110663..131110669 (7 cyc)
"tile 0,3 core",ACTIVE|LOCK_STALL,6179.199827,6179.203828,cycles 131110669..131110672 (4 cyc)
"tile 0,3 core",ACTIVE|LOCK_STALL,6179.202828,6179.207828,cycles 131110672..131110676 (5 cyc)
"tile 0,3 core",ACTIVE|LOCK_STALL,6179.206828,6179.210829,cycles 131110676..131110679 (4 cyc)
"tile 0,3 core",ACTIVE|LOCK_STALL,6179.209828,6179.216829,cycles 131110679..131110685 (7 cyc)
"tile 0,3 core",ACTIVE|LOCK_STALL,6179.215829,6179.219829,cycles 131110685..131110688 (4 cyc)
"tile 0,3 core",ACTIVE|LOCK_STALL,6179.218829,6179.223830,cycles 131110688..131110692 (5 cyc)
"tile 0,3 core",ACTIVE|LOCK_STALL,6179.222830,6179.226830,cycles 131110692..131110695 (4 cyc)
"tile 0,3 core",ACTIVE|LOCK_STALL,6179.225830,6179.231831,cycles 131110695..131110700 (6 cyc)
"tile 0,3 core",ACTIVE|LOCK_STALL,6179.230830,6179.234831,cycles 131110700..131110703 (4 cyc)
"tile 0,3 core",ACTIVE|LOCK_STALL,6179.233831,6179.239831,cycles 131110703..131110708 (6 cyc)
"tile 0,3 core",ACTIVE|LOCK_STALL,6179.238831,6179.242832,cycles 131110708..131110711 (4 cyc)
"tile 0,3 core",ACTIVE|LOCK_STALL,6179.241831,6179.247832,cycles 131110711..131110716 (6 cyc)
"tile 0,3 core",ACTIVE|LOCK_STALL,6179.246832,6179.250832,cycles 131110716..131110719 (4 cyc)
"tile 0,3 core",ACTIVE|LOCK_STALL,6179.249832,6179.256833,cycles 131110719..131110725 (7 cyc)
"tile 0,3 core",ACTIVE|LOCK_STALL,6179.255833,6179.259833,cycles 131110725..131110728 (4 cyc)
"tile 0,3 core",ACTIVE|LOCK_STALL,6179.258833,6179.263834,cycles 131110728..131110732 (5 cyc)
"tile 0,3 core",ACTIVE|LOCK_STALL,6179.262834,6179.266834,cycles 131110732..131110735 (4 cyc)
"tile 0,3 core",ACTIVE|LOCK_STALL,6179.265834,6179.272834,cycles 131110735..131110741 (7 cyc)
"tile 0,3 core",ACTIVE|LOCK_STALL,6179.271834,6179.275835,cycles 131110741..131110744 (4 cyc)
"tile 0,3 core",ACTIVE|LOCK_STALL,6179.274835,6179.279835,cycles 131110744..131110748 (5 cyc)
"tile 0,3 core",ACTIVE|LOCK_STALL,6179.278835,6179.288836,cycles 131110748..131110757 (10 cyc)
"tile 0,3 core",ACTIVE|LOCK_STALL,6179.287836,6179.288836,cycles 131110757..131110757 (1 cyc)
"tile 0,3 core",ACTIVE|LOCK_STALL,6179.287836,6179.291836,cycles 131110757..131110760 (4 cyc)
"tile 0,3 core",ACTIVE,6179.290836,6179.301837,cycles 131110760..131110770 (11 cyc)
"tile 0,3 core",ACTIVE|LOCK_STALL,6179.300837,6179.301837,cycles 131110770..131110770 (1 cyc)
"tile 0,3 core",ACTIVE,6179.300837,6179.351842,cycles 131110770..131110820 (51 cyc)
"tile 0,3 core",ACTIVE|LOCK_STALL,6179.350842,6179.351842,cycles 131110820..131110820 (1 cyc)
"tile 0,3 core",ACTIVE,6179.350842,6179.361843,cycles 131110820..131110830 (11 cyc)
"tile 0,3 core",ACTIVE|LOCK_STALL,6179.360843,6179.361843,cycles 131110830..131110830 (1 cyc)
"tile 0,3 core",ACTIVE,6179.360843,6179.408847,cycles 131110830..131110877 (48 cyc)
"tile 0,3 core",ACTIVE,6179.407847,6179.408847,cycles 131110877..131110877 (1 cyc)
"tile 0,3 core",ACTIVE,6179.407847,6179.408847,cycles 131110877..131110877 (1 cyc)
"tile 0,3 core",ACTIVE|LOCK_STALL,6179.407847,6179.411848,cycles 131110877..131110880 (4 cyc)
"tile 0,3 core",ACTIVE,6179.410848,6179.421849,cycles 131110880..131110890 (11 cyc)
"tile 0,3 core",ACTIVE|LOCK_STALL,6179.420849,6179.421849,cycles 131110890..131110890 (1 cyc)
"tile 0,3 core",ACTIVE,6179.420849,6179.471853,cycles 131110890..131110940 (51 cyc)
"tile 0,3 core",ACTIVE|LOCK_STALL,6179.470853,6179.508857,cycles 131110940..131110977 (38 cyc)
"tile 0,3 core",ACTIVE|LOCK_STALL,6179.507857,6179.509857,cycles 131110977..131110978 (2 cyc)
"tile 0,3 core",ACTIVE|LOCK_STALL,6179.508857,6179.512857,cycles 131110978..131110981 (4 cyc)
"tile 0,3 core",ACTIVE|LOCK_STALL,6179.511857,6179.517858,cycles 131110981..131110986 (6 cyc)
"tile 0,3 core",ACTIVE|LOCK_STALL,6179.516858,6179.520858,cycles 131110986..131110989 (4 cyc)
"tile 0,3 core",ACTIVE|LOCK_STALL,6179.519858,6179.545861,cycles 131110989..131111014 (26 cyc)
"tile 0,3 core",ACTIVE|LOCK_STALL,6179.544860,6179.548861,cycles 131111014..131111017 (4 cyc)
"tile 0,3 core",ACTIVE|LOCK_STALL,6179.547861,6179.552861,cycles 131111017..131111021 (5 cyc)
"tile 0,3 core",ACTIVE|LOCK_STALL,6179.551861,6179.555862,cycles 131111021..131111024 (4 cyc)
"tile 0,3 core",ACTIVE|LOCK_STALL,6179.554861,6179.561862,cycles 131111024..131111030 (7 cyc)
"tile 0,3 core",ACTIVE|LOCK_STALL,6179.560862,6179.568863,cycles 131111030..131111037 (8 cyc)
"tile 0,3 core",ACTIVE|LOCK_STALL,6179.567863,6179.569863,cycles 131111037..131111038 (2 cyc)
"tile 0,3 core",ACTIVE|LOCK_STALL,6179.568863,6179.576864,cycles 131111038..131111045 (8 cyc)
"tile 0,3 core",ACTIVE|LOCK_STALL,6179.575863,6179.577864,cycles 131111045..131111046 (2 cyc)
"tile 0,3 core",ACTIVE|LOCK_STALL,6179.576864,6179.584864,cycles 131111046..131111053 (8 cyc)
"tile 0,3 core",ACTIVE|LOCK_STALL,6179.583864,6179.585864,cycles 131111053..131111054 (2 cyc)
"tile 0,3 core",ACTIVE|LOCK_STALL,6179.584864,6179.592865,cycles 131111054..131111061 (8 cyc)
"tile 0,3 core",ACTIVE|LOCK_STALL,6179.591865,6179.592865,cycles 131111061..131111061 (1 cyc)
"tile 0,3 core",ACTIVE|LOCK_STALL,6179.591865,6179.599866,cycles 131111061..131111068 (8 cyc)
"tile 0,3 core",ACTIVE|LOCK_STALL,6179.598866,6179.601866,cycles 131111068..131111070 (3 cyc)
"tile 0,3 core",ACTIVE|LOCK_STALL,6179.600866,6179.608867,cycles 131111070..131111077 (8 cyc)
"tile 0,3 core",ACTIVE|LOCK_STALL,6179.607866,6179.609867,cycles 131111077..131111078 (2 cyc)
"tile 0,3 core",ACTIVE|LOCK_STALL,6179.608867,6179.616867,cycles 131111078..131111085 (8 cyc)
"tile 0,3 core",ACTIVE|LOCK_STALL,6179.615867,6179.617867,cycles 131111085..131111086 (2 cyc)
"tile 0,3 core",ACTIVE|LOCK_STALL,6179.616867,6179.624868,cycles 131111086..131111093 (8 cyc)
"tile 0,3 core",ACTIVE|LOCK_STALL,6179.623868,6179.625868,cycles 131111093..131111094 (2 cyc)
"tile 0,3 core",ACTIVE|LOCK_STALL,6179.624868,6179.632869,cycles 131111094..131111101 (8 cyc)
"tile 0,3 core",ACTIVE|LOCK_STALL,6179.631869,6179.632869,cycles 131111101..131111101 (1 cyc)
"tile 0,3 core",ACTIVE|LOCK_STALL,6179.631869,6179.639870,cycles 131111101..131111108 (8 cyc)
"tile 0,3 core",ACTIVE|LOCK_STALL,6179.638869,6179.641870,cycles 131111108..131111110 (3 cyc)
"tile 0,3 core",ACTIVE|LOCK_STALL,6179.640870,6179.648870,cycles 131111110..131111117 (8 cyc)
"tile 0,3 core",ACTIVE|LOCK_STALL,6179.647870,6179.648870,cycles 131111117..131111117 (1 cyc)
"tile 0,3 core",ACTIVE|LOCK_STALL,6179.647870,6179.655871,cycles 131111117..131111124 (8 cyc)
"tile 0,3 core",ACTIVE|LOCK_STALL,6179.654871,6179.657871,cycles 131111124..131111126 (3 cyc)
"tile 0,3 core",ACTIVE|LOCK_STALL,6179.656871,6179.664872,cycles 131111126..131111133 (8 cyc)
"tile 0,3 core",ACTIVE|LOCK_STALL,6179.663872,6179.665872,cycles 131111133..131111134 (2 cyc)
"tile 0,3 core",ACTIVE|LOCK_STALL,6179.664872,6179.672873,cycles 131111134..131111141 (8 cyc)
"tile 0,3 core",ACTIVE|LOCK_STALL,6179.671873,6179.673873,cycles 131111141..131111142 (2 cyc)
"tile 0,3 core",ACTIVE|LOCK_STALL,6179.672873,6179.680873,cycles 131111142..131111149 (8 cyc)
"tile 0,3 core",ACTIVE|LOCK_STALL,6179.679873,6179.681874,cycles 131111149..131111150 (2 cyc)
"tile 0,3 core",ACTIVE|LOCK_STALL,6179.680873,6179.694875,cycles 131111150..131111163 (14 cyc)
"tile 0,3 core",ACTIVE|LOCK_STALL,6179.693875,6179.694875,cycles 131111163..131111163 (1 cyc)
"tile 0,3 core",ACTIVE|LOCK_STALL,6179.693875,6179.709876,cycles 131111163..131111178 (16 cyc)
"tile 0,3 core",ACTIVE|LOCK_STALL,6179.708876,6230.850766,cycles 131111178..131162314 (51137 cyc)
"tile 0,3 core",ACTIVE,6230.849766,6230.860767,cycles 131162314..131162324 (11 cyc)
"tile 0,3 core",ACTIVE|LOCK_STALL,6230.859767,6230.860767,cycles 131162324..131162324 (1 cyc)
"tile 0,3 core",ACTIVE,6230.859767,6230.909772,cycles 131162324..131162373 (50 cyc)
"tile 0,3 core",ACTIVE|LOCK_STALL,6230.908772,6230.909772,cycles 131162373..131162373 (1 cyc)
"tile 0,3 core",ACTIVE,6230.908772,6230.919773,cycles 131162373..131162383 (11 cyc)
"tile 0,3 core",ACTIVE|LOCK_STALL,6230.918773,6230.919773,cycles 131162383..131162383 (1 cyc)
"tile 0,3 core",ACTIVE,6230.918773,6230.925773,cycles 131162383..131162389 (7 cyc)
"tile 0,3 core",ACTIVE,6230.924773,6230.932774,cycles 131162389..131162396 (8 cyc)
"tile 0,3 core",ACTIVE,6230.931774,6230.932774,cycles 131162396..131162396 (1 cyc)
"tile 0,3 core",ACTIVE,6230.931774,6230.966777,cycles 131162396..131162430 (35 cyc)
"tile 0,3 core",ACTIVE|LOCK_STALL,6230.965777,6231.034784,cycles 131162430..131162498 (69 cyc)
"tile 0,3 core",ACTIVE|LOCK_STALL,6231.033784,6231.034784,cycles 131162498..131162498 (1 cyc)
"tile 0,3 core",ACTIVE|LOCK_STALL,6231.033784,6231.049785,cycles 131162498..131162513 (16 cyc)
"tile 0,3 core",ACTIVE|LOCK_STALL,6231.048785,6231.152795,cycles 131162513..131162616 (104 cyc)
"tile 0,3 core",ACTIVE,6231.151795,6231.162796,cycles 131162616..131162626 (11 cyc)
"tile 0,3 core",ACTIVE|LOCK_STALL,6231.161796,6231.162796,cycles 131162626..131162626 (1 cyc)
"tile 0,3 core",ACTIVE,6231.161796,6231.211801,cycles 131162626..131162675 (50 cyc)
"tile 0,3 core",ACTIVE|LOCK_STALL,6231.210801,6231.211801,cycles 131162675..131162675 (1 cyc)
"tile 0,3 core",ACTIVE,6231.210801,6231.221802,cycles 131162675..131162685 (11 cyc)
"tile 0,3 core",ACTIVE|LOCK_STALL,6231.220801,6231.221802,cycles 131162685..131162685 (1 cyc)
"tile 0,3 core",ACTIVE,6231.220801,6231.272806,cycles 131162685..131162736 (52 cyc)
"tile 0,3 core",ACTIVE|LOCK_STALL,6231.271806,6231.272806,cycles 131162736..131162736 (1 cyc)
"tile 0,3 core",ACTIVE,6231.271806,6231.282807,cycles 131162736..131162746 (11 cyc)
"tile 0,3 core",ACTIVE|LOCK_STALL,6231.281807,6231.282807,cycles 131162746..131162746 (1 cyc)
"tile 0,3 core",ACTIVE,6231.281807,6231.288808,cycles 131162746..131162752 (7 cyc)
"tile 0,3 core",ACTIVE,6231.287808,6231.295809,cycles 131162752..131162759 (8 cyc)
"tile 0,3 core",ACTIVE,6231.294809,6231.295809,cycles 131162759..131162759 (1 cyc)
"tile 0,3 core",ACTIVE,6231.294809,6231.329812,cycles 131162759..131162793 (35 cyc)
"tile 0,3 core",ACTIVE|LOCK_STALL,6231.328812,6231.329812,cycles 131162793..131162793 (1 cyc)
"tile 0,3 core",ACTIVE,6231.328812,6231.339813,cycles 131162793..131162803 (11 cyc)
"tile 0,3 core",ACTIVE|LOCK_STALL,6231.338813,6231.339813,cycles 131162803..131162803 (1 cyc)
"tile 0,3 core",ACTIVE,6231.338813,6231.388818,cycles 131162803..131162852 (50 cyc)
"tile 0,3 core",ACTIVE|LOCK_STALL,6231.387817,6231.388818,cycles 131162852..131162852 (1 cyc)
"tile 0,3 core",ACTIVE,6231.387817,6231.392818,cycles 131162852..131162856 (5 cyc)
"tile 0,3 core",ACTIVE,6231.391818,6231.392818,cycles 131162856..131162856 (1 cyc)
"tile 0,3 core",ACTIVE,6231.391818,6231.396818,cycles 131162856..131162860 (5 cyc)
"tile 0,3 core",ACTIVE|LOCK_STALL,6231.395818,6231.396818,cycles 131162860..131162860 (1 cyc)
"tile 0,3 core",ACTIVE,6231.395818,6231.446823,cycles 131162860..131162910 (51 cyc)
"tile 0,3 core",ACTIVE|LOCK_STALL,6231.445823,6231.516830,cycles 131162910..131162980 (71 cyc)
"tile 0,3 core",ACTIVE|LOCK_STALL,6231.515830,6231.516830,cycles 131162980..131162980 (1 cyc)
"tile 0,3 core",ACTIVE|LOCK_STALL,6231.515830,6231.531831,cycles 131162980..131162995 (16 cyc)
"tile 0,3 core",ACTIVE|LOCK_STALL,6231.530831,6231.774854,cycles 131162995..131163238 (244 cyc)
"tile 0,3 core",ACTIVE,6231.773854,6231.784855,cycles 131163238..131163248 (11 cyc)
"tile 0,3 core",ACTIVE|LOCK_STALL,6231.783855,6231.784855,cycles 131163248..131163248 (1 cyc)
"tile 0,3 core",ACTIVE,6231.783855,6231.833860,cycles 131163248..131163297 (50 cyc)
"tile 0,3 core",ACTIVE|LOCK_STALL,6231.832860,6231.833860,cycles 131163297..131163297 (1 cyc)
"tile 0,3 core",ACTIVE,6231.832860,6231.843861,cycles 131163297..131163307 (11 cyc)
"tile 0,3 core",ACTIVE|LOCK_STALL,6231.842861,6231.843861,cycles 131163307..131163307 (1 cyc)
"tile 0,3 core",ACTIVE,6231.842861,6231.849862,cycles 131163307..131163313 (7 cyc)
"tile 0,3 core",ACTIVE,6231.848862,6231.892866,cycles 131163313..131163356 (44 cyc)
"tile 0,3 core",ACTIVE|LOCK_STALL,6231.891866,6231.959872,cycles 131163356..131163423 (68 cyc)
"tile 0,3 core",ACTIVE|LOCK_STALL,6231.958872,6231.959872,cycles 131163423..131163423 (1 cyc)
"tile 0,3 core",ACTIVE|LOCK_STALL,6231.958872,6231.974874,cycles 131163423..131163438 (16 cyc)
"tile 0,3 core",ACTIVE|LOCK_STALL,6231.973873,6233.678036,cycles 131163438..131165141 (1704 cyc)
"tile 0,3 core",ACTIVE,6233.677036,6233.688037,cycles 131165141..131165151 (11 cyc)
"tile 0,3 core",ACTIVE|LOCK_STALL,6233.687037,6233.688037,cycles 131165151..131165151 (1 cyc)
"tile 0,3 core",ACTIVE,6233.687037,6233.737042,cycles 131165151..131165200 (50 cyc)
"tile 0,3 core",ACTIVE|LOCK_STALL,6233.736042,6233.737042,cycles 131165200..131165200 (1 cyc)
"tile 0,3 core",ACTIVE,6233.736042,6233.747043,cycles 131165200..131165210 (11 cyc)
"tile 0,3 core",ACTIVE|LOCK_STALL,6233.746043,6233.747043,cycles 131165210..131165210 (1 cyc)
"tile 0,3 core",ACTIVE,6233.746043,6233.753044,cycles 131165210..131165216 (7 cyc)
"tile 0,3 core",ACTIVE,6233.752044,6233.796048,cycles 131165216..131165259 (44 cyc)
"tile 0,3 core",ACTIVE|LOCK_STALL,6233.795048,6233.863054,cycles 131165259..131165326 (68 cyc)
"tile 0,3 core",ACTIVE|LOCK_STALL,6233.862054,6233.863054,cycles 131165326..131165326 (1 cyc)
"tile 0,3 core",ACTIVE|LOCK_STALL,6233.862054,6233.878056,cycles 131165326..131165341 (16 cyc)
"tile 0,3 core",ACTIVE|LOCK_STALL,6233.877055,6234.354101,cycles 131165341..131165817 (477 cyc)
"tile 0,3 core",ACTIVE,6234.353101,6234.364102,cycles 131165817..131165827 (11 cyc)
"tile 0,3 core",ACTIVE|LOCK_STALL,6234.363102,6234.364102,cycles 131165827..131165827 (1 cyc)
"tile 0,3 core",ACTIVE,6234.363102,6234.413107,cycles 131165827..131165876 (50 cyc)
"tile 0,3 core",ACTIVE|LOCK_STALL,6234.412107,6234.413107,cycles 131165876..131165876 (1 cyc)
"tile 0,3 core",ACTIVE,6234.412107,6234.423108,cycles 131165876..131165886 (11 cyc)
"tile 0,3 core",ACTIVE|LOCK_STALL,6234.422108,6234.423108,cycles 131165886..131165886 (1 cyc)
"tile 0,3 core",ACTIVE,6234.422108,6234.474113,cycles 131165886..131165937 (52 cyc)
"tile 0,3 core",ACTIVE|LOCK_STALL,6234.473112,6234.474113,cycles 131165937..131165937 (1 cyc)
"tile 0,3 core",ACTIVE,6234.473112,6234.484114,cycles 131165937..131165947 (11 cyc)
"tile 0,3 core",ACTIVE|LOCK_STALL,6234.483113,6234.484114,cycles 131165947..131165947 (1 cyc)
"tile 0,3 core",ACTIVE,6234.483113,6234.490114,cycles 131165947..131165953 (7 cyc)
"tile 0,3 core",ACTIVE,6234.489114,6234.533118,cycles 131165953..131165996 (44 cyc)
"tile 0,3 core",ACTIVE|LOCK_STALL,6234.532118,6234.600125,cycles 131165996..131166063 (68 cyc)
"tile 0,3 core",ACTIVE|LOCK_STALL,6234.599125,6234.600125,cycles 131166063..131166063 (1 cyc)
"tile 0,3 core",ACTIVE|LOCK_STALL,6234.599125,6234.615126,cycles 131166063..131166078 (16 cyc)
"tile 0,3 core",ACTIVE|LOCK_STALL,6234.614126,6235.193181,cycles 131166078..131166656 (579 cyc)
"tile 0,3 core",ACTIVE,6235.192181,6235.203182,cycles 131166656..131166666 (11 cyc)
"tile 0,3 core",ACTIVE|LOCK_STALL,6235.202182,6235.203182,cycles 131166666..131166666 (1 cyc)
"tile 0,3 core",ACTIVE,6235.202182,6235.252187,cycles 131166666..131166715 (50 cyc)
"tile 0,3 core",ACTIVE|LOCK_STALL,6235.251187,6235.252187,cycles 131166715..131166715 (1 cyc)
"tile 0,3 core",ACTIVE,6235.251187,6235.262188,cycles 131166715..131166725 (11 cyc)
"tile 0,3 core",ACTIVE|LOCK_STALL,6235.261188,6235.262188,cycles 131166725..131166725 (1 cyc)
"tile 0,3 core",ACTIVE,6235.261188,6235.268188,cycles 131166725..131166731 (7 cyc)
"tile 0,3 core",ACTIVE,6235.267188,6235.311193,cycles 131166731..131166774 (44 cyc)
"tile 0,3 core",ACTIVE|LOCK_STALL,6235.310193,6235.378199,cycles 131166774..131166841 (68 cyc)
"tile 0,3 core",ACTIVE|LOCK_STALL,6235.377199,6235.378199,cycles 131166841..131166841 (1 cyc)
"tile 0,3 core",ACTIVE|LOCK_STALL,6235.377199,6235.393200,cycles 131166841..131166856 (16 cyc)
"tile 0,3 core",ACTIVE|LOCK_STALL,6235.392200,6237.262379,cycles 131166856..131168725 (1870 cyc)
"tile 0,3 core",ACTIVE,6237.261379,6237.272380,cycles 131168725..131168735 (11 cyc)
"tile 0,3 core",ACTIVE|LOCK_STALL,6237.271380,6237.272380,cycles 131168735..131168735 (1 cyc)
"tile 0,3 core",ACTIVE,6237.271380,6237.321385,cycles 131168735..131168784 (50 cyc)
"tile 0,3 core",ACTIVE|LOCK_STALL,6237.320385,6237.321385,cycles 131168784..131168784 (1 cyc)
"tile 0,3 core",ACTIVE,6237.320385,6237.331386,cycles 131168784..131168794 (11 cyc)
"tile 0,3 core",ACTIVE|LOCK_STALL,6237.330386,6237.331386,cycles 131168794..131168794 (1 cyc)
"tile 0,3 core",ACTIVE,6237.330386,6237.337386,cycles 131168794..131168800 (7 cyc)
"tile 0,3 core",ACTIVE,6237.336386,6237.380390,cycles 131168800..131168843 (44 cyc)
"tile 0,3 core",ACTIVE|LOCK_STALL,6237.379390,6237.447397,cycles 131168843..131168910 (68 cyc)
"tile 0,3 core",ACTIVE|LOCK_STALL,6237.446397,6237.447397,cycles 131168910..131168910 (1 cyc)
"tile 0,3 core",ACTIVE|LOCK_STALL,6237.446397,6237.462398,cycles 131168910..131168925 (16 cyc)
"tile 0,3 core",ACTIVE|LOCK_STALL,6237.461398,6238.541501,cycles 131168925..131170004 (1080 cyc)
"tile 0,3 core",ACTIVE,6238.540501,6238.551502,cycles 131170004..131170014 (11 cyc)
"tile 0,3 core",ACTIVE|LOCK_STALL,6238.550502,6238.551502,cycles 131170014..131170014 (1 cyc)
"tile 0,3 core",ACTIVE,6238.550502,6238.600507,cycles 131170014..131170063 (50 cyc)
"tile 0,3 core",ACTIVE|LOCK_STALL,6238.599507,6238.600507,cycles 131170063..131170063 (1 cyc)
"tile 0,3 core",ACTIVE,6238.599507,6238.610508,cycles 131170063..131170073 (11 cyc)
"tile 0,3 core",ACTIVE|LOCK_STALL,6238.609508,6238.610508,cycles 131170073..131170073 (1 cyc)
"tile 0,3 core",ACTIVE,6238.609508,6238.616509,cycles 131170073..131170079 (7 cyc)
"tile 0,3 core",ACTIVE,6238.615509,6238.659513,cycles 131170079..131170122 (44 cyc)
"tile 0,3 core",ACTIVE|LOCK_STALL,6238.658513,6238.726519,cycles 131170122..131170189 (68 cyc)
"tile 0,3 core",ACTIVE|LOCK_STALL,6238.725519,6238.726519,cycles 131170189..131170189 (1 cyc)
"tile 0,3 core",ACTIVE|LOCK_STALL,6238.725519,6238.741521,cycles 131170189..131170204 (16 cyc)
"tile 0,3 core",ACTIVE|LOCK_STALL,6238.740520,6238.911537,cycles 131170204..131170374 (171 cyc)
"tile 0,3 core",ACTIVE,6238.910537,6238.921538,cycles 131170374..131170384 (11 cyc)
"tile 0,3 core",ACTIVE|LOCK_STALL,6238.920538,6238.921538,cycles 131170384..131170384 (1 cyc)
"tile 0,3 core",ACTIVE,6238.920538,6238.970542,cycles 131170384..131170433 (50 cyc)
"tile 0,3 core",ACTIVE|LOCK_STALL,6238.969542,6238.970542,cycles 131170433..131170433 (1 cyc)
"tile 0,3 core",ACTIVE,6238.969542,6238.980543,cycles 131170433..131170443 (11 cyc)
"tile 0,3 core",ACTIVE|LOCK_STALL,6238.979543,6238.980543,cycles 131170443..131170443 (1 cyc)
"tile 0,3 core",ACTIVE,6238.979543,6239.031548,cycles 131170443..131170494 (52 cyc)
"tile 0,3 core",ACTIVE|LOCK_STALL,6239.030548,6239.031548,cycles 131170494..131170494 (1 cyc)
"tile 0,3 core",ACTIVE,6239.030548,6239.041549,cycles 131170494..131170504 (11 cyc)
"tile 0,3 core",ACTIVE|LOCK_STALL,6239.040549,6239.041549,cycles 131170504..131170504 (1 cyc)
"tile 0,3 core",ACTIVE,6239.040549,6239.047550,cycles 131170504..131170510 (7 cyc)
"tile 0,3 core",ACTIVE,6239.046550,6239.090554,cycles 131170510..131170553 (44 cyc)
"tile 0,3 core",ACTIVE|LOCK_STALL,6239.089554,6239.157560,cycles 131170553..131170620 (68 cyc)
"tile 0,3 core",ACTIVE|LOCK_STALL,6239.156560,6239.157560,cycles 131170620..131170620 (1 cyc)
"tile 0,3 core",ACTIVE|LOCK_STALL,6239.156560,6239.172562,cycles 131170620..131170635 (16 cyc)
"tile 0,3 core",ACTIVE|LOCK_STALL,6239.171562,6239.180563,cycles 131170635..131170643 (9 cyc)
"tile 0,3 core",ACTIVE,6239.179562,6239.190564,cycles 131170643..131170653 (11 cyc)
"tile 0,3 core",ACTIVE|LOCK_STALL,6239.189563,6239.190564,cycles 131170653..131170653 (1 cyc)
"tile 0,3 core",ACTIVE,6239.189563,6239.239568,cycles 131170653..131170702 (50 cyc)
"tile 0,3 core",ACTIVE|LOCK_STALL,6239.238568,6239.239568,cycles 131170702..131170702 (1 cyc)
"tile 0,3 core",ACTIVE,6239.238568,6239.249569,cycles 131170702..131170712 (11 cyc)
"tile 0,3 core",ACTIVE|LOCK_STALL,6239.248569,6239.249569,cycles 131170712..131170712 (1 cyc)
"tile 0,3 core",ACTIVE,6239.248569,6239.255570,cycles 131170712..131170718 (7 cyc)
"tile 0,3 core",ACTIVE,6239.254570,6239.298574,cycles 131170718..131170761 (44 cyc)
"tile 0,3 core",ACTIVE|LOCK_STALL,6239.297574,6239.359580,cycles 131170761..131170822 (62 cyc)
"tile 0,3 core",ACTIVE|LOCK_STALL,6239.358580,6239.360580,cycles 131170822..131170823 (2 cyc)
"tile 0,3 core",ACTIVE,6239.359580,6239.370581,cycles 131170823..131170833 (11 cyc)
"tile 0,3 core",ACTIVE|LOCK_STALL,6239.369581,6239.370581,cycles 131170833..131170833 (1 cyc)
"tile 0,3 core",ACTIVE,6239.369581,6239.419585,cycles 131170833..131170882 (50 cyc)
"tile 0,3 core",ACTIVE|LOCK_STALL,6239.418585,6239.419585,cycles 131170882..131170882 (1 cyc)
"tile 0,3 core",ACTIVE,6239.418585,6239.429586,cycles 131170882..131170892 (11 cyc)
"tile 0,3 core",ACTIVE|LOCK_STALL,6239.428586,6239.429586,cycles 131170892..131170892 (1 cyc)
"tile 0,3 core",ACTIVE,6239.428586,6239.479591,cycles 131170892..131170942 (51 cyc)
"tile 0,3 core",ACTIVE|LOCK_STALL,6239.478591,6239.543597,cycles 131170942..131171006 (65 cyc)
"tile 0,3 core",ACTIVE,6239.542597,6239.553598,cycles 131171006..131171016 (11 cyc)
"tile 0,3 core",ACTIVE|LOCK_STALL,6239.552598,6239.553598,cycles 131171016..131171016 (1 cyc)
"tile 0,3 core",ACTIVE,6239.552598,6239.602603,cycles 131171016..131171065 (50 cyc)
"tile 0,3 core",ACTIVE|LOCK_STALL,6239.601603,6239.602603,cycles 131171065..131171065 (1 cyc)
"tile 0,3 core",ACTIVE,6239.601603,6239.612604,cycles 131171065..131171075 (11 cyc)
"tile 0,3 core",ACTIVE|LOCK_STALL,6239.611604,6239.612604,cycles 131171075..131171075 (1 cyc)
"tile 0,3 core",ACTIVE,6239.611604,6239.662609,cycles 131171075..131171125 (51 cyc)
"tile 0,3 core",ACTIVE|LOCK_STALL,6239.661609,6239.764618,cycles 131171125..131171227 (103 cyc)
"tile 0,3 core",ACTIVE,6239.763618,6239.774619,cycles 131171227..131171237 (11 cyc)
"tile 0,3 core",ACTIVE|LOCK_STALL,6239.773619,6239.774619,cycles 131171237..131171237 (1 cyc)
"tile 0,3 core",ACTIVE,6239.773619,6239.823624,cycles 131171237..131171286 (50 cyc)
"tile 0,3 core",ACTIVE|LOCK_STALL,6239.822624,6239.823624,cycles 131171286..131171286 (1 cyc)
"tile 0,3 core",ACTIVE,6239.822624,6239.833625,cycles 131171286..131171296 (11 cyc)
"tile 0,3 core",ACTIVE|LOCK_STALL,6239.832625,6239.833625,cycles 131171296..131171296 (1 cyc)
"tile 0,3 core",ACTIVE,6239.832625,6239.884630,cycles 131171296..131171347 (52 cyc)
"tile 0,3 core",ACTIVE|LOCK_STALL,6239.883630,6274.592949,cycles 131171347..131206052 (34706 cyc)
"tile 0,3 core",ACTIVE|LOCK_STALL,6274.591948,6274.593949,cycles 131206052..131206053 (2 cyc)
"tile 0,3 core",ACTIVE|LOCK_STALL,6274.592949,6274.593949,cycles 131206053..131206053 (1 cyc)
"tile 0,3 core",ACTIVE|LOCK_STALL,6274.592949,6274.598949,cycles 131206053..131206058 (6 cyc)
"tile 0,3 core",ACTIVE|LOCK_STALL,6274.597949,6274.599949,cycles 131206058..131206059 (2 cyc)
"tile 0,3 core",ACTIVE|LOCK_STALL,6274.598949,6274.606950,cycles 131206059..131206066 (8 cyc)
"tile 0,3 core",ACTIVE|LOCK_STALL,6274.605950,6274.609950,cycles 131206066..131206069 (4 cyc)
"tile 0,3 core",ACTIVE|LOCK_STALL,6274.608950,6274.616951,cycles 131206069..131206076 (8 cyc)
"tile 0,3 core",ACTIVE|LOCK_STALL,6274.615951,6274.617951,cycles 131206076..131206077 (2 cyc)
"tile 0,3 core",ACTIVE|LOCK_STALL,6274.616951,6274.624952,cycles 131206077..131206084 (8 cyc)
"tile 0,3 core",ACTIVE|LOCK_STALL,6274.623952,6274.625952,cycles 131206084..131206085 (2 cyc)
"tile 0,3 core",ACTIVE|LOCK_STALL,6274.624952,6274.632952,cycles 131206085..131206092 (8 cyc)
"tile 0,3 core",ACTIVE|LOCK_STALL,6274.631952,6274.633952,cycles 131206092..131206093 (2 cyc)
"tile 0,3 core",ACTIVE|LOCK_STALL,6274.632952,6274.640953,cycles 131206093..131206100 (8 cyc)
"tile 0,3 core",ACTIVE|LOCK_STALL,6274.639953,6274.641953,cycles 131206100..131206101 (2 cyc)
"tile 0,3 core",ACTIVE|LOCK_STALL,6274.640953,6274.648954,cycles 131206101..131206108 (8 cyc)
"tile 0,3 core",ACTIVE|LOCK_STALL,6274.647954,6274.649954,cycles 131206108..131206109 (2 cyc)
"tile 0,3 core",ACTIVE|LOCK_STALL,6274.648954,6274.656955,cycles 131206109..131206116 (8 cyc)
"tile 0,3 core",ACTIVE|LOCK_STALL,6274.655955,6274.657955,cycles 131206116..131206117 (2 cyc)
"tile 0,3 core",ACTIVE|LOCK_STALL,6274.656955,6274.664955,cycles 131206117..131206124 (8 cyc)
"tile 0,3 core",ACTIVE|LOCK_STALL,6274.663955,6274.665956,cycles 131206124..131206125 (2 cyc)
"tile 0,3 core",ACTIVE|LOCK_STALL,6274.664955,6274.672956,cycles 131206125..131206132 (8 cyc)
"tile 0,3 core",ACTIVE|LOCK_STALL,6274.671956,6274.673956,cycles 131206132..131206133 (2 cyc)
"tile 0,3 core",ACTIVE|LOCK_STALL,6274.672956,6274.680957,cycles 131206133..131206140 (8 cyc)
"tile 0,3 core",ACTIVE|LOCK_STALL,6274.679957,6274.681957,cycles 131206140..131206141 (2 cyc)
"tile 0,3 core",ACTIVE|LOCK_STALL,6274.680957,6274.688958,cycles 131206141..131206148 (8 cyc)
"tile 0,3 core",ACTIVE|LOCK_STALL,6274.687958,6274.690958,cycles 131206148..131206150 (3 cyc)
"tile 0,3 core",ACTIVE|LOCK_STALL,6274.689958,6274.697959,cycles 131206150..131206157 (8 cyc)
"tile 0,3 core",ACTIVE|LOCK_STALL,6274.696958,6274.697959,cycles 131206157..131206157 (1 cyc)
"tile 0,3 core",ACTIVE|LOCK_STALL,6274.696958,6274.704959,cycles 131206157..131206164 (8 cyc)
"tile 0,3 core",ACTIVE|LOCK_STALL,6274.703959,6274.705959,cycles 131206164..131206165 (2 cyc)
"tile 0,3 core",ACTIVE|LOCK_STALL,6274.704959,6274.712960,cycles 131206165..131206172 (8 cyc)
"tile 0,3 core",ACTIVE|LOCK_STALL,6274.711960,6274.713960,cycles 131206172..131206173 (2 cyc)
"tile 0,3 core",ACTIVE|LOCK_STALL,6274.712960,6274.724961,cycles 131206173..131206184 (12 cyc)
"tile 0,3 core",ACTIVE|LOCK_STALL,6274.723961,6274.729962,cycles 131206184..131206189 (6 cyc)
"tile 0,3 core",ACTIVE|LOCK_STALL,6274.728962,6274.730962,cycles 131206189..131206190 (2 cyc)
"tile 0,3 core",ACTIVE,6274.729962,6274.731962,cycles 131206190..131206191 (2 cyc)
"tile 0,3 core",ACTIVE,6274.730962,6274.736962,cycles 131206191..131206196 (6 cyc)
"tile 0,3 core",ACTIVE,6274.735962,6274.738963,cycles 131206196..131206198 (3 cyc)
"tile 0,3 core",ACTIVE|LOCK_STALL,6274.737962,6274.738963,cycles 131206198..131206198 (1 cyc)
"tile 0,3 core",ACTIVE,6274.737962,6274.742963,cycles 131206198..131206202 (5 cyc)
"tile 0,3 core",ACTIVE,6274.741963,6274.745963,cycles 131206202..131206205 (4 cyc)
"tile 0,3 core",ACTIVE,6274.744963,6274.751964,cycles 131206205..131206211 (7 cyc)
"tile 0,3 core",ACTIVE,6274.750964,6274.754964,cycles 131206211..131206214 (4 cyc)
"tile 0,3 core",ACTIVE,6274.753964,6274.758964,cycles 131206214..131206218 (5 cyc)
"tile 0,3 core",ACTIVE,6274.757964,6274.761965,cycles 131206218..131206221 (4 cyc)
"tile 0,3 core",ACTIVE,6274.760965,6274.767965,cycles 131206221..131206227 (7 cyc)
"tile 0,3 core",ACTIVE,6274.766965,6274.770966,cycles 131206227..131206230 (4 cyc)
"tile 0,3 core",ACTIVE,6274.769965,6274.775966,cycles 131206230..131206235 (6 cyc)
"tile 0,3 core",ACTIVE,6274.774966,6274.778966,cycles 131206235..131206238 (4 cyc)
"tile 0,3 core",ACTIVE,6274.777966,6274.778966,cycles 131206238..131206238 (1 cyc)
"tile 0,3 core",ACTIVE|LOCK_STALL,6274.777966,6274.778966,cycles 131206238..131206238 (1 cyc)
"tile 0,3 core",ACTIVE,6274.777966,6274.780967,cycles 131206238..131206240 (3 cyc)
"tile 0,3 core",ACTIVE,6274.779966,6274.783967,cycles 131206240..131206243 (4 cyc)
"tile 0,3 core",ACTIVE,6274.782967,6274.786967,cycles 131206243..131206246 (4 cyc)
"tile 0,3 core",ACTIVE|LOCK_STALL,6274.785967,6274.786967,cycles 131206246..131206246 (1 cyc)
"tile 0,3 core",ACTIVE,6274.785967,6274.787967,cycles 131206246..131206247 (2 cyc)
"tile 0,3 core",ACTIVE,6274.786967,6274.790967,cycles 131206247..131206250 (4 cyc)
"tile 0,3 core",ACTIVE,6274.789967,6274.794968,cycles 131206250..131206254 (5 cyc)
"tile 0,3 core",ACTIVE,6274.793968,6274.797968,cycles 131206254..131206257 (4 cyc)
"tile 0,3 core",ACTIVE,6274.796968,6274.804969,cycles 131206257..131206264 (8 cyc)
"tile 0,3 core",ACTIVE,6274.803969,6274.807969,cycles 131206264..131206267 (4 cyc)
"tile 0,3 core",ACTIVE,6274.806969,6274.811969,cycles 131206267..131206271 (5 cyc)
"tile 0,3 core",ACTIVE,6274.810969,6274.814970,cycles 131206271..131206274 (4 cyc)
"tile 0,3 core",ACTIVE,6274.813970,6274.820970,cycles 131206274..131206280 (7 cyc)
"tile 0,3 core",ACTIVE,6274.819970,6274.823971,cycles 131206280..131206283 (4 cyc)
"tile 0,3 core",ACTIVE,6274.822971,6274.825971,cycles 131206283..131206285 (3 cyc)
"tile 0,3 core",ACTIVE|LOCK_STALL,6274.824971,6274.827971,cycles 131206285..131206287 (3 cyc)
"tile 0,3 core",ACTIVE|LOCK_STALL,6274.826971,6274.830971,cycles 131206287..131206290 (4 cyc)
"tile 0,3 core",ACTIVE|LOCK_STALL,6274.829971,6274.834972,cycles 131206290..131206294 (5 cyc)
"tile 0,3 core",ACTIVE|LOCK_STALL,6274.833972,6274.837972,cycles 131206294..131206297 (4 cyc)
"tile 0,3 core",ACTIVE|LOCK_STALL,6274.836972,6274.843973,cycles 131206297..131206303 (7 cyc)
"tile 0,3 core",ACTIVE|LOCK_STALL,6274.842972,6274.846973,cycles 131206303..131206306 (4 cyc)
"tile 0,3 core",ACTIVE|LOCK_STALL,6274.845973,6274.850973,cycles 131206306..131206310 (5 cyc)
"tile 0,3 core",ACTIVE|LOCK_STALL,6274.849973,6274.853974,cycles 131206310..131206313 (4 cyc)
"tile 0,3 core",ACTIVE|LOCK_STALL,6274.852973,6274.859974,cycles 131206313..131206319 (7 cyc)
"tile 0,3 core",ACTIVE|LOCK_STALL,6274.858974,6274.862974,cycles 131206319..131206322 (4 cyc)
"tile 0,3 core",ACTIVE|LOCK_STALL,6274.861974,6274.867975,cycles 131206322..131206327 (6 cyc)
"tile 0,3 core",ACTIVE|LOCK_STALL,6274.866975,6274.870975,cycles 131206327..131206330 (4 cyc)
"tile 0,3 core",ACTIVE|LOCK_STALL,6274.869975,6274.874976,cycles 131206330..131206334 (5 cyc)
"tile 0,3 core",ACTIVE|LOCK_STALL,6274.873975,6274.875976,cycles 131206334..131206335 (2 cyc)
"tile 0,3 core",ACTIVE|LOCK_STALL,6274.874976,6274.875976,cycles 131206335..131206335 (1 cyc)
"tile 0,3 core",ACTIVE|LOCK_STALL,6274.874976,6274.876976,cycles 131206335..131206336 (2 cyc)
"tile 0,3 core",ACTIVE|LOCK_STALL,6274.875976,6274.881976,cycles 131206336..131206341 (6 cyc)
"tile 0,3 core",ACTIVE|LOCK_STALL,6274.880976,6274.884976,cycles 131206341..131206344 (4 cyc)
"tile 0,3 core",ACTIVE|LOCK_STALL,6274.883976,6274.888977,cycles 131206344..131206348 (5 cyc)
"tile 0,3 core",ACTIVE|LOCK_STALL,6274.887977,6274.891977,cycles 131206348..131206351 (4 cyc)
"tile 0,3 core",ACTIVE|LOCK_STALL,6274.890977,6274.897978,cycles 131206351..131206357 (7 cyc)
"tile 0,3 core",ACTIVE|LOCK_STALL,6274.896978,6274.900978,cycles 131206357..131206360 (4 cyc)
"tile 0,3 core",ACTIVE|LOCK_STALL,6274.899978,6274.904978,cycles 131206360..131206364 (5 cyc)
"tile 0,3 core",ACTIVE|LOCK_STALL,6274.903978,6274.907979,cycles 131206364..131206367 (4 cyc)
"tile 0,3 core",ACTIVE|LOCK_STALL,6274.906979,6274.913979,cycles 131206367..131206373 (7 cyc)
"tile 0,3 core",ACTIVE|LOCK_STALL,6274.912979,6274.916980,cycles 131206373..131206376 (4 cyc)
"tile 0,3 core",ACTIVE|LOCK_STALL,6274.915979,6274.921980,cycles 131206376..131206381 (6 cyc)
"tile 0,3 core",ACTIVE|LOCK_STALL,6274.920980,6274.924980,cycles 131206381..131206384 (4 cyc)
"tile 0,3 core",ACTIVE|LOCK_STALL,6274.923980,6274.928981,cycles 131206384..131206388 (5 cyc)
"tile 0,3 core",ACTIVE|LOCK_STALL,6274.927981,6274.931981,cycles 131206388..131206391 (4 cyc)
"tile 0,3 core",ACTIVE|LOCK_STALL,6274.930981,6274.936981,cycles 131206391..131206396 (6 cyc)
"tile 0,3 core",ACTIVE|LOCK_STALL,6274.935981,6274.939982,cycles 131206396..131206399 (4 cyc)
"tile 0,3 core",ACTIVE|LOCK_STALL,6274.938982,6274.943982,cycles 131206399..131206403 (5 cyc)
"tile 0,3 core",ACTIVE|LOCK_STALL,6274.942982,6274.946982,cycles 131206403..131206406 (4 cyc)
"tile 0,3 core",ACTIVE|LOCK_STALL,6274.945982,6274.952983,cycles 131206406..131206412 (7 cyc)
"tile 0,3 core",ACTIVE|LOCK_STALL,6274.951983,6274.955983,cycles 131206412..131206415 (4 cyc)
"tile 0,3 core",ACTIVE|LOCK_STALL,6274.954983,6274.960984,cycles 131206415..131206420 (6 cyc)
"tile 0,3 core",ACTIVE|LOCK_STALL,6274.959984,6274.963984,cycles 131206420..131206423 (4 cyc)
"tile 0,3 core",ACTIVE|LOCK_STALL,6274.962984,6274.967984,cycles 131206423..131206427 (5 cyc)
"tile 0,3 core",ACTIVE|LOCK_STALL,6274.966984,6274.972985,cycles 131206427..131206432 (6 cyc)
"tile 0,3 core",ACTIVE,6274.971985,6274.973985,cycles 131206432..131206433 (2 cyc)
"tile 0,3 core",ACTIVE,6274.972985,6274.975985,cycles 131206433..131206435 (3 cyc)
"tile 0,3 core",ACTIVE,6274.974985,6274.980986,cycles 131206435..131206440 (6 cyc)
"tile 0,3 core",ACTIVE|LOCK_STALL,6274.979986,6274.980986,cycles 131206440..131206440 (1 cyc)
"tile 0,3 core",ACTIVE,6274.979986,6274.980986,cycles 131206440..131206440 (1 cyc)
"tile 0,3 core",ACTIVE,6274.979986,6274.980986,cycles 131206440..131206440 (1 cyc)
"tile 0,3 core",ACTIVE,6274.979986,6274.987986,cycles 131206440..131206447 (8 cyc)
"tile 0,3 core",ACTIVE,6274.986986,6274.989987,cycles 131206447..131206449 (3 cyc)
"tile 0,3 core",ACTIVE,6274.988986,6274.996987,cycles 131206449..131206456 (8 cyc)
"tile 0,3 core",ACTIVE,6274.995987,6274.996987,cycles 131206456..131206456 (1 cyc)
"tile 0,3 core",ACTIVE,6274.995987,6275.003988,cycles 131206456..131206463 (8 cyc)
"tile 0,3 core",ACTIVE,6275.002988,6275.005988,cycles 131206463..131206465 (3 cyc)
"tile 0,3 core",ACTIVE,6275.004988,6275.012989,cycles 131206465..131206472 (8 cyc)
"tile 0,3 core",ACTIVE,6275.011989,6275.013989,cycles 131206472..131206473 (2 cyc)
"tile 0,3 core",ACTIVE,6275.012989,6275.020989,cycles 131206473..131206480 (8 cyc)
"tile 0,3 core",ACTIVE|LOCK_STALL,6275.019989,6275.020989,cycles 131206480..131206480 (1 cyc)
"tile 0,3 core",ACTIVE,6275.019989,6275.027990,cycles 131206480..131206487 (8 cyc)
"tile 0,3 core",ACTIVE,6275.026990,6275.029990,cycles 131206487..131206489 (3 cyc)
"tile 0,3 core",ACTIVE|LOCK_STALL,6275.028990,6275.029990,cycles 131206489..131206489 (1 cyc)
"tile 0,3 core",ACTIVE,6275.028990,6275.035991,cycles 131206489..131206495 (7 cyc)
"tile 0,3 core",ACTIVE,6275.034991,6275.035991,cycles 131206495..131206495 (1 cyc)
"tile 0,3 core",ACTIVE,6275.034991,6275.042992,cycles 131206495..131206502 (8 cyc)
"tile 0,3 core",ACTIVE,6275.041991,6275.075995,cycles 131206502..131206535 (34 cyc)
"tile 0,3 core",ACTIVE|LOCK_STALL,6275.074995,6275.386024,cycles 131206535..131206845 (311 cyc)
"tile 0,3 core",ACTIVE|LOCK_STALL,6275.385024,6275.393025,cycles 131206845..131206852 (8 cyc)
"tile 0,3 core",ACTIVE|LOCK_STALL,6275.392025,6275.394025,cycles 131206852..131206853 (2 cyc)
"tile 0,3 core",ACTIVE|LOCK_STALL,6275.393025,6275.401026,cycles 131206853..131206860 (8 cyc)
"tile 0,3 core",ACTIVE|LOCK_STALL,6275.400026,6275.402026,cycles 131206860..131206861 (2 cyc)
"tile 0,3 core",ACTIVE|LOCK_STALL,6275.401026,6275.409027,cycles 131206861..131206868 (8 cyc)
"tile 0,3 core",ACTIVE|LOCK_STALL,6275.408026,6275.410027,cycles 131206868..131206869 (2 cyc)
"tile 0,3 core",ACTIVE|LOCK_STALL,6275.409027,6275.417027,cycles 131206869..131206876 (8 cyc)
"tile 0,3 core",ACTIVE|LOCK_STALL,6275.416027,6275.419028,cycles 131206876..131206878 (3 cyc)
"tile 0,3 core",ACTIVE|LOCK_STALL,6275.418027,6275.426028,cycles 131206878..131206885 (8 cyc)
"tile 0,3 core",ACTIVE|LOCK_STALL,6275.425028,6275.426028,cycles 131206885..131206885 (1 cyc)
"tile 0,3 core",ACTIVE|LOCK_STALL,6275.425028,6275.439029,cycles 131206885..131206898 (14 cyc)
"tile 0,3 core",ACTIVE|LOCK_STALL,6275.438029,6275.439029,cycles 131206898..131206898 (1 cyc)
"tile 0,3 core",ACTIVE|LOCK_STALL,6275.438029,6275.442030,cycles 131206898..131206901 (4 cyc)
"tile 0,3 core",ACTIVE,6275.441030,6275.452031,cycles 131206901..131206911 (11 cyc)
"tile 0,3 core",ACTIVE|LOCK_STALL,6275.451031,6275.452031,cycles 131206911..131206911 (1 cyc)
"tile 0,3 core",ACTIVE,6275.451031,6275.502035,cycles 131206911..131206961 (51 cyc)
"tile 0,3 core",ACTIVE|LOCK_STALL,6275.501035,6275.562041,cycles 131206961..131207021 (61 cyc)
"tile 0,3 core",ACTIVE|LOCK_STALL,6275.561041,6275.562041,cycles 131207021..131207021 (1 cyc)
"tile 0,3 core",ACTIVE|LOCK_STALL,6275.561041,6275.571042,cycles 131207021..131207030 (10 cyc)
"tile 0,3 core",ACTIVE|LOCK_STALL,6275.570042,6275.571042,cycles 131207030..131207030 (1 cyc)
"tile 0,3 core",ACTIVE|LOCK_STALL,6275.570042,6275.578043,cycles 131207030..131207037 (8 cyc)
"tile 0,3 core",ACTIVE|LOCK_STALL,6275.577043,6275.579043,cycles 131207037..131207038 (2 cyc)
"tile 0,3 core",ACTIVE|LOCK_STALL,6275.578043,6275.586043,cycles 131207038..131207045 (8 cyc)
"tile 0,3 core",ACTIVE|LOCK_STALL,6275.585043,6275.587044,cycles 131207045..131207046 (2 cyc)
"tile 0,3 core",ACTIVE|LOCK_STALL,6275.586043,6275.594044,cycles 131207046..131207053 (8 cyc)
"tile 0,3 core",ACTIVE|LOCK_STALL,6275.593044,6275.595044,cycles 131207053..131207054 (2 cyc)
"tile 0,3 core",ACTIVE|LOCK_STALL,6275.594044,6275.602045,cycles 131207054..131207061 (8 cyc)
"tile 0,3 core",ACTIVE|LOCK_STALL,6275.601045,6275.604045,cycles 131207061..131207063 (3 cyc)
"tile 0,3 core",ACTIVE|LOCK_STALL,6275.603045,6275.611046,cycles 131207063..131207070 (8 cyc)
"tile 0,3 core",ACTIVE|LOCK_STALL,6275.610046,6275.613046,cycles 131207070..131207072 (3 cyc)
"tile 0,3 core",ACTIVE|LOCK_STALL,6275.612046,6275.620047,cycles 131207072..131207079 (8 cyc)
"tile 0,3 core",ACTIVE|LOCK_STALL,6275.619047,6275.620047,cycles 131207079..131207079 (1 cyc)
"tile 0,3 core",ACTIVE|LOCK_STALL,6275.619047,6275.627047,cycles 131207079..131207086 (8 cyc)
"tile 0,3 core",ACTIVE|LOCK_STALL,6275.626047,6275.628048,cycles 131207086..131207087 (2 cyc)
"tile 0,3 core",ACTIVE|LOCK_STALL,6275.627047,6275.635048,cycles 131207087..131207094 (8 cyc)
"tile 0,3 core",ACTIVE|LOCK_STALL,6275.634048,6275.636048,cycles 131207094..131207095 (2 cyc)
"tile 0,3 core",ACTIVE|LOCK_STALL,6275.635048,6275.643049,cycles 131207095..131207102 (8 cyc)
"tile 0,3 core",ACTIVE|LOCK_STALL,6275.642049,6275.644049,cycles 131207102..131207103 (2 cyc)
"tile 0,3 core",ACTIVE|LOCK_STALL,6275.643049,6275.651050,cycles 131207103..131207110 (8 cyc)
"tile 0,3 core",ACTIVE|LOCK_STALL,6275.650050,6275.652050,cycles 131207110..131207111 (2 cyc)
"tile 0,3 core",ACTIVE|LOCK_STALL,6275.651050,6275.659050,cycles 131207111..131207118 (8 cyc)
"tile 0,3 core",ACTIVE|LOCK_STALL,6275.658050,6275.660051,cycles 131207118..131207119 (2 cyc)
"tile 0,3 core",ACTIVE|LOCK_STALL,6275.659050,6275.667051,cycles 131207119..131207126 (8 cyc)
"tile 0,3 core",ACTIVE|LOCK_STALL,6275.666051,6275.668051,cycles 131207126..131207127 (2 cyc)
"tile 0,3 core",ACTIVE|LOCK_STALL,6275.667051,6275.669051,cycles 131207127..131207128 (2 cyc)
"tile 0,3 core",ACTIVE|LOCK_STALL,6275.668051,6275.669051,cycles 131207128..131207128 (1 cyc)
"tile 0,3 core",ACTIVE|LOCK_STALL,6275.668051,6275.674052,cycles 131207128..131207133 (6 cyc)
"tile 0,3 core",ACTIVE|LOCK_STALL,6275.673052,6275.674052,cycles 131207133..131207133 (1 cyc)
"tile 0,3 core",ACTIVE|LOCK_STALL,6275.673052,6275.687053,cycles 131207133..131207146 (14 cyc)
"tile 0,3 core",ACTIVE|LOCK_STALL,6275.686053,6275.687053,cycles 131207146..131207146 (1 cyc)
"tile 0,3 core",ACTIVE|LOCK_STALL,6275.686053,6275.702055,cycles 131207146..131207161 (16 cyc)
"tile 0,3 core",ACTIVE|LOCK_STALL,6275.701054,6326.612922,cycles 131207161..131258067 (50907 cyc)
"tile 0,3 core",ACTIVE,6326.611922,6326.622923,cycles 131258067..131258077 (11 cyc)
"tile 0,3 core",ACTIVE|LOCK_STALL,6326.621923,6326.622923,cycles 131258077..131258077 (1 cyc)
"tile 0,3 core",ACTIVE,6326.621923,6326.671928,cycles 131258077..131258126 (50 cyc)
"tile 0,3 core",ACTIVE|LOCK_STALL,6326.670928,6326.671928,cycles 131258126..131258126 (1 cyc)
"tile 0,3 core",ACTIVE,6326.670928,6326.681929,cycles 131258126..131258136 (11 cyc)
"tile 0,3 core",ACTIVE|LOCK_STALL,6326.680929,6326.681929,cycles 131258136..131258136 (1 cyc)
"tile 0,3 core",ACTIVE,6326.680929,6326.688930,cycles 131258136..131258143 (8 cyc)
"tile 0,3 core",ACTIVE,6326.687930,6326.688930,cycles 131258143..131258143 (1 cyc)
"tile 0,3 south slave 1",PORT_IDLE_0,5906.198724,5906.323736,cycles 130837694..130837818 (125 cyc)
"tile 0,3 south slave 1",PORT_IDLE_0,5906.322736,6178.807790,cycles 130837818..131110276 (272459 cyc)
"tile 0,3 south slave 1",PORT_RUNNING_0,6178.806790,6178.814791,cycles 131110276..131110283 (8 cyc)
"tile 0,3 south slave 1",PORT_IDLE_0,6178.813791,6178.815791,cycles 131110283..131110284 (2 cyc)
"tile 0,3 south slave 1",PORT_RUNNING_0,6178.814791,6178.822791,cycles 131110284..131110291 (8 cyc)
"tile 0,3 south slave 1",PORT_IDLE_0,6178.821791,6178.826792,cycles 131110291..131110295 (5 cyc)
"tile 0,3 south slave 1",PORT_RUNNING_0,6178.825792,6178.833792,cycles 131110295..131110302 (8 cyc)
"tile 0,3 south slave 1",PORT_IDLE_0,6178.832792,6178.833792,cycles 131110302..131110302 (1 cyc)
"tile 0,3 south slave 1",PORT_RUNNING_0,6178.832792,6178.840793,cycles 131110302..131110309 (8 cyc)
"tile 0,3 south slave 1",PORT_IDLE_0,6178.839793,6178.842793,cycles 131110309..131110311 (3 cyc)
"tile 0,3 south slave 1",PORT_RUNNING_0,6178.841793,6178.849794,cycles 131110311..131110318 (8 cyc)
"tile 0,3 south slave 1",PORT_IDLE_0,6178.848794,6178.850794,cycles 131110318..131110319 (2 cyc)
"tile 0,3 south slave 1",PORT_RUNNING_0,6178.849794,6178.857795,cycles 131110319..131110326 (8 cyc)
"tile 0,3 south slave 1",PORT_IDLE_0,6178.856795,6178.858795,cycles 131110326..131110327 (2 cyc)
"tile 0,3 south slave 1",PORT_RUNNING_0,6178.857795,6178.865796,cycles 131110327..131110334 (8 cyc)
"tile 0,3 south slave 1",PORT_IDLE_0,6178.864795,6178.866796,cycles 131110334..131110335 (2 cyc)
"tile 0,3 south slave 1",PORT_RUNNING_0,6178.865796,6178.873796,cycles 131110335..131110342 (8 cyc)
"tile 0,3 south slave 1",PORT_IDLE_0,6178.872796,6178.873796,cycles 131110342..131110342 (1 cyc)
"tile 0,3 south slave 1",PORT_RUNNING_0,6178.872796,6178.880797,cycles 131110342..131110349 (8 cyc)
"tile 0,3 south slave 1",PORT_IDLE_0,6178.879797,6178.882797,cycles 131110349..131110351 (3 cyc)
"tile 0,3 south slave 1",PORT_RUNNING_0,6178.881797,6178.889798,cycles 131110351..131110358 (8 cyc)
"tile 0,3 south slave 1",PORT_IDLE_0,6178.888798,6178.890798,cycles 131110358..131110359 (2 cyc)
"tile 0,3 south slave 1",PORT_RUNNING_0,6178.889798,6178.897799,cycles 131110359..131110366 (8 cyc)
"tile 0,3 south slave 1",PORT_IDLE_0,6178.896799,6178.898799,cycles 131110366..131110367 (2 cyc)
"tile 0,3 south slave 1",PORT_RUNNING_0,6178.897799,6178.905799,cycles 131110367..131110374 (8 cyc)
"tile 0,3 south slave 1",PORT_IDLE_0,6178.904799,6178.906799,cycles 131110374..131110375 (2 cyc)
"tile 0,3 south slave 1",PORT_RUNNING_0,6178.905799,6178.913800,cycles 131110375..131110382 (8 cyc)
"tile 0,3 south slave 1",PORT_IDLE_0,6178.912800,6178.913800,cycles 131110382..131110382 (1 cyc)
"tile 0,3 south slave 1",PORT_RUNNING_0,6178.912800,6178.914800,cycles 131110382..131110383 (2 cyc)
"tile 0,3 south slave 1",PORT_IDLE_0,6178.913800,6178.914800,cycles 131110383..131110383 (1 cyc)
"tile 0,3 south slave 1",PORT_RUNNING_0,6178.913800,6178.919801,cycles 131110383..131110388 (6 cyc)
"tile 0,3 south slave 1",PORT_IDLE_0,6178.918801,6178.920801,cycles 131110388..131110389 (2 cyc)
"tile 0,3 south slave 1",PORT_RUNNING_0,6178.919801,6178.927801,cycles 131110389..131110396 (8 cyc)
"tile 0,3 south slave 1",PORT_IDLE_0,6178.926801,6178.927801,cycles 131110396..131110396 (1 cyc)
"tile 0,3 south slave 1",PORT_RUNNING_0,6178.926801,6178.934802,cycles 131110396..131110403 (8 cyc)
"tile 0,3 south slave 1",PORT_IDLE_0,6178.933802,6178.936802,cycles 131110403..131110405 (3 cyc)
"tile 0,3 south slave 1",PORT_RUNNING_0,6178.935802,6178.939803,cycles 131110405..131110408 (4 cyc)
"tile 0,3 south slave 1",PORT_IDLE_0,6178.938803,6178.942803,cycles 131110408..131110411 (4 cyc)
"tile 0,3 south slave 1",PORT_IDLE_0,6178.941803,6178.943803,cycles 131110411..131110412 (2 cyc)
"tile 0,3 south slave 1",PORT_RUNNING_0,6178.942803,6178.946803,cycles 131110412..131110415 (4 cyc)
"tile 0,3 south slave 1",PORT_IDLE_0,6178.945803,6178.950804,cycles 131110415..131110419 (5 cyc)
"tile 0,3 south slave 1",PORT_IDLE_0,6178.949804,6178.950804,cycles 131110419..131110419 (1 cyc)
"tile 0,3 south slave 1",PORT_RUNNING_0,6178.949804,6178.953804,cycles 131110419..131110422 (4 cyc)
"tile 0,3 south slave 1",PORT_IDLE_0,6178.952804,6178.958804,cycles 131110422..131110427 (6 cyc)
"tile 0,3 south slave 1",PORT_RUNNING_0,6178.957804,6178.961805,cycles 131110427..131110430 (4 cyc)
"tile 0,3 south slave 1",PORT_IDLE_0,6178.960805,6178.966805,cycles 131110430..131110435 (6 cyc)
"tile 0,3 south slave 1",PORT_RUNNING_0,6178.965805,6178.967805,cycles 131110435..131110436 (2 cyc)
"tile 0,3 south slave 1",PORT_IDLE_0,6178.966805,6178.967805,cycles 131110436..131110436 (1 cyc)
"tile 0,3 south slave 1",PORT_RUNNING_0,6178.966805,6178.968805,cycles 131110436..131110437 (2 cyc)
"tile 0,3 south slave 1",PORT_IDLE_0,6178.967805,6178.973806,cycles 131110437..131110442 (6 cyc)
"tile 0,3 south slave 1",PORT_RUNNING_0,6178.972806,6178.976806,cycles 131110442..131110445 (4 cyc)
"tile 0,3 south slave 1",PORT_IDLE_0,6178.975806,6178.980807,cycles 131110445..131110449 (5 cyc)
"tile 0,3 south slave 1",PORT_RUNNING_0,6178.979806,6178.983807,cycles 131110449..131110452 (4 cyc)
"tile 0,3 south slave 1",PORT_IDLE_0,6178.982807,6178.988807,cycles 131110452..131110457 (6 cyc)
"tile 0,3 south slave 1",PORT_RUNNING_0,6178.987807,6178.988807,cycles 131110457..131110457 (1 cyc)
"tile 0,3 south slave 1",PORT_RUNNING_0,6178.987807,6178.988807,cycles 131110457..131110457 (1 cyc)
"tile 0,3 south slave 1",PORT_RUNNING_0,6178.987807,6178.989807,cycles 131110457..131110458 (2 cyc)
"tile 0,3 south slave 1",PORT_IDLE_0,6178.988807,6178.994808,cycles 131110458..131110463 (6 cyc)
"tile 0,3 south slave 1",PORT_RUNNING_0,6178.993808,6178.996808,cycles 131110463..131110465 (3 cyc)
"tile 0,3 south slave 1",PORT_RUNNING_0,6178.995808,6178.996808,cycles 131110465..131110465 (1 cyc)
"tile 0,3 south slave 1",PORT_IDLE_0,6178.995808,6179.000808,cycles 131110465..131110469 (5 cyc)
"tile 0,3 south slave 1",PORT_RUNNING_0,6178.999808,6179.003809,cycles 131110469..131110472 (4 cyc)
"tile 0,3 south slave 1",PORT_IDLE_0,6179.002809,6179.009809,cycles 131110472..131110478 (7 cyc)
"tile 0,3 south slave 1",PORT_RUNNING_0,6179.008809,6179.012810,cycles 131110478..131110481 (4 cyc)
"tile 0,3 south slave 1",PORT_IDLE_0,6179.011810,6179.016810,cycles 131110481..131110485 (5 cyc)
"tile 0,3 south slave 1",PORT_RUNNING_0,6179.015810,6179.019810,cycles 131110485..131110488 (4 cyc)
"tile 0,3 south slave 1",PORT_IDLE_0,6179.018810,6179.025811,cycles 131110488..131110494 (7 cyc)
"tile 0,3 south slave 1",PORT_RUNNING_0,6179.024811,6179.028811,cycles 131110494..131110497 (4 cyc)
"tile 0,3 south slave 1",PORT_IDLE_0,6179.027811,6179.033812,cycles 131110497..131110502 (6 cyc)
"tile 0,3 south slave 1",PORT_RUNNING_0,6179.032812,6179.036812,cycles 131110502..131110505 (4 cyc)
"tile 0,3 south slave 1",PORT_IDLE_0,6179.035812,6179.143822,cycles 131110505..131110612 (108 cyc)
"tile 0,3 south slave 1",PORT_RUNNING_0,6179.142822,6179.146822,cycles 131110612..131110615 (4 cyc)
"tile 0,3 south slave 1",PORT_IDLE_0,6179.145822,6179.151823,cycles 131110615..131110620 (6 cyc)
"tile 0,3 south slave 1",PORT_RUNNING_0,6179.150823,6179.154823,cycles 131110620..131110623 (4 cyc)
"tile 0,3 south slave 1",PORT_IDLE_0,6179.153823,6179.160824,cycles 131110623..131110629 (7 cyc)
"tile 0,3 south slave 1",PORT_RUNNING_0,6179.159824,6179.163824,cycles 131110629..131110632 (4 cyc)
"tile 0,3 south slave 1",PORT_IDLE_0,6179.162824,6179.167824,cycles 131110632..131110636 (5 cyc)
"tile 0,3 south slave 1",PORT_RUNNING_0,6179.166824,6179.170825,cycles 131110636..131110639 (4 cyc)
"tile 0,3 south slave 1",PORT_IDLE_0,6179.169825,6179.176825,cycles 131110639..131110645 (7 cyc)
"tile 0,3 south slave 1",PORT_RUNNING_0,6179.175825,6179.179826,cycles 131110645..131110648 (4 cyc)
"tile 0,3 south slave 1",PORT_IDLE_0,6179.178825,6179.183826,cycles 131110648..131110652 (5 cyc)
"tile 0,3 south slave 1",PORT_RUNNING_0,6179.182826,6179.186826,cycles 131110652..131110655 (4 cyc)
"tile 0,3 south slave 1",PORT_IDLE_0,6179.185826,6179.191827,cycles 131110655..131110660 (6 cyc)
"tile 0,3 south slave 1",PORT_RUNNING_0,6179.190827,6179.194827,cycles 131110660..131110663 (4 cyc)
"tile 0,3 south slave 1",PORT_IDLE_0,6179.193827,6179.200828,cycles 131110663..131110669 (7 cyc)
"tile 0,3 south slave 1",PORT_RUNNING_0,6179.199827,6179.203828,cycles 131110669..131110672 (4 cyc)
"tile 0,3 south slave 1",PORT_IDLE_0,6179.202828,6179.207828,cycles 131110672..131110676 (5 cyc)
"tile 0,3 south slave 1",PORT_RUNNING_0,6179.206828,6179.210829,cycles 131110676..131110679 (4 cyc)
"tile 0,3 south slave 1",PORT_IDLE_0,6179.209828,6179.216829,cycles 131110679..131110685 (7 cyc)
"tile 0,3 south slave 1",PORT_RUNNING_0,6179.215829,6179.219829,cycles 131110685..131110688 (4 cyc)
"tile 0,3 south slave 1",PORT_IDLE_0,6179.218829,6179.223830,cycles 131110688..131110692 (5 cyc)
"tile 0,3 south slave 1",PORT_RUNNING_0,6179.222830,6179.226830,cycles 131110692..131110695 (4 cyc)
"tile 0,3 south slave 1",PORT_IDLE_0,6179.225830,6179.231831,cycles 131110695..131110700 (6 cyc)
"tile 0,3 south slave 1",PORT_RUNNING_0,6179.230830,6179.234831,cycles 131110700..131110703 (4 cyc)
"tile 0,3 south slave 1",PORT_IDLE_0,6179.233831,6179.239831,cycles 131110703..131110708 (6 cyc)
"tile 0,3 south slave 1",PORT_RUNNING_0,6179.238831,6179.242832,cycles 131110708..131110711 (4 cyc)
"tile 0,3 south slave 1",PORT_IDLE_0,6179.241831,6179.247832,cycles 131110711..131110716 (6 cyc)
"tile 0,3 south slave 1",PORT_RUNNING_0,6179.246832,6179.250832,cycles 131110716..131110719 (4 cyc)
"tile 0,3 south slave 1",PORT_IDLE_0,6179.249832,6179.256833,cycles 131110719..131110725 (7 cyc)
"tile 0,3 south slave 1",PORT_RUNNING_0,6179.255833,6179.259833,cycles 131110725..131110728 (4 cyc)
"tile 0,3 south slave 1",PORT_IDLE_0,6179.258833,6179.263834,cycles 131110728..131110732 (5 cyc)
"tile 0,3 south slave 1",PORT_RUNNING_0,6179.262834,6179.266834,cycles 131110732..131110735 (4 cyc)
"tile 0,3 south slave 1",PORT_IDLE_0,6179.265834,6179.272834,cycles 131110735..131110741 (7 cyc)
"tile 0,3 south slave 1",PORT_RUNNING_0,6179.271834,6179.275835,cycles 131110741..131110744 (4 cyc)
"tile 0,3 south slave 1",PORT_IDLE_0,6179.274835,6179.279835,cycles 131110744..131110748 (5 cyc)
"tile 0,3 south slave 1",PORT_RUNNING_0,6179.278835,6179.288836,cycles 131110748..131110757 (10 cyc)
"tile 0,3 south slave 1",PORT_STALLED_0,6179.287836,6179.288836,cycles 131110757..131110757 (1 cyc)
"tile 0,3 south slave 1",PORT_RUNNING_0,6179.287836,6179.291836,cycles 131110757..131110760 (4 cyc)
"tile 0,3 south slave 1",PORT_RUNNING_0,6179.290836,6179.301837,cycles 131110760..131110770 (11 cyc)
"tile 0,3 south slave 1",PORT_RUNNING_0,6179.300837,6179.301837,cycles 131110770..131110770 (1 cyc)
"tile 0,3 south slave 1",PORT_RUNNING_0,6179.300837,6179.351842,cycles 131110770..131110820 (51 cyc)
"tile 0,3 south slave 1",PORT_RUNNING_0,6179.350842,6179.351842,cycles 131110820..131110820 (1 cyc)
"tile 0,3 south slave 1",PORT_RUNNING_0,6179.350842,6179.361843,cycles 131110820..131110830 (11 cyc)
"tile 0,3 south slave 1",PORT_RUNNING_0,6179.360843,6179.361843,cycles 131110830..131110830 (1 cyc)
"tile 0,3 south slave 1",PORT_RUNNING_0,6179.360843,6179.408847,cycles 131110830..131110877 (48 cyc)
"tile 0,3 south slave 1",PORT_STALLED_0,6179.407847,6179.408847,cycles 131110877..131110877 (1 cyc)
"tile 0,3 south slave 1",PORT_RUNNING_0,6179.407847,6179.408847,cycles 131110877..131110877 (1 cyc)
"tile 0,3 south slave 1",PORT_RUNNING_0,6179.407847,6179.411848,cycles 131110877..131110880 (4 cyc)
"tile 0,3 south slave 1",PORT_RUNNING_0,6179.410848,6179.421849,cycles 131110880..131110890 (11 cyc)
"tile 0,3 south slave 1",PORT_RUNNING_0,6179.420849,6179.421849,cycles 131110890..131110890 (1 cyc)
"tile 0,3 south slave 1",PORT_RUNNING_0,6179.420849,6179.471853,cycles 131110890..131110940 (51 cyc)
"tile 0,3 south slave 1",PORT_RUNNING_0,6179.470853,6179.508857,cycles 131110940..131110977 (38 cyc)
"tile 0,3 south slave 1",PORT_IDLE_0,6179.507857,6179.509857,cycles 131110977..131110978 (2 cyc)
"tile 0,3 south slave 1",PORT_RUNNING_0,6179.508857,6179.512857,cycles 131110978..131110981 (4 cyc)
"tile 0,3 south slave 1",PORT_IDLE_0,6179.511857,6179.517858,cycles 131110981..131110986 (6 cyc)
"tile 0,3 south slave 1",PORT_RUNNING_0,6179.516858,6179.520858,cycles 131110986..131110989 (4 cyc)
"tile 0,3 south slave 1",PORT_IDLE_0,6179.519858,6179.545861,cycles 131110989..131111014 (26 cyc)
"tile 0,3 south slave 1",PORT_RUNNING_0,6179.544860,6179.548861,cycles 131111014..131111017 (4 cyc)
"tile 0,3 south slave 1",PORT_IDLE_0,6179.547861,6179.552861,cycles 131111017..131111021 (5 cyc)
"tile 0,3 south slave 1",PORT_RUNNING_0,6179.551861,6179.555862,cycles 131111021..131111024 (4 cyc)
"tile 0,3 south slave 1",PORT_IDLE_0,6179.554861,6179.561862,cycles 131111024..131111030 (7 cyc)
"tile 0,3 south slave 1",PORT_RUNNING_0,6179.560862,6179.568863,cycles 131111030..131111037 (8 cyc)
"tile 0,3 south slave 1",PORT_IDLE_0,6179.567863,6179.569863,cycles 131111037..131111038 (2 cyc)
"tile 0,3 south slave 1",PORT_RUNNING_0,6179.568863,6179.576864,cycles 131111038..131111045 (8 cyc)
"tile 0,3 south slave 1",PORT_IDLE_0,6179.575863,6179.577864,cycles 131111045..131111046 (2 cyc)
"tile 0,3 south slave 1",PORT_RUNNING_0,6179.576864,6179.584864,cycles 131111046..131111053 (8 cyc)
"tile 0,3 south slave 1",PORT_IDLE_0,6179.583864,6179.585864,cycles 131111053..131111054 (2 cyc)
"tile 0,3 south slave 1",PORT_RUNNING_0,6179.584864,6179.592865,cycles 131111054..131111061 (8 cyc)
"tile 0,3 south slave 1",PORT_IDLE_0,6179.591865,6179.592865,cycles 131111061..131111061 (1 cyc)
"tile 0,3 south slave 1",PORT_RUNNING_0,6179.591865,6179.599866,cycles 131111061..131111068 (8 cyc)
"tile 0,3 south slave 1",PORT_IDLE_0,6179.598866,6179.601866,cycles 131111068..131111070 (3 cyc)
"tile 0,3 south slave 1",PORT_RUNNING_0,6179.600866,6179.608867,cycles 131111070..131111077 (8 cyc)
"tile 0,3 south slave 1",PORT_IDLE_0,6179.607866,6179.609867,cycles 131111077..131111078 (2 cyc)
"tile 0,3 south slave 1",PORT_RUNNING_0,6179.608867,6179.616867,cycles 131111078..131111085 (8 cyc)
"tile 0,3 south slave 1",PORT_IDLE_0,6179.615867,6179.617867,cycles 131111085..131111086 (2 cyc)
"tile 0,3 south slave 1",PORT_RUNNING_0,6179.616867,6179.624868,cycles 131111086..131111093 (8 cyc)
"tile 0,3 south slave 1",PORT_IDLE_0,6179.623868,6179.625868,cycles 131111093..131111094 (2 cyc)
"tile 0,3 south slave 1",PORT_RUNNING_0,6179.624868,6179.632869,cycles 131111094..131111101 (8 cyc)
"tile 0,3 south slave 1",PORT_IDLE_0,6179.631869,6179.632869,cycles 131111101..131111101 (1 cyc)
"tile 0,3 south slave 1",PORT_RUNNING_0,6179.631869,6179.639870,cycles 131111101..131111108 (8 cyc)
"tile 0,3 south slave 1",PORT_IDLE_0,6179.638869,6179.641870,cycles 131111108..131111110 (3 cyc)
"tile 0,3 south slave 1",PORT_RUNNING_0,6179.640870,6179.648870,cycles 131111110..131111117 (8 cyc)
"tile 0,3 south slave 1",PORT_IDLE_0,6179.647870,6179.648870,cycles 131111117..131111117 (1 cyc)
"tile 0,3 south slave 1",PORT_RUNNING_0,6179.647870,6179.655871,cycles 131111117..131111124 (8 cyc)
"tile 0,3 south slave 1",PORT_IDLE_0,6179.654871,6179.657871,cycles 131111124..131111126 (3 cyc)
"tile 0,3 south slave 1",PORT_RUNNING_0,6179.656871,6179.664872,cycles 131111126..131111133 (8 cyc)
"tile 0,3 south slave 1",PORT_IDLE_0,6179.663872,6179.665872,cycles 131111133..131111134 (2 cyc)
"tile 0,3 south slave 1",PORT_RUNNING_0,6179.664872,6179.672873,cycles 131111134..131111141 (8 cyc)
"tile 0,3 south slave 1",PORT_IDLE_0,6179.671873,6179.673873,cycles 131111141..131111142 (2 cyc)
"tile 0,3 south slave 1",PORT_RUNNING_0,6179.672873,6179.680873,cycles 131111142..131111149 (8 cyc)
"tile 0,3 south slave 1",PORT_IDLE_0,6179.679873,6179.681874,cycles 131111149..131111150 (2 cyc)
"tile 0,3 south slave 1",PORT_RUNNING_0,6179.680873,6179.694875,cycles 131111150..131111163 (14 cyc)
"tile 0,3 south slave 1",PORT_STALLED_0,6179.693875,6179.694875,cycles 131111163..131111163 (1 cyc)
"tile 0,3 south slave 1",PORT_RUNNING_0,6179.693875,6179.709876,cycles 131111163..131111178 (16 cyc)
"tile 0,3 south slave 1",PORT_STALLED_0,6179.708876,6230.850766,cycles 131111178..131162314 (51137 cyc)
"tile 0,3 south slave 1",PORT_STALLED_0,6230.849766,6230.860767,cycles 131162314..131162324 (11 cyc)
"tile 0,3 south slave 1",PORT_STALLED_0,6230.859767,6230.860767,cycles 131162324..131162324 (1 cyc)
"tile 0,3 south slave 1",PORT_STALLED_0,6230.859767,6230.909772,cycles 131162324..131162373 (50 cyc)
"tile 0,3 south slave 1",PORT_STALLED_0,6230.908772,6230.909772,cycles 131162373..131162373 (1 cyc)
"tile 0,3 south slave 1",PORT_STALLED_0,6230.908772,6230.919773,cycles 131162373..131162383 (11 cyc)
"tile 0,3 south slave 1",PORT_STALLED_0,6230.918773,6230.919773,cycles 131162383..131162383 (1 cyc)
"tile 0,3 south slave 1",PORT_STALLED_0,6230.918773,6230.925773,cycles 131162383..131162389 (7 cyc)
"tile 0,3 south slave 1",PORT_RUNNING_0,6230.924773,6230.932774,cycles 131162389..131162396 (8 cyc)
"tile 0,3 south slave 1",PORT_STALLED_0,6230.931774,6230.932774,cycles 131162396..131162396 (1 cyc)
"tile 0,3 south slave 1",PORT_RUNNING_0,6230.931774,6230.966777,cycles 131162396..131162430 (35 cyc)
"tile 0,3 south slave 1",PORT_RUNNING_0,6230.965777,6231.034784,cycles 131162430..131162498 (69 cyc)
"tile 0,3 south slave 1",PORT_STALLED_0,6231.033784,6231.034784,cycles 131162498..131162498 (1 cyc)
"tile 0,3 south slave 1",PORT_RUNNING_0,6231.033784,6231.049785,cycles 131162498..131162513 (16 cyc)
"tile 0,3 south slave 1",PORT_STALLED_0,6231.048785,6231.152795,cycles 131162513..131162616 (104 cyc)
"tile 0,3 south slave 1",PORT_STALLED_0,6231.151795,6231.162796,cycles 131162616..131162626 (11 cyc)
"tile 0,3 south slave 1",PORT_STALLED_0,6231.161796,6231.162796,cycles 131162626..131162626 (1 cyc)
"tile 0,3 south slave 1",PORT_STALLED_0,6231.161796,6231.211801,cycles 131162626..131162675 (50 cyc)
"tile 0,3 south slave 1",PORT_STALLED_0,6231.210801,6231.211801,cycles 131162675..131162675 (1 cyc)
"tile 0,3 south slave 1",PORT_STALLED_0,6231.210801,6231.221802,cycles 131162675..131162685 (11 cyc)
"tile 0,3 south slave 1",PORT_STALLED_0,6231.220801,6231.221802,cycles 131162685..131162685 (1 cyc)
"tile 0,3 south slave 1",PORT_STALLED_0,6231.220801,6231.272806,cycles 131162685..131162736 (52 cyc)
"tile 0,3 south slave 1",PORT_STALLED_0,6231.271806,6231.272806,cycles 131162736..131162736 (1 cyc)
"tile 0,3 south slave 1",PORT_STALLED_0,6231.271806,6231.282807,cycles 131162736..131162746 (11 cyc)
"tile 0,3 south slave 1",PORT_STALLED_0,6231.281807,6231.282807,cycles 131162746..131162746 (1 cyc)
"tile 0,3 south slave 1",PORT_STALLED_0,6231.281807,6231.288808,cycles 131162746..131162752 (7 cyc)
"tile 0,3 south slave 1",PORT_RUNNING_0,6231.287808,6231.295809,cycles 131162752..131162759 (8 cyc)
"tile 0,3 south slave 1",PORT_STALLED_0,6231.294809,6231.295809,cycles 131162759..131162759 (1 cyc)
"tile 0,3 south slave 1",PORT_RUNNING_0,6231.294809,6231.329812,cycles 131162759..131162793 (35 cyc)
"tile 0,3 south slave 1",PORT_RUNNING_0,6231.328812,6231.329812,cycles 131162793..131162793 (1 cyc)
"tile 0,3 south slave 1",PORT_RUNNING_0,6231.328812,6231.339813,cycles 131162793..131162803 (11 cyc)
"tile 0,3 south slave 1",PORT_RUNNING_0,6231.338813,6231.339813,cycles 131162803..131162803 (1 cyc)
"tile 0,3 south slave 1",PORT_RUNNING_0,6231.338813,6231.388818,cycles 131162803..131162852 (50 cyc)
"tile 0,3 south slave 1",PORT_RUNNING_0,6231.387817,6231.388818,cycles 131162852..131162852 (1 cyc)
"tile 0,3 south slave 1",PORT_RUNNING_0,6231.387817,6231.392818,cycles 131162852..131162856 (5 cyc)
"tile 0,3 south slave 1",PORT_STALLED_0,6231.391818,6231.392818,cycles 131162856..131162856 (1 cyc)
"tile 0,3 south slave 1",PORT_RUNNING_0,6231.391818,6231.396818,cycles 131162856..131162860 (5 cyc)
"tile 0,3 south slave 1",PORT_RUNNING_0,6231.395818,6231.396818,cycles 131162860..131162860 (1 cyc)
"tile 0,3 south slave 1",PORT_RUNNING_0,6231.395818,6231.446823,cycles 131162860..131162910 (51 cyc)
"tile 0,3 south slave 1",PORT_RUNNING_0,6231.445823,6231.516830,cycles 131162910..131162980 (71 cyc)
"tile 0,3 south slave 1",PORT_STALLED_0,6231.515830,6231.516830,cycles 131162980..131162980 (1 cyc)
"tile 0,3 south slave 1",PORT_RUNNING_0,6231.515830,6231.531831,cycles 131162980..131162995 (16 cyc)
"tile 0,3 south slave 1",PORT_STALLED_0,6231.530831,6231.774854,cycles 131162995..131163238 (244 cyc)
"tile 0,3 south slave 1",PORT_STALLED_0,6231.773854,6231.784855,cycles 131163238..131163248 (11 cyc)
"tile 0,3 south slave 1",PORT_STALLED_0,6231.783855,6231.784855,cycles 131163248..131163248 (1 cyc)
"tile 0,3 south slave 1",PORT_STALLED_0,6231.783855,6231.833860,cycles 131163248..131163297 (50 cyc)
"tile 0,3 south slave 1",PORT_STALLED_0,6231.832860,6231.833860,cycles 131163297..131163297 (1 cyc)
"tile 0,3 south slave 1",PORT_STALLED_0,6231.832860,6231.843861,cycles 131163297..131163307 (11 cyc)
"tile 0,3 south slave 1",PORT_STALLED_0,6231.842861,6231.843861,cycles 131163307..131163307 (1 cyc)
"tile 0,3 south slave 1",PORT_STALLED_0,6231.842861,6231.849862,cycles 131163307..131163313 (7 cyc)
"tile 0,3 south slave 1",PORT_RUNNING_0,6231.848862,6231.892866,cycles 131163313..131163356 (44 cyc)
"tile 0,3 south slave 1",PORT_RUNNING_0,6231.891866,6231.959872,cycles 131163356..131163423 (68 cyc)
"tile 0,3 south slave 1",PORT_STALLED_0,6231.958872,6231.959872,cycles 131163423..131163423 (1 cyc)
"tile 0,3 south slave 1",PORT_RUNNING_0,6231.958872,6231.974874,cycles 131163423..131163438 (16 cyc)
"tile 0,3 south slave 1",PORT_STALLED_0,6231.973873,6233.678036,cycles 131163438..131165141 (1704 cyc)
"tile 0,3 south slave 1",PORT_STALLED_0,6233.677036,6233.688037,cycles 131165141..131165151 (11 cyc)
"tile 0,3 south slave 1",PORT_STALLED_0,6233.687037,6233.688037,cycles 131165151..131165151 (1 cyc)
"tile 0,3 south slave 1",PORT_STALLED_0,6233.687037,6233.737042,cycles 131165151..131165200 (50 cyc)
"tile 0,3 south slave 1",PORT_STALLED_0,6233.736042,6233.737042,cycles 131165200..131165200 (1 cyc)
"tile 0,3 south slave 1",PORT_STALLED_0,6233.736042,6233.747043,cycles 131165200..131165210 (11 cyc)
"tile 0,3 south slave 1",PORT_STALLED_0,6233.746043,6233.747043,cycles 131165210..131165210 (1 cyc)
"tile 0,3 south slave 1",PORT_STALLED_0,6233.746043,6233.753044,cycles 131165210..131165216 (7 cyc)
"tile 0,3 south slave 1",PORT_RUNNING_0,6233.752044,6233.796048,cycles 131165216..131165259 (44 cyc)
"tile 0,3 south slave 1",PORT_RUNNING_0,6233.795048,6233.863054,cycles 131165259..131165326 (68 cyc)
"tile 0,3 south slave 1",PORT_STALLED_0,6233.862054,6233.863054,cycles 131165326..131165326 (1 cyc)
"tile 0,3 south slave 1",PORT_RUNNING_0,6233.862054,6233.878056,cycles 131165326..131165341 (16 cyc)
"tile 0,3 south slave 1",PORT_STALLED_0,6233.877055,6234.354101,cycles 131165341..131165817 (477 cyc)
"tile 0,3 south slave 1",PORT_STALLED_0,6234.353101,6234.364102,cycles 131165817..131165827 (11 cyc)
"tile 0,3 south slave 1",PORT_STALLED_0,6234.363102,6234.364102,cycles 131165827..131165827 (1 cyc)
"tile 0,3 south slave 1",PORT_STALLED_0,6234.363102,6234.413107,cycles 131165827..131165876 (50 cyc)
"tile 0,3 south slave 1",PORT_STALLED_0,6234.412107,6234.413107,cycles 131165876..131165876 (1 cyc)
"tile 0,3 south slave 1",PORT_STALLED_0,6234.412107,6234.423108,cycles 131165876..131165886 (11 cyc)
"tile 0,3 south slave 1",PORT_STALLED_0,6234.422108,6234.423108,cycles 131165886..131165886 (1 cyc)
"tile 0,3 south slave 1",PORT_STALLED_0,6234.422108,6234.474113,cycles 131165886..131165937 (52 cyc)
"tile 0,3 south slave 1",PORT_STALLED_0,6234.473112,6234.474113,cycles 131165937..131165937 (1 cyc)
"tile 0,3 south slave 1",PORT_STALLED_0,6234.473112,6234.484114,cycles 131165937..131165947 (11 cyc)
"tile 0,3 south slave 1",PORT_STALLED_0,6234.483113,6234.484114,cycles 131165947..131165947 (1 cyc)
"tile 0,3 south slave 1",PORT_STALLED_0,6234.483113,6234.490114,cycles 131165947..131165953 (7 cyc)
"tile 0,3 south slave 1",PORT_RUNNING_0,6234.489114,6234.533118,cycles 131165953..131165996 (44 cyc)
"tile 0,3 south slave 1",PORT_RUNNING_0,6234.532118,6234.600125,cycles 131165996..131166063 (68 cyc)
"tile 0,3 south slave 1",PORT_STALLED_0,6234.599125,6234.600125,cycles 131166063..131166063 (1 cyc)
"tile 0,3 south slave 1",PORT_RUNNING_0,6234.599125,6234.615126,cycles 131166063..131166078 (16 cyc)
"tile 0,3 south slave 1",PORT_STALLED_0,6234.614126,6235.193181,cycles 131166078..131166656 (579 cyc)
"tile 0,3 south slave 1",PORT_STALLED_0,6235.192181,6235.203182,cycles 131166656..131166666 (11 cyc)
"tile 0,3 south slave 1",PORT_STALLED_0,6235.202182,6235.203182,cycles 131166666..131166666 (1 cyc)
"tile 0,3 south slave 1",PORT_STALLED_0,6235.202182,6235.252187,cycles 131166666..131166715 (50 cyc)
"tile 0,3 south slave 1",PORT_STALLED_0,6235.251187,6235.252187,cycles 131166715..131166715 (1 cyc)
"tile 0,3 south slave 1",PORT_STALLED_0,6235.251187,6235.262188,cycles 131166715..131166725 (11 cyc)
"tile 0,3 south slave 1",PORT_STALLED_0,6235.261188,6235.262188,cycles 131166725..131166725 (1 cyc)
"tile 0,3 south slave 1",PORT_STALLED_0,6235.261188,6235.268188,cycles 131166725..131166731 (7 cyc)
"tile 0,3 south slave 1",PORT_RUNNING_0,6235.267188,6235.311193,cycles 131166731..131166774 (44 cyc)
"tile 0,3 south slave 1",PORT_RUNNING_0,6235.310193,6235.378199,cycles 131166774..131166841 (68 cyc)
"tile 0,3 south slave 1",PORT_STALLED_0,6235.377199,6235.378199,cycles 131166841..131166841 (1 cyc)
"tile 0,3 south slave 1",PORT_RUNNING_0,6235.377199,6235.393200,cycles 131166841..131166856 (16 cyc)
"tile 0,3 south slave 1",PORT_STALLED_0,6235.392200,6237.262379,cycles 131166856..131168725 (1870 cyc)
"tile 0,3 south slave 1",PORT_STALLED_0,6237.261379,6237.272380,cycles 131168725..131168735 (11 cyc)
"tile 0,3 south slave 1",PORT_STALLED_0,6237.271380,6237.272380,cycles 131168735..131168735 (1 cyc)
"tile 0,3 south slave 1",PORT_STALLED_0,6237.271380,6237.321385,cycles 131168735..131168784 (50 cyc)
"tile 0,3 south slave 1",PORT_STALLED_0,6237.320385,6237.321385,cycles 131168784..131168784 (1 cyc)
"tile 0,3 south slave 1",PORT_STALLED_0,6237.320385,6237.331386,cycles 131168784..131168794 (11 cyc)
"tile 0,3 south slave 1",PORT_STALLED_0,6237.330386,6237.331386,cycles 131168794..131168794 (1 cyc)
"tile 0,3 south slave 1",PORT_STALLED_0,6237.330386,6237.337386,cycles 131168794..131168800 (7 cyc)
"tile 0,3 south slave 1",PORT_RUNNING_0,6237.336386,6237.380390,cycles 131168800..131168843 (44 cyc)
"tile 0,3 south slave 1",PORT_RUNNING_0,6237.379390,6237.447397,cycles 131168843..131168910 (68 cyc)
"tile 0,3 south slave 1",PORT_STALLED_0,6237.446397,6237.447397,cycles 131168910..131168910 (1 cyc)
"tile 0,3 south slave 1",PORT_RUNNING_0,6237.446397,6237.462398,cycles 131168910..131168925 (16 cyc)
"tile 0,3 south slave 1",PORT_STALLED_0,6237.461398,6238.541501,cycles 131168925..131170004 (1080 cyc)
"tile 0,3 south slave 1",PORT_STALLED_0,6238.540501,6238.551502,cycles 131170004..131170014 (11 cyc)
"tile 0,3 south slave 1",PORT_STALLED_0,6238.550502,6238.551502,cycles 131170014..131170014 (1 cyc)
"tile 0,3 south slave 1",PORT_STALLED_0,6238.550502,6238.600507,cycles 131170014..131170063 (50 cyc)
"tile 0,3 south slave 1",PORT_STALLED_0,6238.599507,6238.600507,cycles 131170063..131170063 (1 cyc)
"tile 0,3 south slave 1",PORT_STALLED_0,6238.599507,6238.610508,cycles 131170063..131170073 (11 cyc)
"tile 0,3 south slave 1",PORT_STALLED_0,6238.609508,6238.610508,cycles 131170073..131170073 (1 cyc)
"tile 0,3 south slave 1",PORT_STALLED_0,6238.609508,6238.616509,cycles 131170073..131170079 (7 cyc)
"tile 0,3 south slave 1",PORT_RUNNING_0,6238.615509,6238.659513,cycles 131170079..131170122 (44 cyc)
"tile 0,3 south slave 1",PORT_RUNNING_0,6238.658513,6238.726519,cycles 131170122..131170189 (68 cyc)
"tile 0,3 south slave 1",PORT_STALLED_0,6238.725519,6238.726519,cycles 131170189..131170189 (1 cyc)
"tile 0,3 south slave 1",PORT_RUNNING_0,6238.725519,6238.741521,cycles 131170189..131170204 (16 cyc)
"tile 0,3 south slave 1",PORT_STALLED_0,6238.740520,6238.911537,cycles 131170204..131170374 (171 cyc)
"tile 0,3 south slave 1",PORT_STALLED_0,6238.910537,6238.921538,cycles 131170374..131170384 (11 cyc)
"tile 0,3 south slave 1",PORT_STALLED_0,6238.920538,6238.921538,cycles 131170384..131170384 (1 cyc)
"tile 0,3 south slave 1",PORT_STALLED_0,6238.920538,6238.970542,cycles 131170384..131170433 (50 cyc)
"tile 0,3 south slave 1",PORT_STALLED_0,6238.969542,6238.970542,cycles 131170433..131170433 (1 cyc)
"tile 0,3 south slave 1",PORT_STALLED_0,6238.969542,6238.980543,cycles 131170433..131170443 (11 cyc)
"tile 0,3 south slave 1",PORT_STALLED_0,6238.979543,6238.980543,cycles 131170443..131170443 (1 cyc)
"tile 0,3 south slave 1",PORT_STALLED_0,6238.979543,6239.031548,cycles 131170443..131170494 (52 cyc)
"tile 0,3 south slave 1",PORT_STALLED_0,6239.030548,6239.031548,cycles 131170494..131170494 (1 cyc)
"tile 0,3 south slave 1",PORT_STALLED_0,6239.030548,6239.041549,cycles 131170494..131170504 (11 cyc)
"tile 0,3 south slave 1",PORT_STALLED_0,6239.040549,6239.041549,cycles 131170504..131170504 (1 cyc)
"tile 0,3 south slave 1",PORT_STALLED_0,6239.040549,6239.047550,cycles 131170504..131170510 (7 cyc)
"tile 0,3 south slave 1",PORT_RUNNING_0,6239.046550,6239.090554,cycles 131170510..131170553 (44 cyc)
"tile 0,3 south slave 1",PORT_RUNNING_0,6239.089554,6239.157560,cycles 131170553..131170620 (68 cyc)
"tile 0,3 south slave 1",PORT_STALLED_0,6239.156560,6239.157560,cycles 131170620..131170620 (1 cyc)
"tile 0,3 south slave 1",PORT_RUNNING_0,6239.156560,6239.172562,cycles 131170620..131170635 (16 cyc)
"tile 0,3 south slave 1",PORT_STALLED_0,6239.171562,6239.180563,cycles 131170635..131170643 (9 cyc)
"tile 0,3 south slave 1",PORT_STALLED_0,6239.179562,6239.190564,cycles 131170643..131170653 (11 cyc)
"tile 0,3 south slave 1",PORT_STALLED_0,6239.189563,6239.190564,cycles 131170653..131170653 (1 cyc)
"tile 0,3 south slave 1",PORT_STALLED_0,6239.189563,6239.239568,cycles 131170653..131170702 (50 cyc)
"tile 0,3 south slave 1",PORT_STALLED_0,6239.238568,6239.239568,cycles 131170702..131170702 (1 cyc)
"tile 0,3 south slave 1",PORT_STALLED_0,6239.238568,6239.249569,cycles 131170702..131170712 (11 cyc)
"tile 0,3 south slave 1",PORT_STALLED_0,6239.248569,6239.249569,cycles 131170712..131170712 (1 cyc)
"tile 0,3 south slave 1",PORT_STALLED_0,6239.248569,6239.255570,cycles 131170712..131170718 (7 cyc)
"tile 0,3 south slave 1",PORT_RUNNING_0,6239.254570,6239.298574,cycles 131170718..131170761 (44 cyc)
"tile 0,3 south slave 1",PORT_RUNNING_0,6239.297574,6239.359580,cycles 131170761..131170822 (62 cyc)
"tile 0,3 south slave 1",PORT_IDLE_0,6239.358580,6239.360580,cycles 131170822..131170823 (2 cyc)
"tile 0,3 south slave 1",PORT_IDLE_0,6239.359580,6239.370581,cycles 131170823..131170833 (11 cyc)
"tile 0,3 south slave 1",PORT_IDLE_0,6239.369581,6239.370581,cycles 131170833..131170833 (1 cyc)
"tile 0,3 south slave 1",PORT_IDLE_0,6239.369581,6239.419585,cycles 131170833..131170882 (50 cyc)
"tile 0,3 south slave 1",PORT_IDLE_0,6239.418585,6239.419585,cycles 131170882..131170882 (1 cyc)
"tile 0,3 south slave 1",PORT_IDLE_0,6239.418585,6239.429586,cycles 131170882..131170892 (11 cyc)
"tile 0,3 south slave 1",PORT_IDLE_0,6239.428586,6239.429586,cycles 131170892..131170892 (1 cyc)
"tile 0,3 south slave 1",PORT_IDLE_0,6239.428586,6239.479591,cycles 131170892..131170942 (51 cyc)
"tile 0,3 south slave 1",PORT_IDLE_0,6239.478591,6239.543597,cycles 131170942..131171006 (65 cyc)
"tile 0,3 south slave 1",PORT_IDLE_0,6239.542597,6239.553598,cycles 131171006..131171016 (11 cyc)
"tile 0,3 south slave 1",PORT_IDLE_0,6239.552598,6239.553598,cycles 131171016..131171016 (1 cyc)
"tile 0,3 south slave 1",PORT_IDLE_0,6239.552598,6239.602603,cycles 131171016..131171065 (50 cyc)
"tile 0,3 south slave 1",PORT_IDLE_0,6239.601603,6239.602603,cycles 131171065..131171065 (1 cyc)
"tile 0,3 south slave 1",PORT_IDLE_0,6239.601603,6239.612604,cycles 131171065..131171075 (11 cyc)
"tile 0,3 south slave 1",PORT_IDLE_0,6239.611604,6239.612604,cycles 131171075..131171075 (1 cyc)
"tile 0,3 south slave 1",PORT_IDLE_0,6239.611604,6239.662609,cycles 131171075..131171125 (51 cyc)
"tile 0,3 south slave 1",PORT_IDLE_0,6239.661609,6239.764618,cycles 131171125..131171227 (103 cyc)
"tile 0,3 south slave 1",PORT_IDLE_0,6239.763618,6239.774619,cycles 131171227..131171237 (11 cyc)
"tile 0,3 south slave 1",PORT_IDLE_0,6239.773619,6239.774619,cycles 131171237..131171237 (1 cyc)
"tile 0,3 south slave 1",PORT_IDLE_0,6239.773619,6239.823624,cycles 131171237..131171286 (50 cyc)
"tile 0,3 south slave 1",PORT_IDLE_0,6239.822624,6239.823624,cycles 131171286..131171286 (1 cyc)
"tile 0,3 south slave 1",PORT_IDLE_0,6239.822624,6239.833625,cycles 131171286..131171296 (11 cyc)
"tile 0,3 south slave 1",PORT_IDLE_0,6239.832625,6239.833625,cycles 131171296..131171296 (1 cyc)
"tile 0,3 south slave 1",PORT_IDLE_0,6239.832625,6239.884630,cycles 131171296..131171347 (52 cyc)
"tile 0,3 south slave 1",PORT_IDLE_0,6239.883630,6274.592949,cycles 131171347..131206052 (34706 cyc)
"tile 0,3 south slave 1",PORT_RUNNING_0,6274.591948,6274.593949,cycles 131206052..131206053 (2 cyc)
"tile 0,3 south slave 1",PORT_IDLE_0,6274.592949,6274.593949,cycles 131206053..131206053 (1 cyc)
"tile 0,3 south slave 1",PORT_RUNNING_0,6274.592949,6274.598949,cycles 131206053..131206058 (6 cyc)
"tile 0,3 south slave 1",PORT_IDLE_0,6274.597949,6274.599949,cycles 131206058..131206059 (2 cyc)
"tile 0,3 south slave 1",PORT_RUNNING_0,6274.598949,6274.606950,cycles 131206059..131206066 (8 cyc)
"tile 0,3 south slave 1",PORT_IDLE_0,6274.605950,6274.609950,cycles 131206066..131206069 (4 cyc)
"tile 0,3 south slave 1",PORT_RUNNING_0,6274.608950,6274.616951,cycles 131206069..131206076 (8 cyc)
"tile 0,3 south slave 1",PORT_IDLE_0,6274.615951,6274.617951,cycles 131206076..131206077 (2 cyc)
"tile 0,3 south slave 1",PORT_RUNNING_0,6274.616951,6274.624952,cycles 131206077..131206084 (8 cyc)
"tile 0,3 south slave 1",PORT_IDLE_0,6274.623952,6274.625952,cycles 131206084..131206085 (2 cyc)
"tile 0,3 south slave 1",PORT_RUNNING_0,6274.624952,6274.632952,cycles 131206085..131206092 (8 cyc)
"tile 0,3 south slave 1",PORT_IDLE_0,6274.631952,6274.633952,cycles 131206092..131206093 (2 cyc)
"tile 0,3 south slave 1",PORT_RUNNING_0,6274.632952,6274.640953,cycles 131206093..131206100 (8 cyc)
"tile 0,3 south slave 1",PORT_IDLE_0,6274.639953,6274.641953,cycles 131206100..131206101 (2 cyc)
"tile 0,3 south slave 1",PORT_RUNNING_0,6274.640953,6274.648954,cycles 131206101..131206108 (8 cyc)
"tile 0,3 south slave 1",PORT_IDLE_0,6274.647954,6274.649954,cycles 131206108..131206109 (2 cyc)
"tile 0,3 south slave 1",PORT_RUNNING_0,6274.648954,6274.656955,cycles 131206109..131206116 (8 cyc)
"tile 0,3 south slave 1",PORT_IDLE_0,6274.655955,6274.657955,cycles 131206116..131206117 (2 cyc)
"tile 0,3 south slave 1",PORT_RUNNING_0,6274.656955,6274.664955,cycles 131206117..131206124 (8 cyc)
"tile 0,3 south slave 1",PORT_IDLE_0,6274.663955,6274.665956,cycles 131206124..131206125 (2 cyc)
"tile 0,3 south slave 1",PORT_RUNNING_0,6274.664955,6274.672956,cycles 131206125..131206132 (8 cyc)
"tile 0,3 south slave 1",PORT_IDLE_0,6274.671956,6274.673956,cycles 131206132..131206133 (2 cyc)
"tile 0,3 south slave 1",PORT_RUNNING_0,6274.672956,6274.680957,cycles 131206133..131206140 (8 cyc)
"tile 0,3 south slave 1",PORT_IDLE_0,6274.679957,6274.681957,cycles 131206140..131206141 (2 cyc)
"tile 0,3 south slave 1",PORT_RUNNING_0,6274.680957,6274.688958,cycles 131206141..131206148 (8 cyc)
"tile 0,3 south slave 1",PORT_IDLE_0,6274.687958,6274.690958,cycles 131206148..131206150 (3 cyc)
"tile 0,3 south slave 1",PORT_RUNNING_0,6274.689958,6274.697959,cycles 131206150..131206157 (8 cyc)
"tile 0,3 south slave 1",PORT_IDLE_0,6274.696958,6274.697959,cycles 131206157..131206157 (1 cyc)
"tile 0,3 south slave 1",PORT_RUNNING_0,6274.696958,6274.704959,cycles 131206157..131206164 (8 cyc)
"tile 0,3 south slave 1",PORT_IDLE_0,6274.703959,6274.705959,cycles 131206164..131206165 (2 cyc)
"tile 0,3 south slave 1",PORT_RUNNING_0,6274.704959,6274.712960,cycles 131206165..131206172 (8 cyc)
"tile 0,3 south slave 1",PORT_IDLE_0,6274.711960,6274.713960,cycles 131206172..131206173 (2 cyc)
"tile 0,3 south slave 1",PORT_RUNNING_0,6274.712960,6274.724961,cycles 131206173..131206184 (12 cyc)
"tile 0,3 south slave 1",PORT_IDLE_0,6274.723961,6274.729962,cycles 131206184..131206189 (6 cyc)
"tile 0,3 south slave 1",PORT_RUNNING_0,6274.728962,6274.730962,cycles 131206189..131206190 (2 cyc)
"tile 0,3 south slave 1",PORT_RUNNING_0,6274.729962,6274.731962,cycles 131206190..131206191 (2 cyc)
"tile 0,3 south slave 1",PORT_IDLE_0,6274.730962,6274.736962,cycles 131206191..131206196 (6 cyc)
"tile 0,3 south slave 1",PORT_RUNNING_0,6274.735962,6274.738963,cycles 131206196..131206198 (3 cyc)
"tile 0,3 south slave 1",PORT_RUNNING_0,6274.737962,6274.738963,cycles 131206198..131206198 (1 cyc)
"tile 0,3 south slave 1",PORT_IDLE_0,6274.737962,6274.742963,cycles 131206198..131206202 (5 cyc)
"tile 0,3 south slave 1",PORT_RUNNING_0,6274.741963,6274.745963,cycles 131206202..131206205 (4 cyc)
"tile 0,3 south slave 1",PORT_IDLE_0,6274.744963,6274.751964,cycles 131206205..131206211 (7 cyc)
"tile 0,3 south slave 1",PORT_RUNNING_0,6274.750964,6274.754964,cycles 131206211..131206214 (4 cyc)
"tile 0,3 south slave 1",PORT_IDLE_0,6274.753964,6274.758964,cycles 131206214..131206218 (5 cyc)
"tile 0,3 south slave 1",PORT_RUNNING_0,6274.757964,6274.761965,cycles 131206218..131206221 (4 cyc)
"tile 0,3 south slave 1",PORT_IDLE_0,6274.760965,6274.767965,cycles 131206221..131206227 (7 cyc)
"tile 0,3 south slave 1",PORT_RUNNING_0,6274.766965,6274.770966,cycles 131206227..131206230 (4 cyc)
"tile 0,3 south slave 1",PORT_IDLE_0,6274.769965,6274.775966,cycles 131206230..131206235 (6 cyc)
"tile 0,3 south slave 1",PORT_RUNNING_0,6274.774966,6274.778966,cycles 131206235..131206238 (4 cyc)
"tile 0,3 south slave 1",PORT_IDLE_0,6274.777966,6274.778966,cycles 131206238..131206238 (1 cyc)
"tile 0,3 south slave 1",PORT_IDLE_0,6274.777966,6274.778966,cycles 131206238..131206238 (1 cyc)
"tile 0,3 south slave 1",PORT_IDLE_0,6274.777966,6274.780967,cycles 131206238..131206240 (3 cyc)
"tile 0,3 south slave 1",PORT_RUNNING_0,6274.779966,6274.783967,cycles 131206240..131206243 (4 cyc)
"tile 0,3 south slave 1",PORT_IDLE_0,6274.782967,6274.786967,cycles 131206243..131206246 (4 cyc)
"tile 0,3 south slave 1",PORT_IDLE_0,6274.785967,6274.786967,cycles 131206246..131206246 (1 cyc)
"tile 0,3 south slave 1",PORT_IDLE_0,6274.785967,6274.787967,cycles 131206246..131206247 (2 cyc)
"tile 0,3 south slave 1",PORT_RUNNING_0,6274.786967,6274.790967,cycles 131206247..131206250 (4 cyc)
"tile 0,3 south slave 1",PORT_IDLE_0,6274.789967,6274.794968,cycles 131206250..131206254 (5 cyc)
"tile 0,3 south slave 1",PORT_RUNNING_0,6274.793968,6274.797968,cycles 131206254..131206257 (4 cyc)
"tile 0,3 south slave 1",PORT_IDLE_0,6274.796968,6274.804969,cycles 131206257..131206264 (8 cyc)
"tile 0,3 south slave 1",PORT_RUNNING_0,6274.803969,6274.807969,cycles 131206264..131206267 (4 cyc)
"tile 0,3 south slave 1",PORT_IDLE_0,6274.806969,6274.811969,cycles 131206267..131206271 (5 cyc)
"tile 0,3 south slave 1",PORT_RUNNING_0,6274.810969,6274.814970,cycles 131206271..131206274 (4 cyc)
"tile 0,3 south slave 1",PORT_IDLE_0,6274.813970,6274.820970,cycles 131206274..131206280 (7 cyc)
"tile 0,3 south slave 1",PORT_RUNNING_0,6274.819970,6274.823971,cycles 131206280..131206283 (4 cyc)
"tile 0,3 south slave 1",PORT_IDLE_0,6274.822971,6274.825971,cycles 131206283..131206285 (3 cyc)
"tile 0,3 south slave 1",PORT_IDLE_0,6274.824971,6274.827971,cycles 131206285..131206287 (3 cyc)
"tile 0,3 south slave 1",PORT_RUNNING_0,6274.826971,6274.830971,cycles 131206287..131206290 (4 cyc)
"tile 0,3 south slave 1",PORT_IDLE_0,6274.829971,6274.834972,cycles 131206290..131206294 (5 cyc)
"tile 0,3 south slave 1",PORT_RUNNING_0,6274.833972,6274.837972,cycles 131206294..131206297 (4 cyc)
"tile 0,3 south slave 1",PORT_IDLE_0,6274.836972,6274.843973,cycles 131206297..131206303 (7 cyc)
"tile 0,3 south slave 1",PORT_RUNNING_0,6274.842972,6274.846973,cycles 131206303..131206306 (4 cyc)
"tile 0,3 south slave 1",PORT_IDLE_0,6274.845973,6274.850973,cycles 131206306..131206310 (5 cyc)
"tile 0,3 south slave 1",PORT_RUNNING_0,6274.849973,6274.853974,cycles 131206310..131206313 (4 cyc)
"tile 0,3 south slave 1",PORT_IDLE_0,6274.852973,6274.859974,cycles 131206313..131206319 (7 cyc)
"tile 0,3 south slave 1",PORT_RUNNING_0,6274.858974,6274.862974,cycles 131206319..131206322 (4 cyc)
"tile 0,3 south slave 1",PORT_IDLE_0,6274.861974,6274.867975,cycles 131206322..131206327 (6 cyc)
"tile 0,3 south slave 1",PORT_RUNNING_0,6274.866975,6274.870975,cycles 131206327..131206330 (4 cyc)
"tile 0,3 south slave 1",PORT_IDLE_0,6274.869975,6274.874976,cycles 131206330..131206334 (5 cyc)
"tile 0,3 south slave 1",PORT_RUNNING_0,6274.873975,6274.875976,cycles 131206334..131206335 (2 cyc)
"tile 0,3 south slave 1",PORT_IDLE_0,6274.874976,6274.875976,cycles 131206335..131206335 (1 cyc)
"tile 0,3 south slave 1",PORT_RUNNING_0,6274.874976,6274.876976,cycles 131206335..131206336 (2 cyc)
"tile 0,3 south slave 1",PORT_IDLE_0,6274.875976,6274.881976,cycles 131206336..131206341 (6 cyc)
"tile 0,3 south slave 1",PORT_RUNNING_0,6274.880976,6274.884976,cycles 131206341..131206344 (4 cyc)
"tile 0,3 south slave 1",PORT_IDLE_0,6274.883976,6274.888977,cycles 131206344..131206348 (5 cyc)
"tile 0,3 south slave 1",PORT_RUNNING_0,6274.887977,6274.891977,cycles 131206348..131206351 (4 cyc)
"tile 0,3 south slave 1",PORT_IDLE_0,6274.890977,6274.897978,cycles 131206351..131206357 (7 cyc)
"tile 0,3 south slave 1",PORT_RUNNING_0,6274.896978,6274.900978,cycles 131206357..131206360 (4 cyc)
"tile 0,3 south slave 1",PORT_IDLE_0,6274.899978,6274.904978,cycles 131206360..131206364 (5 cyc)
"tile 0,3 south slave 1",PORT_RUNNING_0,6274.903978,6274.907979,cycles 131206364..131206367 (4 cyc)
"tile 0,3 south slave 1",PORT_IDLE_0,6274.906979,6274.913979,cycles 131206367..131206373 (7 cyc)
"tile 0,3 south slave 1",PORT_RUNNING_0,6274.912979,6274.916980,cycles 131206373..131206376 (4 cyc)
"tile 0,3 south slave 1",PORT_IDLE_0,6274.915979,6274.921980,cycles 131206376..131206381 (6 cyc)
"tile 0,3 south slave 1",PORT_RUNNING_0,6274.920980,6274.924980,cycles 131206381..131206384 (4 cyc)
"tile 0,3 south slave 1",PORT_IDLE_0,6274.923980,6274.928981,cycles 131206384..131206388 (5 cyc)
"tile 0,3 south slave 1",PORT_RUNNING_0,6274.927981,6274.931981,cycles 131206388..131206391 (4 cyc)
"tile 0,3 south slave 1",PORT_IDLE_0,6274.930981,6274.936981,cycles 131206391..131206396 (6 cyc)
"tile 0,3 south slave 1",PORT_RUNNING_0,6274.935981,6274.939982,cycles 131206396..131206399 (4 cyc)
"tile 0,3 south slave 1",PORT_IDLE_0,6274.938982,6274.943982,cycles 131206399..131206403 (5 cyc)
"tile 0,3 south slave 1",PORT_RUNNING_0,6274.942982,6274.946982,cycles 131206403..131206406 (4 cyc)
"tile 0,3 south slave 1",PORT_IDLE_0,6274.945982,6274.952983,cycles 131206406..131206412 (7 cyc)
"tile 0,3 south slave 1",PORT_RUNNING_0,6274.951983,6274.955983,cycles 131206412..131206415 (4 cyc)
"tile 0,3 south slave 1",PORT_IDLE_0,6274.954983,6274.960984,cycles 131206415..131206420 (6 cyc)
"tile 0,3 south slave 1",PORT_RUNNING_0,6274.959984,6274.963984,cycles 131206420..131206423 (4 cyc)
"tile 0,3 south slave 1",PORT_IDLE_0,6274.962984,6274.967984,cycles 131206423..131206427 (5 cyc)
"tile 0,3 south slave 1",PORT_RUNNING_0,6274.966984,6274.972985,cycles 131206427..131206432 (6 cyc)
"tile 0,3 south slave 1",PORT_RUNNING_0,6274.971985,6274.973985,cycles 131206432..131206433 (2 cyc)
"tile 0,3 south slave 1",PORT_IDLE_0,6274.972985,6274.975985,cycles 131206433..131206435 (3 cyc)
"tile 0,3 south slave 1",PORT_RUNNING_0,6274.974985,6274.980986,cycles 131206435..131206440 (6 cyc)
"tile 0,3 south slave 1",PORT_RUNNING_0,6274.979986,6274.980986,cycles 131206440..131206440 (1 cyc)
"tile 0,3 south slave 1",PORT_RUNNING_0,6274.979986,6274.980986,cycles 131206440..131206440 (1 cyc)
"tile 0,3 south slave 1",PORT_IDLE_0,6274.979986,6274.980986,cycles 131206440..131206440 (1 cyc)
"tile 0,3 south slave 1",PORT_RUNNING_0,6274.979986,6274.987986,cycles 131206440..131206447 (8 cyc)
"tile 0,3 south slave 1",PORT_IDLE_0,6274.986986,6274.989987,cycles 131206447..131206449 (3 cyc)
"tile 0,3 south slave 1",PORT_RUNNING_0,6274.988986,6274.996987,cycles 131206449..131206456 (8 cyc)
"tile 0,3 south slave 1",PORT_IDLE_0,6274.995987,6274.996987,cycles 131206456..131206456 (1 cyc)
"tile 0,3 south slave 1",PORT_RUNNING_0,6274.995987,6275.003988,cycles 131206456..131206463 (8 cyc)
"tile 0,3 south slave 1",PORT_IDLE_0,6275.002988,6275.005988,cycles 131206463..131206465 (3 cyc)
"tile 0,3 south slave 1",PORT_RUNNING_0,6275.004988,6275.012989,cycles 131206465..131206472 (8 cyc)
"tile 0,3 south slave 1",PORT_IDLE_0,6275.011989,6275.013989,cycles 131206472..131206473 (2 cyc)
"tile 0,3 south slave 1",PORT_RUNNING_0,6275.012989,6275.020989,cycles 131206473..131206480 (8 cyc)
"tile 0,3 south slave 1",PORT_IDLE_0,6275.019989,6275.020989,cycles 131206480..131206480 (1 cyc)
"tile 0,3 south slave 1",PORT_RUNNING_0,6275.019989,6275.027990,cycles 131206480..131206487 (8 cyc)
"tile 0,3 south slave 1",PORT_IDLE_0,6275.026990,6275.029990,cycles 131206487..131206489 (3 cyc)
"tile 0,3 south slave 1",PORT_RUNNING_0,6275.028990,6275.029990,cycles 131206489..131206489 (1 cyc)
"tile 0,3 south slave 1",PORT_RUNNING_0,6275.028990,6275.035991,cycles 131206489..131206495 (7 cyc)
"tile 0,3 south slave 1",PORT_IDLE_0,6275.034991,6275.035991,cycles 131206495..131206495 (1 cyc)
"tile 0,3 south slave 1",PORT_RUNNING_0,6275.034991,6275.042992,cycles 131206495..131206502 (8 cyc)
"tile 0,3 south slave 1",PORT_IDLE_0,6275.041991,6275.075995,cycles 131206502..131206535 (34 cyc)
"tile 0,3 south slave 1",PORT_IDLE_0,6275.074995,6275.386024,cycles 131206535..131206845 (311 cyc)
"tile 0,3 south slave 1",PORT_RUNNING_0,6275.385024,6275.393025,cycles 131206845..131206852 (8 cyc)
"tile 0,3 south slave 1",PORT_IDLE_0,6275.392025,6275.394025,cycles 131206852..131206853 (2 cyc)
"tile 0,3 south slave 1",PORT_RUNNING_0,6275.393025,6275.401026,cycles 131206853..131206860 (8 cyc)
"tile 0,3 south slave 1",PORT_IDLE_0,6275.400026,6275.402026,cycles 131206860..131206861 (2 cyc)
"tile 0,3 south slave 1",PORT_RUNNING_0,6275.401026,6275.409027,cycles 131206861..131206868 (8 cyc)
"tile 0,3 south slave 1",PORT_IDLE_0,6275.408026,6275.410027,cycles 131206868..131206869 (2 cyc)
"tile 0,3 south slave 1",PORT_RUNNING_0,6275.409027,6275.417027,cycles 131206869..131206876 (8 cyc)
"tile 0,3 south slave 1",PORT_IDLE_0,6275.416027,6275.419028,cycles 131206876..131206878 (3 cyc)
"tile 0,3 south slave 1",PORT_RUNNING_0,6275.418027,6275.426028,cycles 131206878..131206885 (8 cyc)
"tile 0,3 south slave 1",PORT_IDLE_0,6275.425028,6275.426028,cycles 131206885..131206885 (1 cyc)
"tile 0,3 south slave 1",PORT_RUNNING_0,6275.425028,6275.439029,cycles 131206885..131206898 (14 cyc)
"tile 0,3 south slave 1",PORT_STALLED_0,6275.438029,6275.439029,cycles 131206898..131206898 (1 cyc)
"tile 0,3 south slave 1",PORT_RUNNING_0,6275.438029,6275.442030,cycles 131206898..131206901 (4 cyc)
"tile 0,3 south slave 1",PORT_RUNNING_0,6275.441030,6275.452031,cycles 131206901..131206911 (11 cyc)
"tile 0,3 south slave 1",PORT_RUNNING_0,6275.451031,6275.452031,cycles 131206911..131206911 (1 cyc)
"tile 0,3 south slave 1",PORT_RUNNING_0,6275.451031,6275.502035,cycles 131206911..131206961 (51 cyc)
"tile 0,3 south slave 1",PORT_RUNNING_0,6275.501035,6275.562041,cycles 131206961..131207021 (61 cyc)
"tile 0,3 south slave 1",PORT_STALLED_0,6275.561041,6275.562041,cycles 131207021..131207021 (1 cyc)
"tile 0,3 south slave 1",PORT_RUNNING_0,6275.561041,6275.571042,cycles 131207021..131207030 (10 cyc)
"tile 0,3 south slave 1",PORT_IDLE_0,6275.570042,6275.571042,cycles 131207030..131207030 (1 cyc)
"tile 0,3 south slave 1",PORT_RUNNING_0,6275.570042,6275.578043,cycles 131207030..131207037 (8 cyc)
"tile 0,3 south slave 1",PORT_IDLE_0,6275.577043,6275.579043,cycles 131207037..131207038 (2 cyc)
"tile 0,3 south slave 1",PORT_RUNNING_0,6275.578043,6275.586043,cycles 131207038..131207045 (8 cyc)
"tile 0,3 south slave 1",PORT_IDLE_0,6275.585043,6275.587044,cycles 131207045..131207046 (2 cyc)
"tile 0,3 south slave 1",PORT_RUNNING_0,6275.586043,6275.594044,cycles 131207046..131207053 (8 cyc)
"tile 0,3 south slave 1",PORT_IDLE_0,6275.593044,6275.595044,cycles 131207053..131207054 (2 cyc)
"tile 0,3 south slave 1",PORT_RUNNING_0,6275.594044,6275.602045,cycles 131207054..131207061 (8 cyc)
"tile 0,3 south slave 1",PORT_IDLE_0,6275.601045,6275.604045,cycles 131207061..131207063 (3 cyc)
"tile 0,3 south slave 1",PORT_RUNNING_0,6275.603045,6275.611046,cycles 131207063..131207070 (8 cyc)
"tile 0,3 south slave 1",PORT_IDLE_0,6275.610046,6275.613046,cycles 131207070..131207072 (3 cyc)
"tile 0,3 south slave 1",PORT_RUNNING_0,6275.612046,6275.620047,cycles 131207072..131207079 (8 cyc)
"tile 0,3 south slave 1",PORT_IDLE_0,6275.619047,6275.620047,cycles 131207079..131207079 (1 cyc)
"tile 0,3 south slave 1",PORT_RUNNING_0,6275.619047,6275.627047,cycles 131207079..131207086 (8 cyc)
"tile 0,3 south slave 1",PORT_IDLE_0,6275.626047,6275.628048,cycles 131207086..131207087 (2 cyc)
"tile 0,3 south slave 1",PORT_RUNNING_0,6275.627047,6275.635048,cycles 131207087..131207094 (8 cyc)
"tile 0,3 south slave 1",PORT_IDLE_0,6275.634048,6275.636048,cycles 131207094..131207095 (2 cyc)
"tile 0,3 south slave 1",PORT_RUNNING_0,6275.635048,6275.643049,cycles 131207095..131207102 (8 cyc)
"tile 0,3 south slave 1",PORT_IDLE_0,6275.642049,6275.644049,cycles 131207102..131207103 (2 cyc)
"tile 0,3 south slave 1",PORT_RUNNING_0,6275.643049,6275.651050,cycles 131207103..131207110 (8 cyc)
"tile 0,3 south slave 1",PORT_IDLE_0,6275.650050,6275.652050,cycles 131207110..131207111 (2 cyc)
"tile 0,3 south slave 1",PORT_RUNNING_0,6275.651050,6275.659050,cycles 131207111..131207118 (8 cyc)
"tile 0,3 south slave 1",PORT_IDLE_0,6275.658050,6275.660051,cycles 131207118..131207119 (2 cyc)
"tile 0,3 south slave 1",PORT_RUNNING_0,6275.659050,6275.667051,cycles 131207119..131207126 (8 cyc)
"tile 0,3 south slave 1",PORT_IDLE_0,6275.666051,6275.668051,cycles 131207126..131207127 (2 cyc)
"tile 0,3 south slave 1",PORT_RUNNING_0,6275.667051,6275.669051,cycles 131207127..131207128 (2 cyc)
"tile 0,3 south slave 1",PORT_IDLE_0,6275.668051,6275.669051,cycles 131207128..131207128 (1 cyc)
"tile 0,3 south slave 1",PORT_RUNNING_0,6275.668051,6275.674052,cycles 131207128..131207133 (6 cyc)
"tile 0,3 south slave 1",PORT_IDLE_0,6275.673052,6275.674052,cycles 131207133..131207133 (1 cyc)
"tile 0,3 south slave 1",PORT_RUNNING_0,6275.673052,6275.687053,cycles 131207133..131207146 (14 cyc)
"tile 0,3 south slave 1",PORT_STALLED_0,6275.686053,6275.687053,cycles 131207146..131207146 (1 cyc)
"tile 0,3 south slave 1",PORT_RUNNING_0,6275.686053,6275.702055,cycles 131207146..131207161 (16 cyc)
"tile 0,3 south slave 1",PORT_STALLED_0,6275.701054,6326.612922,cycles 131207161..131258067 (50907 cyc)
"tile 0,3 south slave 1",PORT_STALLED_0,6326.611922,6326.622923,cycles 131258067..131258077 (11 cyc)
"tile 0,3 south slave 1",PORT_STALLED_0,6326.621923,6326.622923,cycles 131258077..131258077 (1 cyc)
"tile 0,3 south slave 1",PORT_STALLED_0,6326.621923,6326.671928,cycles 131258077..131258126 (50 cyc)
"tile 0,3 south slave 1",PORT_STALLED_0,6326.670928,6326.671928,cycles 131258126..131258126 (1 cyc)
"tile 0,3 south slave 1",PORT_STALLED_0,6326.670928,6326.681929,cycles 131258126..131258136 (11 cyc)
"tile 0,3 south slave 1",PORT_STALLED_0,6326.680929,6326.681929,cycles 131258136..131258136 (1 cyc)
"tile 0,3 south slave 1",PORT_STALLED_0,6326.680929,6326.688930,cycles 131258136..131258143 (8 cyc)
"tile 0,3 south slave 1",PORT_RUNNING_0,6326.687930,6326.688930,cycles 131258143..131258143 (1 cyc)
"tile 0,3 dma s2mm 0",DMA_S2MM_0_START_TASK_MEM,6147.067755,6147.068755,cycles 131078540..131078540 (1 cyc)
"tile 0,3 dma s2mm 0",DMA_S2MM_0_STREAM_STARVATION_MEM|LOCK_SEL0_ACQ_GE_MEM,6147.072756,6147.073756,cycles 131078545..131078545 (1 cyc)
"tile 0,3 dma s2mm 0",DMA_S2MM_0_STREAM_STARVATION_MEM,6147.072756,6178.401751,cycles 131078545..131109870 (31326 cyc)
"tile 0,3 dma s2mm 0",DMA_S2MM_0_STREAM_STARVATION_MEM,6178.408752,6178.409752,cycles 131109878..131109878 (1 cyc)
"tile 0,3 dma s2mm 0",DMA_S2MM_0_STREAM_STARVATION_MEM,6178.408752,6178.409752,cycles 131109878..131109878 (1 cyc)
"tile 0,3 dma s2mm 0",DMA_S2MM_0_STREAM_STARVATION_MEM,6178.416753,6178.417753,cycles 131109886..131109886 (1 cyc)
"tile 0,3 dma s2mm 0",DMA_S2MM_0_STREAM_STARVATION_MEM,6178.416753,6178.420753,cycles 131109886..131109889 (4 cyc)
"tile 0,3 dma s2mm 0",DMA_S2MM_0_STREAM_STARVATION_MEM,6178.427754,6178.429754,cycles 131109897..131109898 (2 cyc)
"tile 0,3 dma s2mm 0",DMA_S2MM_0_STREAM_STARVATION_MEM,6178.428754,6178.430754,cycles 131109898..131109899 (2 cyc)
"tile 0,3 dma s2mm 0",DMA_S2MM_0_STREAM_STARVATION_MEM,6178.437755,6178.438755,cycles 131109907..131109907 (1 cyc)
"tile 0,3 dma s2mm 0",DMA_S2MM_0_STREAM_STARVATION_MEM,6178.437755,6178.438755,cycles 131109907..131109907 (1 cyc)
"tile 0,3 dma s2mm 0",DMA_S2MM_0_STREAM_STARVATION_MEM,6178.445755,6178.446755,cycles 131109915..131109915 (1 cyc)
"tile 0,3 dma s2mm 0",DMA_S2MM_0_STREAM_STARVATION_MEM,6178.445755,6178.446755,cycles 131109915..131109915 (1 cyc)
"tile 0,3 dma s2mm 0",DMA_S2MM_0_STREAM_STARVATION_MEM,6178.453756,6178.454756,cycles 131109923..131109923 (1 cyc)
"tile 0,3 dma s2mm 0",DMA_S2MM_0_STREAM_STARVATION_MEM,6178.453756,6178.454756,cycles 131109923..131109923 (1 cyc)
"tile 0,3 dma s2mm 0",DMA_S2MM_0_STREAM_STARVATION_MEM,6178.461757,6178.463757,cycles 131109931..131109932 (2 cyc)
"tile 0,3 dma s2mm 0",DMA_S2MM_0_STREAM_STARVATION_MEM,6178.462757,6178.464757,cycles 131109932..131109933 (2 cyc)
"tile 0,3 dma s2mm 0",DMA_S2MM_0_STREAM_STARVATION_MEM,6178.471758,6178.472758,cycles 131109941..131109941 (1 cyc)
"tile 0,3 dma s2mm 0",DMA_S2MM_0_STREAM_STARVATION_MEM,6178.471758,6178.472758,cycles 131109941..131109941 (1 cyc)
"tile 0,3 dma s2mm 0",DMA_S2MM_0_STREAM_STARVATION_MEM,6178.479759,6178.480759,cycles 131109949..131109949 (1 cyc)
"tile 0,3 dma s2mm 0",DMA_S2MM_0_STREAM_STARVATION_MEM,6178.479759,6178.480759,cycles 131109949..131109949 (1 cyc)
"tile 0,3 dma s2mm 0",DMA_S2MM_0_STREAM_STARVATION_MEM,6178.487759,6178.488759,cycles 131109957..131109957 (1 cyc)
"tile 0,3 dma s2mm 0",DMA_S2MM_0_STREAM_STARVATION_MEM,6178.487759,6178.488759,cycles 131109957..131109957 (1 cyc)
"tile 0,3 dma s2mm 0",DMA_S2MM_0_STREAM_STARVATION_MEM,6178.495760,6178.496760,cycles 131109965..131109965 (1 cyc)
"tile 0,3 dma s2mm 0",DMA_S2MM_0_STREAM_STARVATION_MEM,6178.497760,6178.498760,cycles 131109967..131109967 (1 cyc)
"tile 0,3 dma s2mm 0",DMA_S2MM_0_STREAM_STARVATION_MEM,6178.503761,6178.504761,cycles 131109973..131109973 (1 cyc)
"tile 0,3 dma s2mm 0",DMA_S2MM_0_STREAM_STARVATION_MEM,6178.503761,6178.504761,cycles 131109973..131109973 (1 cyc)
"tile 0,3 dma s2mm 0",LOCK_SEL0_ACQ_GE_MEM,6178.509761,6178.510762,cycles 131109979..131109979 (1 cyc)
"tile 0,3 dma s2mm 0",DMA_S2MM_0_STREAM_STARVATION_MEM,6178.510762,6178.511762,cycles 131109980..131109980 (1 cyc)
"tile 0,3 dma s2mm 0",DMA_S2MM_0_STREAM_STARVATION_MEM,6178.519762,6178.520763,cycles 131109989..131109989 (1 cyc)
"tile 0,3 dma s2mm 0",DMA_S2MM_0_STREAM_STARVATION_MEM,6178.519762,6178.520763,cycles 131109989..131109989 (1 cyc)
"tile 0,3 dma s2mm 0",DMA_S2MM_0_FINISHED_BD_MEM,6178.520763,6178.521763,cycles 131109990..131109990 (1 cyc)
"tile 0,3 dma s2mm 0",DMA_S2MM_0_STREAM_STARVATION_MEM,6178.522763,6178.523763,cycles 131109992..131109992 (1 cyc)
"tile 0,3 dma s2mm 0",DMA_S2MM_0_STREAM_STARVATION_MEM,6178.522763,6178.527763,cycles 131109992..131109996 (5 cyc)
"tile 0,3 dma s2mm 0",DMA_S2MM_0_STREAM_STARVATION_MEM,6178.530764,6178.531764,cycles 131110000..131110000 (1 cyc)
"tile 0,3 dma s2mm 0",DMA_S2MM_0_STREAM_STARVATION_MEM,6178.530764,6178.532764,cycles 131110000..131110001 (2 cyc)
"tile 0,3 dma s2mm 0",DMA_S2MM_0_STREAM_STARVATION_MEM|LOCK_0_REL_MEM,6178.531764,6178.532764,cycles 131110001..131110001 (1 cyc)
"tile 0,3 dma s2mm 0",DMA_S2MM_0_STREAM_STARVATION_MEM,6178.531764,6178.533764,cycles 131110001..131110002 (2 cyc)
"tile 0,3 dma s2mm 0",DMA_S2MM_0_STREAM_STARVATION_MEM,6178.536764,6178.537764,cycles 131110006..131110006 (1 cyc)
"tile 0,3 dma s2mm 0",DMA_S2MM_0_STREAM_STARVATION_MEM,6178.536764,6178.541765,cycles 131110006..131110010 (5 cyc)
"tile 0,3 dma s2mm 0",DMA_S2MM_0_STREAM_STARVATION_MEM,6178.544765,6178.545765,cycles 131110014..131110014 (1 cyc)
"tile 0,3 dma s2mm 0",DMA_S2MM_0_STREAM_STARVATION_MEM,6178.544765,6178.549765,cycles 131110014..131110018 (5 cyc)
"tile 0,3 dma s2mm 0",DMA_S2MM_0_STREAM_STARVATION_MEM,6178.550765,6178.552766,cycles 131110020..131110021 (2 cyc)
"tile 0,3 dma s2mm 0",DMA_S2MM_0_STREAM_STARVATION_MEM,6178.551766,6178.556766,cycles 131110021..131110025 (5 cyc)
"tile 0,3 dma s2mm 0",DMA_S2MM_0_STREAM_STARVATION_MEM,6178.559766,6178.560766,cycles 131110029..131110029 (1 cyc)
"tile 0,3 dma s2mm 0",DMA_S2MM_0_STREAM_STARVATION_MEM,6178.559766,6178.563767,cycles 131110029..131110032 (4 cyc)
"tile 0,3 dma s2mm 0",DMA_S2MM_0_STREAM_STARVATION_MEM,6178.566767,6178.567767,cycles 131110036..131110036 (1 cyc)
"tile 0,3 dma s2mm 0",DMA_S2MM_0_STREAM_STARVATION_MEM,6178.566767,6178.571767,cycles 131110036..131110040 (5 cyc)
"tile 0,3 dma s2mm 0",DMA_S2MM_0_STREAM_STARVATION_MEM,6178.574768,6178.575768,cycles 131110044..131110044 (1 cyc)
"tile 0,3 dma s2mm 0",DMA_S2MM_0_STREAM_STARVATION_MEM,6178.574768,6178.579768,cycles 131110044..131110048 (5 cyc)
"tile 0,3 dma s2mm 0",DMA_S2MM_0_STREAM_STARVATION_MEM,6178.582768,6178.583769,cycles 131110052..131110052 (1 cyc)
"tile 0,3 dma s2mm 0",DMA_S2MM_0_STREAM_STARVATION_MEM,6178.582768,6178.586769,cycles 131110052..131110055 (4 cyc)
"tile 0,3 dma s2mm 0",DMA_S2MM_0_STREAM_STARVATION_MEM,6178.589769,6178.590769,cycles 131110059..131110059 (1 cyc)
"tile 0,3 dma s2mm 0",DMA_S2MM_0_STREAM_STARVATION_MEM,6178.589769,6178.595770,cycles 131110059..131110064 (6 cyc)
"tile 0,3 dma s2mm 0",DMA_S2MM_0_STREAM_STARVATION_MEM,6178.598770,6178.599770,cycles 131110068..131110068 (1 cyc)
"tile 0,3 dma s2mm 0",DMA_S2MM_0_STREAM_STARVATION_MEM,6178.598770,6178.602770,cycles 131110068..131110071 (4 cyc)
"tile 0,3 dma s2mm 0",DMA_S2MM_0_STREAM_STARVATION_MEM,6178.605771,6178.606771,cycles 131110075..131110075 (1 cyc)
"tile 0,3 dma s2mm 0",DMA_S2MM_0_STREAM_STARVATION_MEM,6178.605771,6178.611771,cycles 131110075..131110080 (6 cyc)
"tile 0,3 dma s2mm 0",DMA_S2MM_0_STREAM_STARVATION_MEM,6178.614772,6178.615772,cycles 131110084..131110084 (1 cyc)
"tile 0,3 dma s2mm 0",DMA_S2MM_0_STREAM_STARVATION_MEM,6178.614772,6178.619772,cycles 131110084..131110088 (5 cyc)
"tile 0,3 dma s2mm 0",DMA_S2MM_0_STREAM_STARVATION_MEM,6178.622772,6178.623772,cycles 131110092..131110092 (1 cyc)
"tile 0,3 dma s2mm 0",DMA_S2MM_0_STREAM_STARVATION_MEM,6178.622772,6178.729783,cycles 131110092..131110198 (107 cyc)
"tile 0,3 dma s2mm 0",DMA_S2MM_0_STREAM_STARVATION_MEM,6178.732783,6178.733783,cycles 131110202..131110202 (1 cyc)
"tile 0,3 dma s2mm 0",DMA_S2MM_0_STREAM_STARVATION_MEM,6178.732783,6178.737783,cycles 131110202..131110206 (5 cyc)
"tile 0,3 dma s2mm 0",DMA_S2MM_0_STREAM_STARVATION_MEM,6178.740784,6178.741784,cycles 131110210..131110210 (1 cyc)
"tile 0,3 dma s2mm 0",DMA_S2MM_0_STREAM_STARVATION_MEM,6178.740784,6178.746784,cycles 131110210..131110215 (6 cyc)
"tile 0,3 dma s2mm 0",DMA_S2MM_0_STREAM_STARVATION_MEM,6178.749784,6178.750785,cycles 131110219..131110219 (1 cyc)
"tile 0,3 dma s2mm 0",DMA_S2MM_0_STREAM_STARVATION_MEM,6178.749784,6178.753785,cycles 131110219..131110222 (4 cyc)
"tile 0,3 dma s2mm 0",DMA_S2MM_0_STREAM_STARVATION_MEM,6178.756785,6178.757785,cycles 131110226..131110226 (1 cyc)
"tile 0,3 dma s2mm 0",DMA_S2MM_0_STREAM_STARVATION_MEM,6178.756785,6178.762786,cycles 131110226..131110231 (6 cyc)
"tile 0,3 dma s2mm 0",DMA_S2MM_0_STREAM_STARVATION_MEM,6178.765786,6178.766786,cycles 131110235..131110235 (1 cyc)
"tile 0,3 dma s2mm 0",DMA_S2MM_0_STREAM_STARVATION_MEM,6178.765786,6178.769786,cycles 131110235..131110238 (4 cyc)
"tile 0,3 dma s2mm 0",DMA_S2MM_0_STREAM_STARVATION_MEM,6178.772787,6178.773787,cycles 131110242..131110242 (1 cyc)
"tile 0,3 dma s2mm 0",DMA_S2MM_0_STREAM_STARVATION_MEM,6178.772787,6178.777787,cycles 131110242..131110246 (5 cyc)
"tile 0,3 dma s2mm 0",DMA_S2MM_0_STREAM_STARVATION_MEM,6178.780787,6178.781788,cycles 131110250..131110250 (1 cyc)
"tile 0,3 dma s2mm 0",DMA_S2MM_0_STREAM_STARVATION_MEM,6178.780787,6178.786788,cycles 131110250..131110255 (6 cyc)
"tile 0,3 dma s2mm 0",DMA_S2MM_0_STREAM_STARVATION_MEM,6178.789788,6178.790788,cycles 131110259..131110259 (1 cyc)
"tile 0,3 dma s2mm 0",DMA_S2MM_0_STREAM_STARVATION_MEM,6178.789788,6178.793789,cycles 131110259..131110262 (4 cyc)
"tile 0,3 dma s2mm 0",DMA_S2MM_0_STREAM_STARVATION_MEM,6178.796789,6178.797789,cycles 131110266..131110266 (1 cyc)
"tile 0,3 dma s2mm 0",DMA_S2MM_0_STREAM_STARVATION_MEM,6178.796789,6178.802790,cycles 131110266..131110271 (6 cyc)
"tile 0,3 dma s2mm 0",DMA_S2MM_0_STREAM_STARVATION_MEM,6178.805790,6178.806790,cycles 131110275..131110275 (1 cyc)
"tile 0,3 dma s2mm 0",DMA_S2MM_0_STREAM_STARVATION_MEM,6178.805790,6178.809790,cycles 131110275..131110278 (4 cyc)
"tile 0,3 dma s2mm 0",DMA_S2MM_0_STREAM_STARVATION_MEM,6178.812790,6178.813791,cycles 131110282..131110282 (1 cyc)
"tile 0,3 dma s2mm 0",DMA_S2MM_0_STREAM_STARVATION_MEM,6178.812790,6178.817791,cycles 131110282..131110286 (5 cyc)
"tile 0,3 dma s2mm 0",DMA_S2MM_0_STREAM_STARVATION_MEM,6178.820791,6178.821791,cycles 131110290..131110290 (1 cyc)
"tile 0,3 dma s2mm 0",DMA_S2MM_0_STREAM_STARVATION_MEM,6178.820791,6178.825792,cycles 131110290..131110294 (5 cyc)
"tile 0,3 dma s2mm 0",DMA_S2MM_0_STREAM_STARVATION_MEM,6178.828792,6178.829792,cycles 131110298..131110298 (1 cyc)
"tile 0,3 dma s2mm 0",DMA_S2MM_0_STREAM_STARVATION_MEM,6178.828792,6178.833792,cycles 131110298..131110302 (5 cyc)
"tile 0,3 dma s2mm 0",DMA_S2MM_0_STREAM_STARVATION_MEM,6178.836793,6178.837793,cycles 131110306..131110306 (1 cyc)
"tile 0,3 dma s2mm 0",DMA_S2MM_0_STREAM_STARVATION_MEM,6178.836793,6178.842793,cycles 131110306..131110311 (6 cyc)
"tile 0,3 dma s2mm 0",LOCK_SEL0_ACQ_GE_MEM,6178.842793,6178.843793,cycles 131110312..131110312 (1 cyc)
"tile 0,3 dma s2mm 0",DMA_S2MM_0_STREAM_STARVATION_MEM,6178.844794,6178.845794,cycles 131110314..131110314 (1 cyc)
"tile 0,3 dma s2mm 0",DMA_S2MM_0_STREAM_STARVATION_MEM,6178.844794,6178.848794,cycles 131110314..131110317 (4 cyc)
"tile 0,3 dma s2mm 0",DMA_S2MM_0_STREAM_STARVATION_MEM,6178.851794,6178.852794,cycles 131110321..131110321 (1 cyc)
"tile 0,3 dma s2mm 0",DMA_S2MM_0_STREAM_STARVATION_MEM,6178.851794,6178.857795,cycles 131110321..131110326 (6 cyc)
"tile 0,3 dma s2mm 0",DMA_S2MM_0_STREAM_STARVATION_MEM,6178.860795,6178.861795,cycles 131110330..131110330 (1 cyc)
"tile 0,3 dma s2mm 0",DMA_S2MM_0_STREAM_STARVATION_MEM,6178.860795,6178.864795,cycles 131110330..131110333 (4 cyc)
"tile 0,3 dma s2mm 0",DMA_S2MM_0_FINISHED_BD_MEM,6178.871796,6178.872796,cycles 131110341..131110341 (1 cyc)
"tile 0,3 dma s2mm 0",LOCK_0_REL_MEM,6178.886798,6178.887798,cycles 131110356..131110356 (1 cyc)
"tile 0,3 dma s2mm 0",LOCK_SEL0_ACQ_GE_MEM,6178.986807,6178.987807,cycles 131110456..131110456 (1 cyc)
"tile 0,3 dma s2mm 0",DMA_S2MM_0_FINISHED_BD_MEM,6178.997808,6178.998808,cycles 131110467..131110467 (1 cyc)
"tile 0,3 dma s2mm 0",LOCK_0_REL_MEM,6179.013810,6179.014810,cycles 131110483..131110483 (1 cyc)
"tile 0,3 dma s2mm 0",DMA_S2MM_0_STREAM_STARVATION_MEM,6179.104818,6179.105818,cycles 131110574..131110574 (1 cyc)
"tile 0,3 dma s2mm 0",DMA_S2MM_0_STREAM_STARVATION_MEM,6179.104818,6179.105818,cycles 131110574..131110574 (1 cyc)
"tile 0,3 dma s2mm 0",DMA_S2MM_0_STREAM_STARVATION_MEM,6179.108819,6179.109819,cycles 131110578..131110578 (1 cyc)
"tile 0,3 dma s2mm 0",DMA_S2MM_0_STREAM_STARVATION_MEM,6179.108819,6179.109819,cycles 131110578..131110578 (1 cyc)
"tile 0,3 dma s2mm 0",DMA_S2MM_0_STREAM_STARVATION_MEM|LOCK_SEL0_ACQ_GE_MEM,6179.108819,6179.109819,cycles 131110578..131110578 (1 cyc)
"tile 0,3 dma s2mm 0",DMA_S2MM_0_STREAM_STARVATION_MEM,6179.108819,6179.111819,cycles 131110578..131110580 (3 cyc)
"tile 0,3 dma s2mm 0",DMA_S2MM_0_STREAM_STARVATION_MEM,6179.114819,6179.115819,cycles 131110584..131110584 (1 cyc)
"tile 0,3 dma s2mm 0",DMA_S2MM_0_STREAM_STARVATION_MEM,6179.114819,6179.139822,cycles 131110584..131110608 (25 cyc)
"tile 0,3 dma s2mm 0",DMA_S2MM_0_STREAM_STARVATION_MEM,6179.142822,6179.143822,cycles 131110612..131110612 (1 cyc)
"tile 0,3 dma s2mm 0",DMA_S2MM_0_STREAM_STARVATION_MEM,6179.142822,6179.146822,cycles 131110612..131110615 (4 cyc)
"tile 0,3 dma s2mm 0",DMA_S2MM_0_STREAM_STARVATION_MEM,6179.150823,6179.151823,cycles 131110620..131110620 (1 cyc)
"tile 0,3 dma s2mm 0",DMA_S2MM_0_STREAM_STARVATION_MEM,6179.150823,6179.152823,cycles 131110620..131110621 (2 cyc)
"tile 0,3 dma s2mm 0",DMA_S2MM_0_FINISHED_BD_MEM|DMA_S2MM_0_STREAM_STARVATION_MEM,6179.151823,6179.152823,cycles 131110621..131110621 (1 cyc)
"tile 0,3 dma s2mm 0",DMA_S2MM_0_STREAM_STARVATION_MEM,6179.151823,6179.153823,cycles 131110621..131110622 (2 cyc)
"tile 0,3 dma s2mm 0",DMA_S2MM_0_STREAM_STARVATION_MEM,6179.160824,6179.161824,cycles 131110630..131110630 (1 cyc)
"tile 0,3 dma s2mm 0",DMA_S2MM_0_STREAM_STARVATION_MEM,6179.160824,6179.161824,cycles 131110630..131110630 (1 cyc)
"tile 0,3 dma s2mm 0",DMA_S2MM_0_STREAM_STARVATION_MEM,6179.168825,6179.169825,cycles 131110638..131110638 (1 cyc)
"tile 0,3 dma s2mm 0",DMA_S2MM_0_STREAM_STARVATION_MEM,6179.168825,6179.169825,cycles 131110638..131110638 (1 cyc)
"tile 0,3 dma s2mm 0",DMA_S2MM_0_STREAM_STARVATION_MEM,6179.176825,6179.177825,cycles 131110646..131110646 (1 cyc)
"tile 0,3 dma s2mm 0",DMA_S2MM_0_STREAM_STARVATION_MEM,6179.176825,6179.177825,cycles 131110646..131110646 (1 cyc)
"tile 0,3 dma s2mm 0",DMA_S2MM_0_STREAM_STARVATION_MEM,6179.184826,6179.186826,cycles 131110654..131110655 (2 cyc)
"tile 0,3 dma s2mm 0",DMA_S2MM_0_STREAM_STARVATION_MEM,6179.185826,6179.187826,cycles 131110655..131110656 (2 cyc)
"tile 0,3 dma s2mm 0",DMA_S2MM_0_STREAM_STARVATION_MEM,6179.194827,6179.195827,cycles 131110664..131110664 (1 cyc)
"tile 0,3 dma s2mm 0",DMA_S2MM_0_STREAM_STARVATION_MEM,6179.194827,6179.195827,cycles 131110664..131110664 (1 cyc)
"tile 0,3 dma s2mm 0",DMA_S2MM_0_STREAM_STARVATION_MEM,6179.202828,6179.203828,cycles 131110672..131110672 (1 cyc)
"tile 0,3 dma s2mm 0",DMA_S2MM_0_STREAM_STARVATION_MEM,6179.202828,6179.203828,cycles 131110672..131110672 (1 cyc)
"tile 0,3 dma s2mm 0",DMA_S2MM_0_STREAM_STARVATION_MEM,6179.210829,6179.211829,cycles 131110680..131110680 (1 cyc)
"tile 0,3 dma s2mm 0",DMA_S2MM_0_STREAM_STARVATION_MEM,6179.210829,6179.211829,cycles 131110680..131110680 (1 cyc)
"tile 0,3 dma s2mm 0",DMA_S2MM_0_STREAM_STARVATION_MEM,6179.218829,6179.220829,cycles 131110688..131110689 (2 cyc)
"tile 0,3 dma s2mm 0",DMA_S2MM_0_STREAM_STARVATION_MEM,6179.219829,6179.221830,cycles 131110689..131110690 (2 cyc)
"tile 0,3 dma s2mm 0",DMA_S2MM_0_STREAM_STARVATION_MEM,6179.228830,6179.230830,cycles 131110698..131110699 (2 cyc)
"tile 0,3 dma s2mm 0",DMA_S2MM_0_STREAM_STARVATION_MEM,6179.229830,6179.231831,cycles 131110699..131110700 (2 cyc)
"tile 0,3 dma s2mm 0",DMA_S2MM_0_STREAM_STARVATION_MEM,6179.238831,6179.239831,cycles 131110708..131110708 (1 cyc)
"tile 0,3 dma s2mm 0",DMA_S2MM_0_STREAM_STARVATION_MEM,6179.238831,6179.239831,cycles 131110708..131110708 (1 cyc)
"tile 0,3 dma s2mm 0",DMA_S2MM_0_STREAM_STARVATION_MEM,6179.246832,6179.247832,cycles 131110716..131110716 (1 cyc)
"tile 0,3 dma s2mm 0",DMA_S2MM_0_STREAM_STARVATION_MEM,6179.246832,6179.247832,cycles 131110716..131110716 (1 cyc)
"tile 0,3 dma s2mm 0",DMA_S2MM_0_STREAM_STARVATION_MEM,6179.254833,6179.255833,cycles 131110724..131110724 (1 cyc)
"tile 0,3 dma s2mm 0",DMA_S2MM_0_STREAM_STARVATION_MEM,6179.254833,6179.255833,cycles 131110724..131110724 (1 cyc)
"tile 0,3 dma s2mm 0",DMA_S2MM_0_STALLED_LOCK_MEM,6179.264834,6179.265834,cycles 131110734..131110734 (1 cyc)
"tile 0,3 dma s2mm 0",DMA_S2MM_0_STALLED_LOCK_MEM,6179.264834,6179.265834,cycles 131110734..131110734 (1 cyc)
"tile 0,3 dma s2mm 0",DMA_S2MM_0_FINISHED_BD_MEM|DMA_S2MM_0_STALLED_LOCK_MEM,6179.264834,6179.265834,cycles 131110734..131110734 (1 cyc)
"tile 0,3 dma s2mm 0",DMA_S2MM_0_STALLED_LOCK_MEM,6179.264834,6179.277835,cycles 131110734..131110746 (13 cyc)
"tile 0,3 dma s2mm 0",DMA_S2MM_0_STALLED_LOCK_MEM|DMA_S2MM_0_MEMORY_BACKPRESSURE_MEM,6179.276835,6230.495732,cycles 131110746..131161959 (51214 cyc)
"tile 0,3 dma s2mm 0",DMA_S2MM_0_STALLED_LOCK_MEM|DMA_S2MM_0_MEMORY_BACKPRESSURE_MEM|LOCK_0_REL_MEM,6230.494732,6230.495732,cycles 131161959..131161959 (1 cyc)
"tile 0,3 dma s2mm 0",DMA_S2MM_0_STALLED_LOCK_MEM|DMA_S2MM_0_MEMORY_BACKPRESSURE_MEM|LOCK_SEL0_ACQ_GE_MEM,6230.494732,6230.495732,cycles 131161959..131161959 (1 cyc)
"tile 0,3 dma s2mm 0",DMA_S2MM_0_MEMORY_BACKPRESSURE_MEM,6230.494732,6230.495732,cycles 131161959..131161959 (1 cyc)
"tile 0,3 dma s2mm 0",DMA_S2MM_0_STREAM_STARVATION_MEM,6230.505733,6230.506733,cycles 131161970..131161970 (1 cyc)
"tile 0,3 dma s2mm 0",DMA_S2MM_0_STALLED_LOCK_MEM,6230.610743,6230.611743,cycles 131162075..131162075 (1 cyc)
"tile 0,3 dma s2mm 0",DMA_S2MM_0_FINISHED_BD_MEM|DMA_S2MM_0_STALLED_LOCK_MEM,6230.610743,6230.611743,cycles 131162075..131162075 (1 cyc)
"tile 0,3 dma s2mm 0",DMA_S2MM_0_STALLED_LOCK_MEM,6230.610743,6230.623744,cycles 131162075..131162087 (13 cyc)
"tile 0,3 dma s2mm 0",DMA_S2MM_0_STALLED_LOCK_MEM|DMA_S2MM_0_MEMORY_BACKPRESSURE_MEM,6230.622744,6230.868768,cycles 131162087..131162332 (246 cyc)
"tile 0,3 dma s2mm 0",DMA_S2MM_0_STALLED_LOCK_MEM|DMA_S2MM_0_MEMORY_BACKPRESSURE_MEM|LOCK_0_REL_MEM,6230.867768,6230.868768,cycles 131162332..131162332 (1 cyc)
"tile 0,3 dma s2mm 0",DMA_S2MM_0_STALLED_LOCK_MEM|DMA_S2MM_0_MEMORY_BACKPRESSURE_MEM|LOCK_SEL0_ACQ_GE_MEM,6230.867768,6230.868768,cycles 131162332..131162332 (1 cyc)
"tile 0,3 dma s2mm 0",DMA_S2MM_0_MEMORY_BACKPRESSURE_MEM,6230.867768,6230.868768,cycles 131162332..131162332 (1 cyc)
"tile 0,3 dma s2mm 0",DMA_S2MM_0_STREAM_STARVATION_MEM,6230.878769,6230.879769,cycles 131162343..131162343 (1 cyc)
"tile 0,3 dma s2mm 0",DMA_S2MM_0_STALLED_LOCK_MEM,6230.983779,6230.984779,cycles 131162448..131162448 (1 cyc)
"tile 0,3 dma s2mm 0",DMA_S2MM_0_FINISHED_BD_MEM|DMA_S2MM_0_STALLED_LOCK_MEM,6230.983779,6230.984779,cycles 131162448..131162448 (1 cyc)
"tile 0,3 dma s2mm 0",DMA_S2MM_0_STALLED_LOCK_MEM,6230.983779,6230.988779,cycles 131162448..131162452 (5 cyc)
"tile 0,3 dma s2mm 0",DMA_S2MM_0_STALLED_LOCK_MEM|LOCK_0_REL_MEM,6230.987779,6230.988779,cycles 131162452..131162452 (1 cyc)
"tile 0,3 dma s2mm 0",DMA_S2MM_0_STALLED_LOCK_MEM,6230.987779,6230.988779,cycles 131162452..131162452 (1 cyc)
"tile 0,3 dma s2mm 0",DMA_S2MM_0_STALLED_LOCK_MEM|LOCK_SEL0_ACQ_GE_MEM,6230.987779,6230.988779,cycles 131162452..131162452 (1 cyc)
"tile 0,3 dma s2mm 0",DMA_S2MM_0_STALLED_LOCK_MEM,6231.106791,6231.107791,cycles 131162571..131162571 (1 cyc)
"tile 0,3 dma s2mm 0",DMA_S2MM_0_FINISHED_BD_MEM|DMA_S2MM_0_STALLED_LOCK_MEM,6231.106791,6231.107791,cycles 131162571..131162571 (1 cyc)
"tile 0,3 dma s2mm 0",DMA_S2MM_0_STALLED_LOCK_MEM,6231.106791,6231.119792,cycles 131162571..131162583 (13 cyc)
"tile 0,3 dma s2mm 0",DMA_S2MM_0_STALLED_LOCK_MEM|DMA_S2MM_0_MEMORY_BACKPRESSURE_MEM,6231.118792,6231.439822,cycles 131162583..131162903 (321 cyc)
"tile 0,3 dma s2mm 0",DMA_S2MM_0_STALLED_LOCK_MEM|DMA_S2MM_0_MEMORY_BACKPRESSURE_MEM|LOCK_0_REL_MEM,6231.438822,6231.439822,cycles 131162903..131162903 (1 cyc)
"tile 0,3 dma s2mm 0",DMA_S2MM_0_STALLED_LOCK_MEM|DMA_S2MM_0_MEMORY_BACKPRESSURE_MEM|LOCK_SEL0_ACQ_GE_MEM,6231.438822,6231.439822,cycles 131162903..131162903 (1 cyc)
"tile 0,3 dma s2mm 0",DMA_S2MM_0_MEMORY_BACKPRESSURE_MEM,6231.438822,6231.439822,cycles 131162903..131162903 (1 cyc)
"tile 0,3 dma s2mm 0",DMA_S2MM_0_FINISHED_BD_MEM|DMA_S2MM_0_STALLED_LOCK_MEM,6231.555834,6231.556834,cycles 131163020..131163020 (1 cyc)
"tile 0,3 dma s2mm 0",DMA_S2MM_0_STALLED_LOCK_MEM,6231.555834,6231.568835,cycles 131163020..131163032 (13 cyc)
"tile 0,3 dma s2mm 0",DMA_S2MM_0_STALLED_LOCK_MEM|DMA_S2MM_0_MEMORY_BACKPRESSURE_MEM,6231.567835,6233.349005,cycles 131163032..131164812 (1781 cyc)
"tile 0,3 dma s2mm 0",DMA_S2MM_0_STALLED_LOCK_MEM|DMA_S2MM_0_MEMORY_BACKPRESSURE_MEM|LOCK_0_REL_MEM,6233.348005,6233.349005,cycles 131164812..131164812 (1 cyc)
"tile 0,3 dma s2mm 0",DMA_S2MM_0_STALLED_LOCK_MEM|DMA_S2MM_0_MEMORY_BACKPRESSURE_MEM|LOCK_SEL0_ACQ_GE_MEM,6233.348005,6233.349005,cycles 131164812..131164812 (1 cyc)
"tile 0,3 dma s2mm 0",DMA_S2MM_0_MEMORY_BACKPRESSURE_MEM,6233.348005,6233.349005,cycles 131164812..131164812 (1 cyc)
"tile 0,3 dma s2mm 0",DMA_S2MM_0_FINISHED_BD_MEM|DMA_S2MM_0_STALLED_LOCK_MEM,6233.465016,6233.466016,cycles 131164929..131164929 (1 cyc)
"tile 0,3 dma s2mm 0",DMA_S2MM_0_STALLED_LOCK_MEM,6233.465016,6233.478017,cycles 131164929..131164941 (13 cyc)
"tile 0,3 dma s2mm 0",DMA_S2MM_0_STALLED_LOCK_MEM|DMA_S2MM_0_MEMORY_BACKPRESSURE_MEM,6233.477017,6234.096076,cycles 131164941..131165559 (619 cyc)
"tile 0,3 dma s2mm 0",DMA_S2MM_0_STALLED_LOCK_MEM|DMA_S2MM_0_MEMORY_BACKPRESSURE_MEM|LOCK_0_REL_MEM,6234.095076,6234.096076,cycles 131165559..131165559 (1 cyc)
"tile 0,3 dma s2mm 0",DMA_S2MM_0_STALLED_LOCK_MEM|DMA_S2MM_0_MEMORY_BACKPRESSURE_MEM|LOCK_SEL0_ACQ_GE_MEM,6234.095076,6234.096076,cycles 131165559..131165559 (1 cyc)
"tile 0,3 dma s2mm 0",DMA_S2MM_0_MEMORY_BACKPRESSURE_MEM,6234.095076,6234.096076,cycles 131165559..131165559 (1 cyc)
"tile 0,3 dma s2mm 0",DMA_S2MM_0_FINISHED_BD_MEM|DMA_S2MM_0_STALLED_LOCK_MEM,6234.212088,6234.213088,cycles 131165676..131165676 (1 cyc)
"tile 0,3 dma s2mm 0",DMA_S2MM_0_STALLED_LOCK_MEM,6234.212088,6234.225089,cycles 131165676..131165688 (13 cyc)
"tile 0,3 dma s2mm 0",DMA_S2MM_0_STALLED_LOCK_MEM|DMA_S2MM_0_MEMORY_BACKPRESSURE_MEM,6234.224089,6234.880151,cycles 131165688..131166343 (656 cyc)
"tile 0,3 dma s2mm 0",DMA_S2MM_0_STALLED_LOCK_MEM|DMA_S2MM_0_MEMORY_BACKPRESSURE_MEM|LOCK_0_REL_MEM,6234.879151,6234.880151,cycles 131166343..131166343 (1 cyc)
"tile 0,3 dma s2mm 0",DMA_S2MM_0_STALLED_LOCK_MEM|DMA_S2MM_0_MEMORY_BACKPRESSURE_MEM|LOCK_SEL0_ACQ_GE_MEM,6234.879151,6234.880151,cycles 131166343..131166343 (1 cyc)
"tile 0,3 dma s2mm 0",DMA_S2MM_0_MEMORY_BACKPRESSURE_MEM,6234.879151,6234.880151,cycles 131166343..131166343 (1 cyc)
"tile 0,3 dma s2mm 0",DMA_S2MM_0_FINISHED_BD_MEM|DMA_S2MM_0_STALLED_LOCK_MEM,6234.996162,6234.997163,cycles 131166460..131166460 (1 cyc)
"tile 0,3 dma s2mm 0",DMA_S2MM_0_STALLED_LOCK_MEM,6234.996162,6235.009164,cycles 131166460..131166472 (13 cyc)
"tile 0,3 dma s2mm 0",DMA_S2MM_0_STALLED_LOCK_MEM|DMA_S2MM_0_MEMORY_BACKPRESSURE_MEM,6235.008164,6236.955350,cycles 131166472..131168418 (1947 cyc)
"tile 0,3 dma s2mm 0",DMA_S2MM_0_STALLED_LOCK_MEM|DMA_S2MM_0_MEMORY_BACKPRESSURE_MEM|LOCK_0_REL_MEM,6236.954350,6236.955350,cycles 131168418..131168418 (1 cyc)
"tile 0,3 dma s2mm 0",DMA_S2MM_0_STALLED_LOCK_MEM|DMA_S2MM_0_MEMORY_BACKPRESSURE_MEM|LOCK_SEL0_ACQ_GE_MEM,6236.954350,6236.955350,cycles 131168418..131168418 (1 cyc)
"tile 0,3 dma s2mm 0",DMA_S2MM_0_MEMORY_BACKPRESSURE_MEM,6236.954350,6236.955350,cycles 131168418..131168418 (1 cyc)
"tile 0,3 dma s2mm 0",DMA_S2MM_0_FINISHED_BD_MEM|DMA_S2MM_0_STALLED_LOCK_MEM,6237.071361,6237.072361,cycles 131168535..131168535 (1 cyc)
"tile 0,3 dma s2mm 0",DMA_S2MM_0_STALLED_LOCK_MEM,6237.071361,6237.084362,cycles 131168535..131168547 (13 cyc)
"tile 0,3 dma s2mm 0",DMA_S2MM_0_STALLED_LOCK_MEM|DMA_S2MM_0_MEMORY_BACKPRESSURE_MEM,6237.083362,6238.240473,cycles 131168547..131169703 (1157 cyc)
"tile 0,3 dma s2mm 0",DMA_S2MM_0_STALLED_LOCK_MEM|DMA_S2MM_0_MEMORY_BACKPRESSURE_MEM|LOCK_0_REL_MEM,6238.239473,6238.240473,cycles 131169703..131169703 (1 cyc)
"tile 0,3 dma s2mm 0",DMA_S2MM_0_STALLED_LOCK_MEM|DMA_S2MM_0_MEMORY_BACKPRESSURE_MEM|LOCK_SEL0_ACQ_GE_MEM,6238.239473,6238.240473,cycles 131169703..131169703 (1 cyc)
"tile 0,3 dma s2mm 0",DMA_S2MM_0_MEMORY_BACKPRESSURE_MEM,6238.239473,6238.240473,cycles 131169703..131169703 (1 cyc)
"tile 0,3 dma s2mm 0",DMA_S2MM_0_FINISHED_BD_MEM|DMA_S2MM_0_STALLED_LOCK_MEM,6238.356484,6238.357484,cycles 131169820..131169820 (1 cyc)
"tile 0,3 dma s2mm 0",DMA_S2MM_0_STALLED_LOCK_MEM,6238.356484,6238.369485,cycles 131169820..131169832 (13 cyc)
"tile 0,3 dma s2mm 0",DMA_S2MM_0_STALLED_LOCK_MEM|DMA_S2MM_0_MEMORY_BACKPRESSURE_MEM,6238.368485,6238.681515,cycles 131169832..131170144 (313 cyc)
"tile 0,3 dma s2mm 0",DMA_S2MM_0_STALLED_LOCK_MEM|DMA_S2MM_0_MEMORY_BACKPRESSURE_MEM|LOCK_0_REL_MEM,6238.680515,6238.681515,cycles 131170144..131170144 (1 cyc)
"tile 0,3 dma s2mm 0",DMA_S2MM_0_STALLED_LOCK_MEM|DMA_S2MM_0_MEMORY_BACKPRESSURE_MEM|LOCK_SEL0_ACQ_GE_MEM,6238.680515,6238.681515,cycles 131170144..131170144 (1 cyc)
"tile 0,3 dma s2mm 0",DMA_S2MM_0_MEMORY_BACKPRESSURE_MEM,6238.680515,6238.681515,cycles 131170144..131170144 (1 cyc)
"tile 0,3 dma s2mm 0",DMA_S2MM_0_FINISHED_BD_MEM|DMA_S2MM_0_STALLED_LOCK_MEM,6238.797526,6238.798526,cycles 131170261..131170261 (1 cyc)
"tile 0,3 dma s2mm 0",DMA_S2MM_0_STALLED_LOCK_MEM,6238.797526,6238.810527,cycles 131170261..131170273 (13 cyc)
"tile 0,3 dma s2mm 0",DMA_S2MM_0_STALLED_LOCK_MEM|DMA_S2MM_0_MEMORY_BACKPRESSURE_MEM,6238.809527,6238.895535,cycles 131170273..131170358 (86 cyc)
"tile 0,3 dma s2mm 0",DMA_S2MM_0_STALLED_LOCK_MEM|DMA_S2MM_0_MEMORY_BACKPRESSURE_MEM|LOCK_0_REL_MEM,6238.894535,6238.895535,cycles 131170358..131170358 (1 cyc)
"tile 0,3 dma s2mm 0",DMA_S2MM_0_STALLED_LOCK_MEM|DMA_S2MM_0_MEMORY_BACKPRESSURE_MEM|LOCK_SEL0_ACQ_GE_MEM,6238.894535,6238.895535,cycles 131170358..131170358 (1 cyc)
"tile 0,3 dma s2mm 0",DMA_S2MM_0_MEMORY_BACKPRESSURE_MEM,6238.894535,6238.895535,cycles 131170358..131170358 (1 cyc)
"tile 0,3 dma s2mm 0",DMA_S2MM_0_STREAM_STARVATION_MEM,6239.008546,6239.009546,cycles 131170472..131170472 (1 cyc)
"tile 0,3 dma s2mm 0",DMA_S2MM_0_STREAM_STARVATION_MEM,6239.008546,6239.010546,cycles 131170472..131170473 (2 cyc)
"tile 0,3 dma s2mm 0",DMA_S2MM_0_FINISHED_BD_MEM|DMA_S2MM_0_STALLED_LOCK_MEM|DMA_S2MM_0_STREAM_STARVATION_MEM,6239.009546,6239.010546,cycles 131170473..131170473 (1 cyc)
"tile 0,3 dma s2mm 0",DMA_S2MM_0_STALLED_LOCK_MEM|DMA_S2MM_0_STREAM_STARVATION_MEM,6239.009546,6239.078553,cycles 131170473..131170541 (69 cyc)
"tile 0,3 dma s2mm 0",DMA_S2MM_0_STALLED_LOCK_MEM|DMA_S2MM_0_STREAM_STARVATION_MEM|LOCK_0_REL_MEM,6239.077553,6239.078553,cycles 131170541..131170541 (1 cyc)
"tile 0,3 dma s2mm 0",DMA_S2MM_0_STALLED_LOCK_MEM|DMA_S2MM_0_STREAM_STARVATION_MEM|LOCK_SEL0_ACQ_GE_MEM,6239.077553,6239.078553,cycles 131170541..131170541 (1 cyc)
"tile 0,3 dma s2mm 0",DMA_S2MM_0_STREAM_STARVATION_MEM,6239.077553,6239.266571,cycles 131170541..131170729 (189 cyc)
"tile 0,3 dma s2mm 0",DMA_S2MM_0_STREAM_STARVATION_MEM|LOCK_0_REL_MEM,6239.265571,6239.266571,cycles 131170729..131170729 (1 cyc)
"tile 0,3 dma s2mm 0",DMA_S2MM_0_STREAM_STARVATION_MEM,6239.265571,6274.257917,cycles 131170729..131205717 (34989 cyc)
"tile 0,3 dma s2mm 0",DMA_S2MM_0_STREAM_STARVATION_MEM,6274.258917,6274.259917,cycles 131205719..131205719 (1 cyc)
"tile 0,3 dma s2mm 0",DMA_S2MM_0_STREAM_STARVATION_MEM,6274.264917,6274.265917,cycles 131205725..131205725 (1 cyc)
"tile 0,3 dma s2mm 0",DMA_S2MM_0_STREAM_STARVATION_MEM,6274.264917,6274.265917,cycles 131205725..131205725 (1 cyc)
"tile 0,3 dma s2mm 0",DMA_S2MM_0_STREAM_STARVATION_MEM,6274.272918,6274.273918,cycles 131205733..131205733 (1 cyc)
"tile 0,3 dma s2mm 0",DMA_S2MM_0_STREAM_STARVATION_MEM,6274.272918,6274.275918,cycles 131205733..131205735 (3 cyc)
"tile 0,3 dma s2mm 0",DMA_S2MM_0_STREAM_STARVATION_MEM,6274.282919,6274.283919,cycles 131205743..131205743 (1 cyc)
"tile 0,3 dma s2mm 0",DMA_S2MM_0_STREAM_STARVATION_MEM,6274.282919,6274.283919,cycles 131205743..131205743 (1 cyc)
"tile 0,3 dma s2mm 0",DMA_S2MM_0_STREAM_STARVATION_MEM,6274.290920,6274.291920,cycles 131205751..131205751 (1 cyc)
"tile 0,3 dma s2mm 0",DMA_S2MM_0_STREAM_STARVATION_MEM,6274.290920,6274.291920,cycles 131205751..131205751 (1 cyc)
"tile 0,3 dma s2mm 0",DMA_S2MM_0_STREAM_STARVATION_MEM,6274.298920,6274.299921,cycles 131205759..131205759 (1 cyc)
"tile 0,3 dma s2mm 0",DMA_S2MM_0_STREAM_STARVATION_MEM,6274.298920,6274.299921,cycles 131205759..131205759 (1 cyc)
"tile 0,3 dma s2mm 0",DMA_S2MM_0_STREAM_STARVATION_MEM,6274.306921,6274.307921,cycles 131205767..131205767 (1 cyc)
"tile 0,3 dma s2mm 0",DMA_S2MM_0_STREAM_STARVATION_MEM,6274.306921,6274.307921,cycles 131205767..131205767 (1 cyc)
"tile 0,3 dma s2mm 0",DMA_S2MM_0_STREAM_STARVATION_MEM,6274.314922,6274.315922,cycles 131205775..131205775 (1 cyc)
"tile 0,3 dma s2mm 0",DMA_S2MM_0_STREAM_STARVATION_MEM,6274.314922,6274.315922,cycles 131205775..131205775 (1 cyc)
"tile 0,3 dma s2mm 0",DMA_S2MM_0_STREAM_STARVATION_MEM,6274.322923,6274.323923,cycles 131205783..131205783 (1 cyc)
"tile 0,3 dma s2mm 0",DMA_S2MM_0_STREAM_STARVATION_MEM,6274.322923,6274.323923,cycles 131205783..131205783 (1 cyc)
"tile 0,3 dma s2mm 0",DMA_S2MM_0_STREAM_STARVATION_MEM,6274.330923,6274.331924,cycles 131205791..131205791 (1 cyc)
"tile 0,3 dma s2mm 0",DMA_S2MM_0_STREAM_STARVATION_MEM,6274.330923,6274.331924,cycles 131205791..131205791 (1 cyc)
"tile 0,3 dma s2mm 0",DMA_S2MM_0_STREAM_STARVATION_MEM,6274.338924,6274.339924,cycles 131205799..131205799 (1 cyc)
"tile 0,3 dma s2mm 0",DMA_S2MM_0_STREAM_STARVATION_MEM,6274.338924,6274.339924,cycles 131205799..131205799 (1 cyc)
"tile 0,3 dma s2mm 0",DMA_S2MM_0_STREAM_STARVATION_MEM,6274.346925,6274.347925,cycles 131205807..131205807 (1 cyc)
"tile 0,3 dma s2mm 0",DMA_S2MM_0_STREAM_STARVATION_MEM,6274.346925,6274.347925,cycles 131205807..131205807 (1 cyc)
"tile 0,3 dma s2mm 0",DMA_S2MM_0_STREAM_STARVATION_MEM,6274.354926,6274.355926,cycles 131205815..131205815 (1 cyc)
"tile 0,3 dma s2mm 0",DMA_S2MM_0_STREAM_STARVATION_MEM,6274.354926,6274.356926,cycles 131205815..131205816 (2 cyc)
"tile 0,3 dma s2mm 0",DMA_S2MM_0_STREAM_STARVATION_MEM,6274.363927,6274.365927,cycles 131205824..131205825 (2 cyc)
"tile 0,3 dma s2mm 0",DMA_S2MM_0_STREAM_STARVATION_MEM,6274.364927,6274.365927,cycles 131205825..131205825 (1 cyc)
"tile 0,3 dma s2mm 0",LOCK_SEL0_ACQ_GE_MEM,6274.370927,6274.371927,cycles 131205831..131205831 (1 cyc)
"tile 0,3 dma s2mm 0",DMA_S2MM_0_STREAM_STARVATION_MEM,6274.371927,6274.372928,cycles 131205832..131205832 (1 cyc)
"tile 0,3 dma s2mm 0",DMA_S2MM_0_STREAM_STARVATION_MEM,6274.371927,6274.372928,cycles 131205832..131205832 (1 cyc)
"tile 0,3 dma s2mm 0",DMA_S2MM_0_FINISHED_BD_MEM,6274.383929,6274.384929,cycles 131205844..131205844 (1 cyc)
"tile 0,3 dma s2mm 0",DMA_S2MM_0_STREAM_STARVATION_MEM,6274.383929,6274.388929,cycles 131205844..131205848 (5 cyc)
"tile 0,3 dma s2mm 0",DMA_S2MM_0_STREAM_STARVATION_MEM,6274.391929,6274.392929,cycles 131205852..131205852 (1 cyc)
"tile 0,3 dma s2mm 0",DMA_S2MM_0_STREAM_STARVATION_MEM,6274.391929,6274.396930,cycles 131205852..131205856 (5 cyc)
"tile 0,3 dma s2mm 0",LOCK_0_REL_MEM,6274.396930,6274.397930,cycles 131205857..131205857 (1 cyc)
"tile 0,3 dma s2mm 0",DMA_S2MM_0_STREAM_STARVATION_MEM,6274.398930,6274.399930,cycles 131205859..131205859 (1 cyc)
"tile 0,3 dma s2mm 0",DMA_S2MM_0_STREAM_STARVATION_MEM,6274.398930,6274.402930,cycles 131205859..131205862 (4 cyc)
"tile 0,3 dma s2mm 0",DMA_S2MM_0_STREAM_STARVATION_MEM,6274.405931,6274.406931,cycles 131205866..131205866 (1 cyc)
"tile 0,3 dma s2mm 0",DMA_S2MM_0_STREAM_STARVATION_MEM,6274.405931,6274.411931,cycles 131205866..131205871 (6 cyc)
"tile 0,3 dma s2mm 0",DMA_S2MM_0_STREAM_STARVATION_MEM,6274.414932,6274.415932,cycles 131205875..131205875 (1 cyc)
"tile 0,3 dma s2mm 0",DMA_S2MM_0_STREAM_STARVATION_MEM,6274.414932,6274.418932,cycles 131205875..131205878 (4 cyc)
"tile 0,3 dma s2mm 0",DMA_S2MM_0_STREAM_STARVATION_MEM,6274.421932,6274.422932,cycles 131205882..131205882 (1 cyc)
"tile 0,3 dma s2mm 0",DMA_S2MM_0_STREAM_STARVATION_MEM,6274.421932,6274.427933,cycles 131205882..131205887 (6 cyc)
"tile 0,3 dma s2mm 0",DMA_S2MM_0_STREAM_STARVATION_MEM,6274.430933,6274.431933,cycles 131205891..131205891 (1 cyc)
"tile 0,3 dma s2mm 0",DMA_S2MM_0_STREAM_STARVATION_MEM,6274.430933,6274.435934,cycles 131205891..131205895 (5 cyc)
"tile 0,3 dma s2mm 0",DMA_S2MM_0_STREAM_STARVATION_MEM,6274.438934,6274.439934,cycles 131205899..131205899 (1 cyc)
"tile 0,3 dma s2mm 0",DMA_S2MM_0_STREAM_STARVATION_MEM,6274.438934,6274.442934,cycles 131205899..131205902 (4 cyc)
"tile 0,3 dma s2mm 0",DMA_S2MM_0_STREAM_STARVATION_MEM,6274.445934,6274.446935,cycles 131205906..131205906 (1 cyc)
"tile 0,3 dma s2mm 0",DMA_S2MM_0_STREAM_STARVATION_MEM,6274.445934,6274.451935,cycles 131205906..131205911 (6 cyc)
"tile 0,3 dma s2mm 0",DMA_S2MM_0_STREAM_STARVATION_MEM,6274.454935,6274.455935,cycles 131205915..131205915 (1 cyc)
"tile 0,3 dma s2mm 0",DMA_S2MM_0_STREAM_STARVATION_MEM,6274.454935,6274.458936,cycles 131205915..131205918 (4 cyc)
"tile 0,3 dma s2mm 0",DMA_S2MM_0_STREAM_STARVATION_MEM,6274.461936,6274.462936,cycles 131205922..131205922 (1 cyc)
"tile 0,3 dma s2mm 0",DMA_S2MM_0_STREAM_STARVATION_MEM,6274.461936,6274.468937,cycles 131205922..131205928 (7 cyc)
"tile 0,3 dma s2mm 0",DMA_S2MM_0_STREAM_STARVATION_MEM,6274.471937,6274.472937,cycles 131205932..131205932 (1 cyc)
"tile 0,3 dma s2mm 0",DMA_S2MM_0_STREAM_STARVATION_MEM,6274.471937,6274.475937,cycles 131205932..131205935 (4 cyc)
"tile 0,3 dma s2mm 0",DMA_S2MM_0_STREAM_STARVATION_MEM,6274.478938,6274.479938,cycles 131205939..131205939 (1 cyc)
"tile 0,3 dma s2mm 0",DMA_S2MM_0_STREAM_STARVATION_MEM,6274.478938,6274.484938,cycles 131205939..131205944 (6 cyc)
"tile 0,3 dma s2mm 0",DMA_S2MM_0_STREAM_STARVATION_MEM,6274.487939,6274.488939,cycles 131205948..131205948 (1 cyc)
"tile 0,3 dma s2mm 0",DMA_S2MM_0_STREAM_STARVATION_MEM,6274.487939,6274.492939,cycles 131205948..131205952 (5 cyc)
"tile 0,3 dma s2mm 0",DMA_S2MM_0_STREAM_STARVATION_MEM,6274.495939,6274.496939,cycles 131205956..131205956 (1 cyc)
"tile 0,3 dma s2mm 0",DMA_S2MM_0_STREAM_STARVATION_MEM,6274.495939,6274.499940,cycles 131205956..131205959 (4 cyc)
"tile 0,3 dma s2mm 0",DMA_S2MM_0_STREAM_STARVATION_MEM,6274.502940,6274.503940,cycles 131205963..131205963 (1 cyc)
"tile 0,3 dma s2mm 0",DMA_S2MM_0_STREAM_STARVATION_MEM,6274.502940,6274.508941,cycles 131205963..131205968 (6 cyc)
"tile 0,3 dma s2mm 0",DMA_S2MM_0_STREAM_STARVATION_MEM,6274.511941,6274.512941,cycles 131205972..131205972 (1 cyc)
"tile 0,3 dma s2mm 0",DMA_S2MM_0_STREAM_STARVATION_MEM,6274.511941,6274.515941,cycles 131205972..131205975 (4 cyc)
"tile 0,3 dma s2mm 0",DMA_S2MM_0_STREAM_STARVATION_MEM,6274.518941,6274.519942,cycles 131205979..131205979 (1 cyc)
"tile 0,3 dma s2mm 0",DMA_S2MM_0_STREAM_STARVATION_MEM,6274.518941,6274.524942,cycles 131205979..131205984 (6 cyc)
"tile 0,3 dma s2mm 0",DMA_S2MM_0_STREAM_STARVATION_MEM,6274.527942,6274.528942,cycles 131205988..131205988 (1 cyc)
"tile 0,3 dma s2mm 0",DMA_S2MM_0_STREAM_STARVATION_MEM,6274.527942,6274.532943,cycles 131205988..131205992 (5 cyc)
"tile 0,3 dma s2mm 0",DMA_S2MM_0_STREAM_STARVATION_MEM,6274.535943,6274.536943,cycles 131205996..131205996 (1 cyc)
"tile 0,3 dma s2mm 0",DMA_S2MM_0_STREAM_STARVATION_MEM,6274.535943,6274.539943,cycles 131205996..131205999 (4 cyc)
"tile 0,3 dma s2mm 0",DMA_S2MM_0_STREAM_STARVATION_MEM,6274.540944,6274.542944,cycles 131206001..131206002 (2 cyc)
"tile 0,3 dma s2mm 0",DMA_S2MM_0_STREAM_STARVATION_MEM,6274.541944,6274.546944,cycles 131206002..131206006 (5 cyc)
"tile 0,3 dma s2mm 0",DMA_S2MM_0_STREAM_STARVATION_MEM,6274.549944,6274.550945,cycles 131206010..131206010 (1 cyc)
"tile 0,3 dma s2mm 0",DMA_S2MM_0_STREAM_STARVATION_MEM,6274.549944,6274.553945,cycles 131206010..131206013 (4 cyc)
"tile 0,3 dma s2mm 0",DMA_S2MM_0_STREAM_STARVATION_MEM,6274.556945,6274.557945,cycles 131206017..131206017 (1 cyc)
"tile 0,3 dma s2mm 0",DMA_S2MM_0_STREAM_STARVATION_MEM,6274.556945,6274.562946,cycles 131206017..131206022 (6 cyc)
"tile 0,3 dma s2mm 0",DMA_S2MM_0_STREAM_STARVATION_MEM,6274.565946,6274.566946,cycles 131206026..131206026 (1 cyc)
"tile 0,3 dma s2mm 0",DMA_S2MM_0_STREAM_STARVATION_MEM,6274.565946,6274.569946,cycles 131206026..131206029 (4 cyc)
"tile 0,3 dma s2mm 0",DMA_S2MM_0_STREAM_STARVATION_MEM,6274.572947,6274.573947,cycles 131206033..131206033 (1 cyc)
"tile 0,3 dma s2mm 0",DMA_S2MM_0_STREAM_STARVATION_MEM,6274.572947,6274.578947,cycles 131206033..131206038 (6 cyc)
"tile 0,3 dma s2mm 0",DMA_S2MM_0_STREAM_STARVATION_MEM,6274.581947,6274.582948,cycles 131206042..131206042 (1 cyc)
"tile 0,3 dma s2mm 0",DMA_S2MM_0_STREAM_STARVATION_MEM,6274.581947,6274.586948,cycles 131206042..131206046 (5 cyc)
"tile 0,3 dma s2mm 0",DMA_S2MM_0_STREAM_STARVATION_MEM,6274.589948,6274.590948,cycles 131206050..131206050 (1 cyc)
"tile 0,3 dma s2mm 0",DMA_S2MM_0_STREAM_STARVATION_MEM,6274.589948,6274.593949,cycles 131206050..131206053 (4 cyc)
"tile 0,3 dma s2mm 0",DMA_S2MM_0_STREAM_STARVATION_MEM,6274.596949,6274.597949,cycles 131206057..131206057 (1 cyc)
"tile 0,3 dma s2mm 0",DMA_S2MM_0_STREAM_STARVATION_MEM,6274.596949,6274.601949,cycles 131206057..131206061 (5 cyc)
"tile 0,3 dma s2mm 0",LOCK_SEL0_ACQ_GE_MEM,6274.602950,6274.603950,cycles 131206063..131206063 (1 cyc)
"tile 0,3 dma s2mm 0",DMA_S2MM_0_STREAM_STARVATION_MEM,6274.603950,6274.604950,cycles 131206064..131206064 (1 cyc)
"tile 0,3 dma s2mm 0",DMA_S2MM_0_STREAM_STARVATION_MEM,6274.603950,6274.607950,cycles 131206064..131206067 (4 cyc)
"tile 0,3 dma s2mm 0",DMA_S2MM_0_STREAM_STARVATION_MEM,6274.610950,6274.611950,cycles 131206071..131206071 (1 cyc)
"tile 0,3 dma s2mm 0",DMA_S2MM_0_STREAM_STARVATION_MEM,6274.610950,6274.616951,cycles 131206071..131206076 (6 cyc)
"tile 0,3 dma s2mm 0",DMA_S2MM_0_STREAM_STARVATION_MEM,6274.619951,6274.620951,cycles 131206080..131206080 (1 cyc)
"tile 0,3 dma s2mm 0",DMA_S2MM_0_STREAM_STARVATION_MEM,6274.619951,6274.624952,cycles 131206080..131206084 (5 cyc)
"tile 0,3 dma s2mm 0",DMA_S2MM_0_STREAM_STARVATION_MEM,6274.628952,6274.629952,cycles 131206089..131206089 (1 cyc)
"tile 0,3 dma s2mm 0",DMA_S2MM_0_STREAM_STARVATION_MEM,6274.628952,6274.630952,cycles 131206089..131206090 (2 cyc)
"tile 0,3 dma s2mm 0",DMA_S2MM_0_FINISHED_BD_MEM|DMA_S2MM_0_STREAM_STARVATION_MEM,6274.629952,6274.630952,cycles 131206090..131206090 (1 cyc)
"tile 0,3 dma s2mm 0",DMA_S2MM_0_STREAM_STARVATION_MEM,6274.637953,6274.638953,cycles 131206098..131206098 (1 cyc)
"tile 0,3 dma s2mm 0",DMA_S2MM_0_STREAM_STARVATION_MEM,6274.637953,6274.639953,cycles 131206098..131206099 (2 cyc)
"tile 0,3 dma s2mm 0",LOCK_0_REL_MEM,6274.642953,6274.643953,cycles 131206103..131206103 (1 cyc)
"tile 0,3 dma s2mm 0",DMA_S2MM_0_STREAM_STARVATION_MEM,6274.645954,6274.646954,cycles 131206106..131206106 (1 cyc)
"tile 0,3 dma s2mm 0",DMA_S2MM_0_STREAM_STARVATION_MEM,6274.653954,6274.654954,cycles 131206114..131206114 (1 cyc)
"tile 0,3 dma s2mm 0",DMA_S2MM_0_STREAM_STARVATION_MEM,6274.653954,6274.655955,cycles 131206114..131206115 (2 cyc)
"tile 0,3 dma s2mm 0",DMA_S2MM_0_STREAM_STARVATION_MEM,6274.662955,6274.664955,cycles 131206123..131206124 (2 cyc)
"tile 0,3 dma s2mm 0",DMA_S2MM_0_STREAM_STARVATION_MEM,6274.663955,6274.665956,cycles 131206124..131206125 (2 cyc)
"tile 0,3 dma s2mm 0",DMA_S2MM_0_STREAM_STARVATION_MEM,6274.672956,6274.673956,cycles 131206133..131206133 (1 cyc)
"tile 0,3 dma s2mm 0",DMA_S2MM_0_STREAM_STARVATION_MEM,6274.672956,6274.673956,cycles 131206133..131206133 (1 cyc)
"tile 0,3 dma s2mm 0",DMA_S2MM_0_STREAM_STARVATION_MEM,6274.680957,6274.682957,cycles 131206141..131206142 (2 cyc)
"tile 0,3 dma s2mm 0",DMA_S2MM_0_STREAM_STARVATION_MEM,6274.681957,6274.683957,cycles 131206142..131206143 (2 cyc)
"tile 0,3 dma s2mm 0",DMA_S2MM_0_STREAM_STARVATION_MEM,6274.690958,6274.692958,cycles 131206151..131206152 (2 cyc)
"tile 0,3 dma s2mm 0",DMA_S2MM_0_STREAM_STARVATION_MEM,6274.691958,6275.035991,cycles 131206152..131206495 (344 cyc)
"tile 0,3 dma s2mm 0",DMA_S2MM_0_STREAM_STARVATION_MEM,6275.042992,6275.043992,cycles 131206503..131206503 (1 cyc)
"tile 0,3 dma s2mm 0",DMA_S2MM_0_STREAM_STARVATION_MEM,6275.042992,6275.043992,cycles 131206503..131206503 (1 cyc)
"tile 0,3 dma s2mm 0",DMA_S2MM_0_STREAM_STARVATION_MEM,6275.050992,6275.051992,cycles 131206511..131206511 (1 cyc)
"tile 0,3 dma s2mm 0",DMA_S2MM_0_STREAM_STARVATION_MEM,6275.050992,6275.051992,cycles 131206511..131206511 (1 cyc)
"tile 0,3 dma s2mm 0",DMA_S2MM_0_STREAM_STARVATION_MEM,6275.058993,6275.059993,cycles 131206519..131206519 (1 cyc)
"tile 0,3 dma s2mm 0",DMA_S2MM_0_STREAM_STARVATION_MEM,6275.058993,6275.059993,cycles 131206519..131206519 (1 cyc)
"tile 0,3 dma s2mm 0",DMA_S2MM_0_STREAM_STARVATION_MEM,6275.066994,6275.067994,cycles 131206527..131206527 (1 cyc)
"tile 0,3 dma s2mm 0",DMA_S2MM_0_STREAM_STARVATION_MEM,6275.066994,6275.068994,cycles 131206527..131206528 (2 cyc)
"tile 0,3 dma s2mm 0",LOCK_SEL0_ACQ_GE_MEM,6275.072994,6275.073995,cycles 131206533..131206533 (1 cyc)
"tile 0,3 dma s2mm 0",DMA_S2MM_0_STREAM_STARVATION_MEM,6275.074995,6275.075995,cycles 131206535..131206535 (1 cyc)
"tile 0,3 dma s2mm 0",DMA_S2MM_0_FINISHED_BD_MEM,6275.086996,6275.087996,cycles 131206547..131206547 (1 cyc)
"tile 0,3 dma s2mm 0",LOCK_0_REL_MEM,6275.101997,6275.102997,cycles 131206562..131206562 (1 cyc)
"tile 0,3 dma s2mm 0",LOCK_SEL0_ACQ_GE_MEM,6275.202007,6275.203007,cycles 131206662..131206662 (1 cyc)
"tile 0,3 dma s2mm 0",DMA_S2MM_0_FINISHED_BD_MEM,6275.213008,6275.214008,cycles 131206673..131206673 (1 cyc)
"tile 0,3 dma s2mm 0",DMA_S2MM_0_STREAM_STARVATION_MEM,6275.225009,6275.226009,cycles 131206685..131206685 (1 cyc)
"tile 0,3 dma s2mm 0",DMA_S2MM_0_STREAM_STARVATION_MEM,6275.233010,6275.234010,cycles 131206693..131206693 (1 cyc)
"tile 0,3 dma s2mm 0",DMA_S2MM_0_STREAM_STARVATION_MEM,6275.233010,6275.234010,cycles 131206693..131206693 (1 cyc)
"tile 0,3 dma s2mm 0",DMA_S2MM_0_STREAM_STARVATION_MEM,6275.241011,6275.242011,cycles 131206701..131206701 (1 cyc)
"tile 0,3 dma s2mm 0",DMA_S2MM_0_STREAM_STARVATION_MEM,6275.241011,6275.242011,cycles 131206701..131206701 (1 cyc)
"tile 0,3 dma s2mm 0",DMA_S2MM_0_STREAM_STARVATION_MEM,6275.249011,6275.250011,cycles 131206709..131206709 (1 cyc)
"tile 0,3 dma s2mm 0",DMA_S2MM_0_STREAM_STARVATION_MEM,6275.249011,6275.250011,cycles 131206709..131206709 (1 cyc)
"tile 0,3 dma s2mm 0",DMA_S2MM_0_STREAM_STARVATION_MEM,6275.257012,6275.258012,cycles 131206717..131206717 (1 cyc)
"tile 0,3 dma s2mm 0",DMA_S2MM_0_STREAM_STARVATION_MEM,6275.257012,6275.259012,cycles 131206717..131206718 (2 cyc)
"tile 0,3 dma s2mm 0",DMA_S2MM_0_STREAM_STARVATION_MEM,6275.266013,6275.267013,cycles 131206726..131206726 (1 cyc)
"tile 0,3 dma s2mm 0",DMA_S2MM_0_STREAM_STARVATION_MEM,6275.266013,6275.268013,cycles 131206726..131206727 (2 cyc)
"tile 0,3 dma s2mm 0",DMA_S2MM_0_STREAM_STARVATION_MEM,6275.275014,6275.277014,cycles 131206735..131206736 (2 cyc)
"tile 0,3 dma s2mm 0",DMA_S2MM_0_STREAM_STARVATION_MEM,6275.276014,6275.277014,cycles 131206736..131206736 (1 cyc)
"tile 0,3 dma s2mm 0",DMA_S2MM_0_STREAM_STARVATION_MEM,6275.284015,6275.285015,cycles 131206744..131206744 (1 cyc)
"tile 0,3 dma s2mm 0",DMA_S2MM_0_STREAM_STARVATION_MEM,6275.284015,6275.285015,cycles 131206744..131206744 (1 cyc)
"tile 0,3 dma s2mm 0",DMA_S2MM_0_STREAM_STARVATION_MEM,6275.292015,6275.293015,cycles 131206752..131206752 (1 cyc)
"tile 0,3 dma s2mm 0",DMA_S2MM_0_STREAM_STARVATION_MEM,6275.292015,6275.293015,cycles 131206752..131206752 (1 cyc)
"tile 0,3 dma s2mm 0",DMA_S2MM_0_STREAM_STARVATION_MEM,6275.300016,6275.301016,cycles 131206760..131206760 (1 cyc)
"tile 0,3 dma s2mm 0",DMA_S2MM_0_STREAM_STARVATION_MEM,6275.300016,6275.301016,cycles 131206760..131206760 (1 cyc)
"tile 0,3 dma s2mm 0",DMA_S2MM_0_STREAM_STARVATION_MEM,6275.308017,6275.309017,cycles 131206768..131206768 (1 cyc)
"tile 0,3 dma s2mm 0",DMA_S2MM_0_STREAM_STARVATION_MEM,6275.308017,6275.309017,cycles 131206768..131206768 (1 cyc)
"tile 0,3 dma s2mm 0",DMA_S2MM_0_STREAM_STARVATION_MEM,6275.316018,6275.317018,cycles 131206776..131206776 (1 cyc)
"tile 0,3 dma s2mm 0",DMA_S2MM_0_STREAM_STARVATION_MEM,6275.316018,6275.317018,cycles 131206776..131206776 (1 cyc)
"tile 0,3 dma s2mm 0",DMA_S2MM_0_STREAM_STARVATION_MEM,6275.318018,6275.319018,cycles 131206778..131206778 (1 cyc)
"tile 0,3 dma s2mm 0",DMA_S2MM_0_STREAM_STARVATION_MEM,6275.324018,6275.325019,cycles 131206784..131206784 (1 cyc)
"tile 0,3 dma s2mm 0",DMA_S2MM_0_STALLED_LOCK_MEM,6275.334019,6275.335019,cycles 131206794..131206794 (1 cyc)
"tile 0,3 dma s2mm 0",DMA_S2MM_0_STALLED_LOCK_MEM,6275.334019,6275.335019,cycles 131206794..131206794 (1 cyc)
"tile 0,3 dma s2mm 0",DMA_S2MM_0_FINISHED_BD_MEM|DMA_S2MM_0_STALLED_LOCK_MEM,6275.334019,6275.335019,cycles 131206794..131206794 (1 cyc)
"tile 0,3 dma s2mm 0",DMA_S2MM_0_STALLED_LOCK_MEM,6275.334019,6275.347021,cycles 131206794..131206806 (13 cyc)
"tile 0,3 dma s2mm 0",DMA_S2MM_0_STALLED_LOCK_MEM|DMA_S2MM_0_MEMORY_BACKPRESSURE_MEM,6275.346021,6326.334896,cycles 131206806..131257789 (50984 cyc)
