lane,event,start_us,end_us,detail
"tile 0,3 core",ACTIVE,5904.864795,5904.989793,cycles 130835959..130836083 (125 cyc)
"tile 0,3 core",ACTIVE|LOCK_STALL,5904.988793,6163.001939,cycles 130836083..131094099 (258017 cyc)
"tile 0,3 core",ACTIVE|LOCK_STALL,6163.000939,6163.004939,cycles 131094099..131094102 (4 cyc)
"tile 0,3 core",ACTIVE|LOCK_STALL,6163.003939,6163.009939,cycles 131094102..131094107 (6 cyc)
"tile 0,3 core",ACTIVE|LOCK_STALL,6163.008939,6163.012939,cycles 131094107..131094110 (4 cyc)
"tile 0,3 core",ACTIVE|LOCK_STALL,6163.011939,6163.017939,cycles 131094110..131094115 (6 cyc)
"tile 0,3 core",ACTIVE|LOCK_STALL,6163.016939,6163.020939,cycles 131094115..131094118 (4 cyc)
"tile 0,3 core",ACTIVE|LOCK_STALL,6163.019939,6163.025939,cycles 131094118..131094123 (6 cyc)
"tile 0,3 core",ACTIVE|LOCK_STALL,6163.024939,6163.028939,cycles 131094123..131094126 (4 cyc)
"tile 0,3 core",ACTIVE|LOCK_STALL,6163.027939,6163.033939,cycles 131094126..131094131 (6 cyc)
"tile 0,3 core",ACTIVE|LOCK_STALL,6163.032939,6163.036939,cycles 131094131..131094134 (4 cyc)
"tile 0,3 core",ACTIVE|LOCK_STALL,6163.035939,6163.041938,cycles 131094134..131094139 (6 cyc)
"tile 0,3 core",ACTIVE|LOCK_STALL,6163.040938,6163.044938,cycles 131094139..131094142 (4 cyc)
"tile 0,3 core",ACTIVE|LOCK_STALL,6163.043938,6163.049938,cycles 131094142..131094147 (6 cyc)
"tile 0,3 core",ACTIVE|LOCK_STALL,6163.048938,6163.052938,cycles 131094147..131094150 (4 cyc)
"tile 0,3 core",ACTIVE|LOCK_STALL,6163.051938,6163.057938,cycles 131094150..131094155 (6 cyc)
"tile 0,3 core",ACTIVE|LOCK_STALL,6163.056938,6163.060938,cycles 131094155..131094158 (4 cyc)
"tile 0,3 core",ACTIVE|LOCK_STALL,6163.059938,6163.065938,cycles 131094158..131094163 (6 cyc)
"tile 0,3 core",ACTIVE|LOCK_STALL,6163.064938,6163.068938,cycles 131094163..131094166 (4 cyc)
"tile 0,3 core",ACTIVE|LOCK_STALL,6163.067938,6163.073938,cycles 131094166..131094171 (6 cyc)
"tile 0,3 core",ACTIVE|LOCK_STALL,6163.072938,6163.076938,cycles 131094171..131094174 (4 cyc)
"tile 0,3 core",ACTIVE|LOCK_STALL,6163.075938,6163.082938,cycles 131094174..131094180 (7 cyc)
"tile 0,3 core",ACTIVE|LOCK_STALL,6163.081938,6163.085938,cycles 131094180..131094183 (4 cyc)
"tile 0,3 core",ACTIVE|LOCK_STALL,6163.084938,6163.089938,cycles 131094183..131094187 (5 cyc)
"tile 0,3 core",ACTIVE|LOCK_STALL,6163.088938,6163.092938,cycles 131094187..131094190 (4 cyc)
"tile 0,3 core",ACTIVE|LOCK_STALL,6163.091938,6163.097938,cycles 131094190..131094195 (6 cyc)
"tile 0,3 core",ACTIVE|LOCK_STALL,6163.096938,6163.100938,cycles 131094195..131094198 (4 cyc)
"tile 0,3 core",ACTIVE|LOCK_STALL,6163.099938,6163.105937,cycles 131094198..131094203 (6 cyc)
"tile 0,3 core",ACTIVE|LOCK_STALL,6163.104938,6163.108937,cycles 131094203..131094206 (4 cyc)
"tile 0,3 core",ACTIVE|LOCK_STALL,6163.107937,6163.113937,cycles 131094206..131094211 (6 cyc)
"tile 0,3 core",ACTIVE|LOCK_STALL,6163.112937,6163.116937,cycles 131094211..131094214 (4 cyc)
"tile 0,3 core",ACTIVE|LOCK_STALL,6163.115937,6163.121937,cycles 131094214..131094219 (6 cyc)
"tile 0,3 core",ACTIVE|LOCK_STALL,6163.120937,6163.124937,cycles 131094219..131094222 (4 cyc)
"tile 0,3 core",ACTIVE|LOCK_STALL,6163.123937,6163.129937,cycles 131094222..131094227 (6 cyc)
"tile 0,3 core",ACTIVE|LOCK_STALL,6163.128937,6163.132937,cycles 131094227..131094230 (4 cyc)
"tile 0,3 core",ACTIVE|LOCK_STALL,6163.131937,6163.137937,cycles 131094230..131094235 (6 cyc)
"tile 0,3 core",ACTIVE|LOCK_STALL,6163.136937,6163.140937,cycles 131094235..131094238 (4 cyc)
"tile 0,3 core",ACTIVE|LOCK_STALL,6163.139937,6163.145937,cycles 131094238..131094243 (6 cyc)
"tile 0,3 core",ACTIVE|LOCK_STALL,6163.144937,6163.148937,cycles 131094243..131094246 (4 cyc)
"tile 0,3 core",ACTIVE|LOCK_STALL,6163.147937,6163.153937,cycles 131094246..131094251 (6 cyc)
"tile 0,3 core",ACTIVE|LOCK_STALL,6163.152937,6163.156937,cycles 131094251..131094254 (4 cyc)
"tile 0,3 core",ACTIVE|LOCK_STALL,6163.155937,6163.161937,cycles 131094254..131094259 (6 cyc)
"tile 0,3 core",ACTIVE|LOCK_STALL,6163.160937,6163.164937,cycles 131094259..131094262 (4 cyc)
"tile 0,3 core",ACTIVE|LOCK_STALL,6163.163937,6163.169937,cycles 131094262..131094267 (6 cyc)
"tile 0,3 core",ACTIVE|LOCK_STALL,6163.168937,6163.172936,cycles 131094267..131094270 (4 cyc)
"tile 0,3 core",ACTIVE|LOCK_STALL,6163.171936,6163.178936,cycles 131094270..131094276 (7 cyc)
"tile 0,3 core",ACTIVE|LOCK_STALL,6163.177936,6163.181936,cycles 131094276..131094279 (4 cyc)
"tile 0,3 core",ACTIVE|LOCK_STALL,6163.180936,6163.185936,cycles 131094279..131094283 (5 cyc)
"tile 0,3 core",ACTIVE|LOCK_STALL,6163.184936,6163.188936,cycles 131094283..131094286 (4 cyc)
"tile 0,3 core",ACTIVE|LOCK_STALL,6163.187936,6163.193936,cycles 131094286..131094291 (6 cyc)
"tile 0,3 core",ACTIVE|LOCK_STALL,6163.192936,6163.196936,cycles 131094291..131094294 (4 cyc)
"tile 0,3 core",ACTIVE|LOCK_STALL,6163.195936,6163.201936,cycles 131094294..131094299 (6 cyc)
"tile 0,3 core",ACTIVE|LOCK_STALL,6163.200936,6163.204936,cycles 131094299..131094302 (4 cyc)
"tile 0,3 core",ACTIVE|LOCK_STALL,6163.203936,6163.209936,cycles 131094302..131094307 (6 cyc)
"tile 0,3 core",ACTIVE|LOCK_STALL,6163.208936,6163.212936,cycles 131094307..131094310 (4 cyc)
"tile 0,3 core",ACTIVE|LOCK_STALL,6163.211936,6163.217936,cycles 131094310..131094315 (6 cyc)
"tile 0,3 core",ACTIVE|LOCK_STALL,6163.216936,6163.220936,cycles 131094315..131094318 (4 cyc)
"tile 0,3 core",ACTIVE|LOCK_STALL,6163.219936,6163.225936,cycles 131094318..131094323 (6 cyc)
"tile 0,3 core",ACTIVE|LOCK_STALL,6163.224936,6163.228936,cycles 131094323..131094326 (4 cyc)
"tile 0,3 core",ACTIVE|LOCK_STALL,6163.227936,6163.233936,cycles 131094326..131094331 (6 cyc)
"tile 0,3 core",ACTIVE|LOCK_STALL,6163.232936,6163.234936,cycles 131094331..131094332 (2 cyc)
"tile 0,3 core",ACTIVE|LOCK_STALL,6163.233936,6163.234936,cycles 131094332..131094332 (1 cyc)
"tile 0,3 core",ACTIVE|LOCK_STALL,6163.233936,6163.235936,cycles 131094332..131094333 (2 cyc)
"tile 0,3 core",ACTIVE|LOCK_STALL,6163.234936,6163.239935,cycles 131094333..131094337 (5 cyc)
"tile 0,3 core",ACTIVE|LOCK_STALL,6163.238935,6163.242935,cycles 131094337..131094340 (4 cyc)
"tile 0,3 core",ACTIVE|LOCK_STALL,6163.241935,6163.247935,cycles 131094340..131094345 (6 cyc)
"tile 0,3 core",ACTIVE|LOCK_STALL,6163.246935,6163.250935,cycles 131094345..131094348 (4 cyc)
"tile 0,3 core",ACTIVE|LOCK_STALL,6163.249935,6163.255935,cycles 131094348..131094353 (6 cyc)
"tile 0,3 core",ACTIVE|LOCK_STALL,6163.254935,6163.258935,cycles 131094353..131094356 (4 cyc)
"tile 0,3 core",ACTIVE|LOCK_STALL,6163.257935,6163.263935,cycles 131094356..131094361 (6 cyc)
"tile 0,3 core",ACTIVE|LOCK_STALL,6163.262935,6163.266935,cycles 131094361..131094364 (4 cyc)
"tile 0,3 core",ACTIVE|LOCK_STALL,6163.265935,6163.272935,cycles 131094364..131094370 (7 cyc)
"tile 0,3 core",ACTIVE|LOCK_STALL,6163.271935,6163.275935,cycles 131094370..131094373 (4 cyc)
"tile 0,3 core",ACTIVE|LOCK_STALL,6163.274935,6163.279935,cycles 131094373..131094377 (5 cyc)
"tile 0,3 core",ACTIVE|LOCK_STALL,6163.278935,6163.282935,cycles 131094377..131094380 (4 cyc)
"tile 0,3 core",ACTIVE|LOCK_STALL,6163.281935,6163.287935,cycles 131094380..131094385 (6 cyc)
"tile 0,3 core",ACTIVE|LOCK_STALL,6163.286935,6163.290935,cycles 131094385..131094388 (4 cyc)
"tile 0,3 core",ACTIVE|LOCK_STALL,6163.289935,6163.295935,cycles 131094388..131094393 (6 cyc)
"tile 0,3 core",ACTIVE|LOCK_STALL,6163.294935,6163.298935,cycles 131094393..131094396 (4 cyc)
"tile 0,3 core",ACTIVE|LOCK_STALL,6163.297935,6163.303935,cycles 131094396..131094401 (6 cyc)
"tile 0,3 core",ACTIVE|LOCK_STALL,6163.302935,6163.306934,cycles 131094401..131094404 (4 cyc)
"tile 0,3 core",ACTIVE|LOCK_STALL,6163.305934,6163.311934,cycles 131094404..131094409 (6 cyc)
"tile 0,3 core",ACTIVE|LOCK_STALL,6163.310934,6163.314934,cycles 131094409..131094412 (4 cyc)
"tile 0,3 core",ACTIVE|LOCK_STALL,6163.313934,6163.319934,cycles 131094412..131094417 (6 cyc)
"tile 0,3 core",ACTIVE|LOCK_STALL,6163.318934,6163.322934,cycles 131094417..131094420 (4 cyc)
"tile 0,3 core",ACTIVE|LOCK_STALL,6163.321934,6163.327934,cycles 131094420..131094425 (6 cyc)
"tile 0,3 core",ACTIVE|LOCK_STALL,6163.326934,6163.328934,cycles 131094425..131094426 (2 cyc)
"tile 0,3 core",ACTIVE|LOCK_STALL,6163.327934,6163.328934,cycles 131094426..131094426 (1 cyc)
"tile 0,3 core",ACTIVE|LOCK_STALL,6163.327934,6163.329934,cycles 131094426..131094427 (2 cyc)
"tile 0,3 core",ACTIVE|LOCK_STALL,6163.328934,6163.333934,cycles 131094427..131094431 (5 cyc)
"tile 0,3 core",ACTIVE|LOCK_STALL,6163.332934,6163.336934,cycles 131094431..131094434 (4 cyc)
"tile 0,3 core",ACTIVE|LOCK_STALL,6163.335934,6163.341934,cycles 131094434..131094439 (6 cyc)
"tile 0,3 core",ACTIVE|LOCK_STALL,6163.340934,6163.344934,cycles 131094439..131094442 (4 cyc)
"tile 0,3 core",ACTIVE|LOCK_STALL,6163.343934,6163.349934,cycles 131094442..131094447 (6 cyc)
"tile 0,3 core",ACTIVE|LOCK_STALL,6163.348934,6163.352934,cycles 131094447..131094450 (4 cyc)
"tile 0,3 core",ACTIVE|LOCK_STALL,6163.351934,6163.357934,cycles 131094450..131094455 (6 cyc)
"tile 0,3 core",ACTIVE|LOCK_STALL,6163.356934,6163.358934,cycles 131094455..131094456 (2 cyc)
"tile 0,3 core",ACTIVE|LOCK_STALL,6163.357934,6163.358934,cycles 131094456..131094456 (1 cyc)
"tile 0,3 core",ACTIVE|LOCK_STALL,6163.357934,6163.359934,cycles 131094456..131094457 (2 cyc)
"tile 0,3 core",ACTIVE|LOCK_STALL,6163.358934,6163.365934,cycles 131094457..131094463 (7 cyc)
"tile 0,3 core",ACTIVE|LOCK_STALL,6163.364934,6163.368934,cycles 131094463..131094466 (4 cyc)
"tile 0,3 core",ACTIVE|LOCK_STALL,6163.367934,6163.372933,cycles 131094466..131094470 (5 cyc)
"tile 0,3 core",ACTIVE|LOCK_STALL,6163.371934,6163.375933,cycles 131094470..131094473 (4 cyc)
"tile 0,3 core",ACTIVE|LOCK_STALL,6163.374933,6163.380933,cycles 131094473..131094478 (6 cyc)
"tile 0,3 core",ACTIVE|LOCK_STALL,6163.379933,6163.381933,cycles 131094478..131094479 (2 cyc)
"tile 0,3 core",ACTIVE|LOCK_STALL,6163.380933,6163.381933,cycles 131094479..131094479 (1 cyc)
"tile 0,3 core",ACTIVE|LOCK_STALL,6163.380933,6163.382933,cycles 131094479..131094480 (2 cyc)
"tile 0,3 core",ACTIVE|LOCK_STALL,6163.381933,6163.386933,cycles 131094480..131094484 (5 cyc)
"tile 0,3 core",ACTIVE|LOCK_STALL,6163.385933,6163.389933,cycles 131094484..131094487 (4 cyc)
"tile 0,3 core",ACTIVE|LOCK_STALL,6163.388933,6163.394933,cycles 131094487..131094492 (6 cyc)
"tile 0,3 core",ACTIVE|LOCK_STALL,6163.393933,6163.397933,cycles 131094492..131094495 (4 cyc)
"tile 0,3 core",ACTIVE|LOCK_STALL,6163.396933,6163.401933,cycles 131094495..131094499 (5 cyc)
"tile 0,3 core",ACTIVE|LOCK_STALL,6163.400933,6163.404933,cycles 131094499..131094502 (4 cyc)
"tile 0,3 core",ACTIVE|LOCK_STALL,6163.403933,6163.409933,cycles 131094502..131094507 (6 cyc)
"tile 0,3 core",ACTIVE|LOCK_STALL,6163.408933,6163.412933,cycles 131094507..131094510 (4 cyc)
"tile 0,3 core",ACTIVE|LOCK_STALL,6163.411933,6163.417933,cycles 131094510..131094515 (6 cyc)
"tile 0,3 core",ACTIVE|LOCK_STALL,6163.416933,6163.418933,cycles 131094515..131094516 (2 cyc)
"tile 0,3 core",ACTIVE|LOCK_STALL,6163.417933,6163.418933,cycles 131094516..131094516 (1 cyc)
"tile 0,3 core",ACTIVE|LOCK_STALL,6163.417933,6163.419933,cycles 131094516..131094517 (2 cyc)
"tile 0,3 core",ACTIVE|LOCK_STALL,6163.418933,6163.423933,cycles 131094517..131094521 (5 cyc)
"tile 0,3 core",ACTIVE|LOCK_STALL,6163.422933,6163.426933,cycles 131094521..131094524 (4 cyc)
"tile 0,3 core",ACTIVE|LOCK_STALL,6163.425933,6163.431933,cycles 131094524..131094529 (6 cyc)
"tile 0,3 core",ACTIVE|LOCK_STALL,6163.430933,6163.434933,cycles 131094529..131094532 (4 cyc)
"tile 0,3 core",ACTIVE|LOCK_STALL,6163.433933,6163.439932,cycles 131094532..131094537 (6 cyc)
"tile 0,3 core",ACTIVE|LOCK_STALL,6163.438933,6163.442932,cycles 131094537..131094540 (4 cyc)
"tile 0,3 core",ACTIVE|LOCK_STALL,6163.441932,6163.447932,cycles 131094540..131094545 (6 cyc)
"tile 0,3 core",ACTIVE|LOCK_STALL,6163.446932,6163.450932,cycles 131094545..131094548 (4 cyc)
"tile 0,3 core",ACTIVE|LOCK_STALL,6163.449932,6163.456932,cycles 131094548..131094554 (7 cyc)
"tile 0,3 core",ACTIVE|LOCK_STALL,6163.455932,6163.459932,cycles 131094554..131094557 (4 cyc)
"tile 0,3 core",ACTIVE|LOCK_STALL,6163.458932,6163.463932,cycles 131094557..131094561 (5 cyc)
"tile 0,3 core",ACTIVE|LOCK_STALL,6163.462932,6163.466932,cycles 131094561..131094564 (4 cyc)
"tile 0,3 core",ACTIVE|LOCK_STALL,6163.465932,6163.471932,cycles 131094564..131094569 (6 cyc)
"tile 0,3 core",ACTIVE|LOCK_STALL,6163.470932,6163.474932,cycles 131094569..131094572 (4 cyc)
"tile 0,3 core",ACTIVE|LOCK_STALL,6163.473932,6163.479932,cycles 131094572..131094577 (6 cyc)
"tile 0,3 core",ACTIVE|LOCK_STALL,6163.478932,6163.482932,cycles 131094577..131094580 (4 cyc)
"tile 0,3 core",ACTIVE|LOCK_STALL,6163.481932,6163.487932,cycles 131094580..131094585 (6 cyc)
"tile 0,3 core",ACTIVE|LOCK_STALL,6163.486932,6163.490932,cycles 131094585..131094588 (4 cyc)
"tile 0,3 core",ACTIVE|LOCK_STALL,6163.489932,6163.495932,cycles 131094588..131094593 (6 cyc)
"tile 0,3 core",ACTIVE|LOCK_STALL,6163.494932,6163.504932,cycles 131094593..131094602 (10 cyc)
"tile 0,3 core",ACTIVE|LOCK_STALL,6163.503932,6163.504932,cycles 131094602..131094602 (1 cyc)
"tile 0,3 core",ACTIVE|LOCK_STALL,6163.503932,6163.519931,cycles 131094602..131094617 (16 cyc)
"tile 0,3 core",ACTIVE|LOCK_STALL,6163.518931,6177.635720,cycles 131094617..131108733 (14117 cyc)
"tile 0,3 core",ACTIVE,6177.634720,6177.645720,cycles 131108733..131108743 (11 cyc)
"tile 0,3 core",ACTIVE|LOCK_STALL,6177.644720,6177.645720,cycles 131108743..131108743 (1 cyc)
"tile 0,3 core",ACTIVE,6177.644720,6177.695720,cycles 131108743..131108793 (51 cyc)
"tile 0,3 core",ACTIVE|LOCK_STALL,6177.694720,6177.695720,cycles 131108793..131108793 (1 cyc)
"tile 0,3 core",ACTIVE,6177.694720,6177.705719,cycles 131108793..131108803 (11 cyc)
"tile 0,3 core",ACTIVE|LOCK_STALL,6177.704719,6177.705719,cycles 131108803..131108803 (1 cyc)
"tile 0,3 core",ACTIVE,6177.704719,6177.711719,cycles 131108803..131108809 (7 cyc)
"tile 0,3 core",ACTIVE,6177.710719,6177.718719,cycles 131108809..131108816 (8 cyc)
"tile 0,3 core",ACTIVE,6177.717719,6177.752719,cycles 131108816..131108850 (35 cyc)
"tile 0,3 core",ACTIVE|LOCK_STALL,6177.751719,6178.046714,cycles 131108850..131109144 (295 cyc)
"tile 0,3 core",ACTIVE,6178.045714,6178.056714,cycles 131109144..131109154 (11 cyc)
"tile 0,3 core",ACTIVE|LOCK_STALL,6178.055714,6178.056714,cycles 131109154..131109154 (1 cyc)
"tile 0,3 core",ACTIVE,6178.055714,6178.106713,cycles 131109154..131109204 (51 cyc)
"tile 0,3 core",ACTIVE|LOCK_STALL,6178.105713,6178.106713,cycles 131109204..131109204 (1 cyc)
"tile 0,3 core",ACTIVE,6178.105713,6178.116713,cycles 131109204..131109214 (11 cyc)
"tile 0,3 core",ACTIVE|LOCK_STALL,6178.115713,6178.116713,cycles 131109214..131109214 (1 cyc)
"tile 0,3 core",ACTIVE,6178.115713,6178.165713,cycles 131109214..131109263 (50 cyc)
"tile 0,3 core",ACTIVE|LOCK_STALL,6178.164713,6178.168712,cycles 131109263..131109266 (4 cyc)
"tile 0,3 core",ACTIVE,6178.167712,6178.178712,cycles 131109266..131109276 (11 cyc)
"tile 0,3 core",ACTIVE|LOCK_STALL,6178.177712,6178.178712,cycles 131109276..131109276 (1 cyc)
"tile 0,3 core",ACTIVE,6178.177712,6178.228712,cycles 131109276..131109326 (51 cyc)
"tile 0,3 core",ACTIVE|LOCK_STALL,6178.227712,6194.977461,cycles 131109326..131126075 (16750 cyc)
"tile 0,3 core",ACTIVE|LOCK_STALL,6194.976461,6194.984461,cycles 131126075..131126082 (8 cyc)
"tile 0,3 core",ACTIVE|LOCK_STALL,6194.983461,6212.188204,cycles 131126082..131143286 (17205 cyc)
"tile 0,3 core",ACTIVE|LOCK_STALL,6212.187204,6212.195204,cycles 131143286..131143293 (8 cyc)
"tile 0,3 core",ACTIVE|LOCK_STALL,6212.194204,6229.536945,cycles 131143293..131160635 (17343 cyc)
"tile 0,3 core",ACTIVE|LOCK_STALL,6229.535945,6229.623944,cycles 131160635..131160722 (88 cyc)
"tile 0,3 core",ACTIVE|LOCK_STALL,6229.622944,6229.623944,cycles 131160722..131160722 (1 cyc)
"tile 0,3 core",ACTIVE|LOCK_STALL,6229.622944,6229.626944,cycles 131160722..131160725 (4 cyc)
"tile 0,3 core",ACTIVE,6229.625944,6229.636944,cycles 131160725..131160735 (11 cyc)
"tile 0,3 core",ACTIVE|LOCK_STALL,6229.635944,6229.636944,cycles 131160735..131160735 (1 cyc)
"tile 0,3 core",ACTIVE,6229.635944,6229.659943,cycles 131160735..131160758 (24 cyc)
"tile 0,3 core",ACTIVE,6229.658943,6229.684943,cycles 131160758..131160783 (26 cyc)
"tile 0,3 core",ACTIVE|LOCK_STALL,6229.683943,6229.684943,cycles 131160783..131160783 (1 cyc)
"tile 0,3 core",ACTIVE,6229.683943,6229.694943,cycles 131160783..131160793 (11 cyc)
"tile 0,3 core",ACTIVE|LOCK_STALL,6229.693943,6229.694943,cycles 131160793..131160793 (1 cyc)
"tile 0,3 core",ACTIVE,6229.693943,6229.744942,cycles 131160793..131160843 (51 cyc)
"tile 0,3 core",ACTIVE|LOCK_STALL,6229.743942,6229.843941,cycles 131160843..131160942 (100 cyc)
"tile 0,3 core",ACTIVE|LOCK_STALL,6229.842941,6229.930939,cycles 131160942..131161029 (88 cyc)
"tile 0,3 core",ACTIVE|LOCK_STALL,6229.929939,6229.930939,cycles 131161029..131161029 (1 cyc)
"tile 0,3 core",ACTIVE|LOCK_STALL,6229.929939,6229.933939,cycles 131161029..131161032 (4 cyc)
"tile 0,3 core",ACTIVE,6229.932939,6229.943939,cycles 131161032..131161042 (11 cyc)
"tile 0,3 core",ACTIVE|LOCK_STALL,6229.942939,6229.943939,cycles 131161042..131161042 (1 cyc)
"tile 0,3 core",ACTIVE,6229.942939,6229.966939,cycles 131161042..131161065 (24 cyc)
"tile 0,3 core",ACTIVE,6229.965939,6229.991938,cycles 131161065..131161090 (26 cyc)
"tile 0,3 core",ACTIVE|LOCK_STALL,6229.990938,6229.991938,cycles 131161090..131161090 (1 cyc)
"tile 0,3 core",ACTIVE,6229.990938,6229.997938,cycles 131161090..131161096 (7 cyc)
"tile 0,3 core",ACTIVE,6229.996938,6230.000938,cycles 131161096..131161099 (4 cyc)
"tile 0,3 core",ACTIVE|LOCK_STALL,6229.999938,6230.000938,cycles 131161099..131161099 (1 cyc)
"tile 0,3 core",ACTIVE,6229.999938,6230.051937,cycles 131161099..131161150 (52 cyc)
"tile 0,3 core",ACTIVE|LOCK_STALL,6230.050937,6230.051937,cycles 131161150..131161150 (1 cyc)
"tile 0,3 core",ACTIVE,6230.050937,6230.061937,cycles 131161150..131161160 (11 cyc)
"tile 0,3 core",ACTIVE|LOCK_STALL,6230.060937,6230.061937,cycles 131161160..131161160 (1 cyc)
"tile 0,3 core",ACTIVE,6230.060937,6230.078937,cycles 131161160..131161177 (18 cyc)
"tile 0,3 core",ACTIVE,6230.077937,6230.078937,cycles 131161177..131161177 (1 cyc)
"tile 0,3 core",ACTIVE,6230.077937,6230.109937,cycles 131161177..131161208 (32 cyc)
"tile 0,3 core",ACTIVE|LOCK_STALL,6230.108937,6230.109937,cycles 131161208..131161208 (1 cyc)
"tile 0,3 core",ACTIVE,6230.108937,6230.115937,cycles 131161208..131161214 (7 cyc)
"tile 0,3 core",ACTIVE,6230.114937,6230.118936,cycles 131161214..131161217 (4 cyc)
"tile 0,3 core",ACTIVE|LOCK_STALL,6230.117936,6230.118936,cycles 131161217..131161217 (1 cyc)
"tile 0,3 core",ACTIVE,6230.117936,6230.167936,cycles 131161217..131161266 (50 cyc)
"tile 0,3 core",ACTIVE|LOCK_STALL,6230.166936,6230.167936,cycles 131161266..131161266 (1 cyc)
"tile 0,3 core",ACTIVE,6230.166936,6230.177936,cycles 131161266..131161276 (11 cyc)
"tile 0,3 core",ACTIVE|LOCK_STALL,6230.176936,6230.177936,cycles 131161276..131161276 (1 cyc)
"tile 0,3 core",ACTIVE,6230.176936,6230.227935,cycles 131161276..131161326 (51 cyc)
"tile 0,3 core",ACTIVE|LOCK_STALL,6230.226935,6230.801926,cycles 131161326..131161900 (575 cyc)
"tile 0,3 core",ACTIVE|LOCK_STALL,6230.800926,6230.888925,cycles 131161900..131161987 (88 cyc)
"tile 0,3 core",ACTIVE|LOCK_STALL,6230.887925,6230.888925,cycles 131161987..131161987 (1 cyc)
"tile 0,3 core",ACTIVE|LOCK_STALL,6230.887925,6230.891925,cycles 131161987..131161990 (4 cyc)
"tile 0,3 core",ACTIVE,6230.890925,6230.901925,cycles 131161990..131162000 (11 cyc)
"tile 0,3 core",ACTIVE|LOCK_STALL,6230.900925,6230.901925,cycles 131162000..131162000 (1 cyc)
"tile 0,3 core",ACTIVE,6230.900925,6230.924924,cycles 131162000..131162023 (24 cyc)
"tile 0,3 core",ACTIVE,6230.923924,6230.949924,cycles 131162023..131162048 (26 cyc)
"tile 0,3 core",ACTIVE|LOCK_STALL,6230.948924,6230.949924,cycles 131162048..131162048 (1 cyc)
"tile 0,3 core",ACTIVE,6230.948924,6230.959924,cycles 131162048..131162058 (11 cyc)
"tile 0,3 core",ACTIVE|LOCK_STALL,6230.958924,6230.959924,cycles 131162058..131162058 (1 cyc)
"tile 0,3 core",ACTIVE,6230.958924,6231.009923,cycles 131162058..131162108 (51 cyc)
"tile 0,3 core",ACTIVE|LOCK_STALL,6231.008923,6232.416902,cycles 131162108..131163515 (1408 cyc)
"tile 0,3 core",ACTIVE|LOCK_STALL,6232.415902,6232.503901,cycles 131163515..131163602 (88 cyc)
"tile 0,3 core",ACTIVE|LOCK_STALL,6232.502901,6232.503901,cycles 131163602..131163602 (1 cyc)
"tile 0,3 core",ACTIVE|LOCK_STALL,6232.502901,6232.506901,cycles 131163602..131163605 (4 cyc)
"tile 0,3 core",ACTIVE,6232.505901,6232.516901,cycles 131163605..131163615 (11 cyc)
"tile 0,3 core",ACTIVE|LOCK_STALL,6232.515901,6232.516901,cycles 131163615..131163615 (1 cyc)
"tile 0,3 core",ACTIVE,6232.515901,6232.539900,cycles 131163615..131163638 (24 cyc)
"tile 0,3 core",ACTIVE,6232.538900,6232.564900,cycles 131163638..131163663 (26 cyc)
"tile 0,3 core",ACTIVE|LOCK_STALL,6232.563900,6232.564900,cycles 131163663..131163663 (1 cyc)
"tile 0,3 core",ACTIVE,6232.563900,6232.574900,cycles 131163663..131163673 (11 cyc)
"tile 0,3 core",ACTIVE|LOCK_STALL,6232.573900,6232.574900,cycles 131163673..131163673 (1 cyc)
"tile 0,3 core",ACTIVE,6232.573900,6232.624899,cycles 131163673..131163723 (51 cyc)
"tile 0,3 core",ACTIVE|LOCK_STALL,6232.623899,6233.203890,cycles 131163723..131164302 (580 cyc)
"tile 0,3 core",ACTIVE|LOCK_STALL,6233.202890,6233.290889,cycles 131164302..131164389 (88 cyc)
"tile 0,3 core",ACTIVE|LOCK_STALL,6233.289889,6233.290889,cycles 131164389..131164389 (1 cyc)
"tile 0,3 core",ACTIVE|LOCK_STALL,6233.289889,6233.293889,cycles 131164389..131164392 (4 cyc)
"tile 0,3 core",ACTIVE,6233.292889,6233.303889,cycles 131164392..131164402 (11 cyc)
"tile 0,3 core",ACTIVE|LOCK_STALL,6233.302889,6233.303889,cycles 131164402..131164402 (1 cyc)
"tile 0,3 core",ACTIVE,6233.302889,6233.326889,cycles 131164402..131164425 (24 cyc)
"tile 0,3 core",ACTIVE,6233.325889,6233.351888,cycles 131164425..131164450 (26 cyc)
"tile 0,3 core",ACTIVE|LOCK_STALL,6233.350888,6233.351888,cycles 131164450..131164450 (1 cyc)
"tile 0,3 core",ACTIVE,6233.350888,6233.361888,cycles 131164450..131164460 (11 cyc)
"tile 0,3 core",ACTIVE|LOCK_STALL,6233.360888,6233.361888,cycles 131164460..131164460 (1 cyc)
"tile 0,3 core",ACTIVE,6233.360888,6233.412887,cycles 131164460..131164511 (52 cyc)
"tile 0,3 core",ACTIVE|LOCK_STALL,6233.411887,6233.412887,cycles 131164511..131164511 (1 cyc)
"tile 0,3 core",ACTIVE,6233.411887,6233.422887,cycles 131164511..131164521 (11 cyc)
"tile 0,3 core",ACTIVE|LOCK_STALL,6233.421887,6233.422887,cycles 131164521..131164521 (1 cyc)
"tile 0,3 core",ACTIVE,6233.421887,6233.472886,cycles 131164521..131164571 (51 cyc)
"tile 0,3 core",ACTIVE|LOCK_STALL,6233.471886,6233.977879,cycles 131164571..131165076 (506 cyc)
"tile 0,3 core",ACTIVE|LOCK_STALL,6233.976879,6234.064878,cycles 131165076..131165163 (88 cyc)
"tile 0,3 core",ACTIVE|LOCK_STALL,6234.063878,6234.064878,cycles 131165163..131165163 (1 cyc)
"tile 0,3 core",ACTIVE|LOCK_STALL,6234.063878,6234.067877,cycles 131165163..131165166 (4 cyc)
"tile 0,3 core",ACTIVE,6234.066877,6234.077877,cycles 131165166..131165176 (11 cyc)
"tile 0,3 core",ACTIVE|LOCK_STALL,6234.076877,6234.077877,cycles 131165176..131165176 (1 cyc)
"tile 0,3 core",ACTIVE,6234.076877,6234.100877,cycles 131165176..131165199 (24 cyc)
"tile 0,3 core",ACTIVE,6234.099877,6234.125877,cycles 131165199..131165224 (26 cyc)
"tile 0,3 core",ACTIVE|LOCK_STALL,6234.124877,6234.125877,cycles 131165224..131165224 (1 cyc)
"tile 0,3 core",ACTIVE,6234.124877,6234.135876,cycles 131165224..131165234 (11 cyc)
"tile 0,3 core",ACTIVE|LOCK_STALL,6234.134876,6234.135876,cycles 131165234..131165234 (1 cyc)
"tile 0,3 core",ACTIVE,6234.134876,6234.185876,cycles 131165234..131165284 (51 cyc)
"tile 0,3 core",ACTIVE|LOCK_STALL,6234.184876,6236.033848,cycles 131165284..131167132 (1849 cyc)
"tile 0,3 core",ACTIVE|LOCK_STALL,6236.032848,6236.120847,cycles 131167132..131167219 (88 cyc)
"tile 0,3 core",ACTIVE|LOCK_STALL,6236.119847,6236.120847,cycles 131167219..131167219 (1 cyc)
"tile 0,3 core",ACTIVE|LOCK_STALL,6236.119847,6236.123847,cycles 131167219..131167222 (4 cyc)
"tile 0,3 core",ACTIVE,6236.122847,6236.133847,cycles 131167222..131167232 (11 cyc)
"tile 0,3 core",ACTIVE|LOCK_STALL,6236.132847,6236.133847,cycles 131167232..131167232 (1 cyc)
"tile 0,3 core",ACTIVE,6236.132847,6236.156846,cycles 131167232..131167255 (24 cyc)
"tile 0,3 core",ACTIVE,6236.155846,6236.181846,cycles 131167255..131167280 (26 cyc)
"tile 0,3 core",ACTIVE|LOCK_STALL,6236.180846,6236.181846,cycles 131167280..131167280 (1 cyc)
"tile 0,3 core",ACTIVE,6236.180846,6236.191846,cycles 131167280..131167290 (11 cyc)
"tile 0,3 core",ACTIVE|LOCK_STALL,6236.190846,6236.191846,cycles 131167290..131167290 (1 cyc)
"tile 0,3 core",ACTIVE,6236.190846,6236.241845,cycles 131167290..131167340 (51 cyc)
"tile 0,3 core",ACTIVE|LOCK_STALL,6236.240845,6237.335829,cycles 131167340..131168434 (1095 cyc)
"tile 0,3 core",ACTIVE|LOCK_STALL,6237.334829,6237.422827,cycles 131168434..131168521 (88 cyc)
"tile 0,3 core",ACTIVE|LOCK_STALL,6237.421827,6237.422827,cycles 131168521..131168521 (1 cyc)
"tile 0,3 core",ACTIVE|LOCK_STALL,6237.421827,6237.426827,cycles 131168521..131168525 (5 cyc)
"tile 0,3 core",ACTIVE,6237.425827,6237.436827,cycles 131168525..131168535 (11 cyc)
"tile 0,3 core",ACTIVE|LOCK_STALL,6237.435827,6237.436827,cycles 131168535..131168535 (1 cyc)
"tile 0,3 core",ACTIVE,6237.435827,6237.458827,cycles 131168535..131168557 (23 cyc)
"tile 0,3 core",ACTIVE,6237.457827,6237.484826,cycles 131168557..131168583 (27 cyc)
"tile 0,3 core",ACTIVE|LOCK_STALL,6237.483826,6237.484826,cycles 131168583..131168583 (1 cyc)
"tile 0,3 core",ACTIVE,6237.483826,6237.494826,cycles 131168583..131168593 (11 cyc)
"tile 0,3 core",ACTIVE|LOCK_STALL,6237.493826,6237.494826,cycles 131168593..131168593 (1 cyc)
"tile 0,3 core",ACTIVE,6237.493826,6237.544826,cycles 131168593..131168643 (51 cyc)
"tile 0,3 core",ACTIVE|LOCK_STALL,6237.543826,6238.416813,cycles 131168643..131169515 (873 cyc)
"tile 0,3 core",ACTIVE|LOCK_STALL,6238.415813,6238.503811,cycles 131169515..131169602 (88 cyc)
"tile 0,3 core",ACTIVE|LOCK_STALL,6238.502811,6238.503811,cycles 131169602..131169602 (1 cyc)
"tile 0,3 core",ACTIVE|LOCK_STALL,6238.502811,6238.507811,cycles 131169602..131169606 (5 cyc)
"tile 0,3 core",ACTIVE,6238.506811,6238.517811,cycles 131169606..131169616 (11 cyc)
"tile 0,3 core",ACTIVE|LOCK_STALL,6238.516811,6238.517811,cycles 131169616..131169616 (1 cyc)
"tile 0,3 core",ACTIVE,6238.516811,6238.539811,cycles 131169616..131169638 (23 cyc)
"tile 0,3 core",ACTIVE,6238.538811,6238.565810,cycles 131169638..131169664 (27 cyc)
"tile 0,3 core",ACTIVE|LOCK_STALL,6238.564810,6238.565810,cycles 131169664..131169664 (1 cyc)
"tile 0,3 core",ACTIVE,6238.564810,6238.575810,cycles 131169664..131169674 (11 cyc)
"tile 0,3 core",ACTIVE|LOCK_STALL,6238.574810,6238.575810,cycles 131169674..131169674 (1 cyc)
"tile 0,3 core",ACTIVE,6238.574810,6238.626809,cycles 131169674..131169725 (52 cyc)
"tile 0,3 core",ACTIVE|LOCK_STALL,6238.625809,6238.626809,cycles 131169725..131169725 (1 cyc)
"tile 0,3 core",ACTIVE,6238.625809,6238.636809,cycles 131169725..131169735 (11 cyc)
"tile 0,3 core",ACTIVE|LOCK_STALL,6238.635809,6238.636809,cycles 131169735..131169735 (1 cyc)
"tile 0,3 core",ACTIVE,6238.635809,6238.686808,cycles 131169735..131169785 (51 cyc)
"tile 0,3 core",ACTIVE|LOCK_STALL,6238.685808,6238.740808,cycles 131169785..131169839 (55 cyc)
"tile 0,3 core",ACTIVE|LOCK_STALL,6238.739808,6238.827806,cycles 131169839..131169926 (88 cyc)
"tile 0,3 core",ACTIVE|LOCK_STALL,6238.826806,6238.827806,cycles 131169926..131169926 (1 cyc)
"tile 0,3 core",ACTIVE|LOCK_STALL,6238.826806,6238.830806,cycles 131169926..131169929 (4 cyc)
"tile 0,3 core",ACTIVE,6238.829806,6238.840806,cycles 131169929..131169939 (11 cyc)
"tile 0,3 core",ACTIVE|LOCK_STALL,6238.839806,6238.840806,cycles 131169939..131169939 (1 cyc)
"tile 0,3 core",ACTIVE,6238.839806,6238.863806,cycles 131169939..131169962 (24 cyc)
"tile 0,3 core",ACTIVE,6238.862806,6238.863806,cycles 131169962..131169962 (1 cyc)
"tile 0,3 core",ACTIVE,6238.862806,6238.887805,cycles 131169962..131169986 (25 cyc)
"tile 0,3 core",ACTIVE|LOCK_STALL,6238.886805,6238.887805,cycles 131169986..131169986 (1 cyc)
"tile 0,3 core",ACTIVE,6238.886805,6238.897805,cycles 131169986..131169996 (11 cyc)
"tile 0,3 core",ACTIVE|LOCK_STALL,6238.896805,6238.897805,cycles 131169996..131169996 (1 cyc)
"tile 0,3 core",ACTIVE,6238.896805,6238.946805,cycles 131169996..131170045 (50 cyc)
"tile 0,3 core",ACTIVE,6238.945805,6238.946805,cycles 131170045..131170045 (1 cyc)
"tile 0,3 core",ACTIVE|LOCK_STALL,6238.945805,6238.949805,cycles 131170045..131170048 (4 cyc)
"tile 0,3 core",ACTIVE,6238.948805,6238.959804,cycles 131170048..131170058 (11 cyc)
"tile 0,3 core",ACTIVE|LOCK_STALL,6238.958804,6238.959804,cycles 131170058..131170058 (1 cyc)
"tile 0,3 core",ACTIVE,6238.958804,6238.982804,cycles 131170058..131170081 (24 cyc)
"tile 0,3 core",ACTIVE,6238.981804,6239.007804,cycles 131170081..131170106 (26 cyc)
"tile 0,3 core",ACTIVE|LOCK_STALL,6239.006804,6239.007804,cycles 131170106..131170106 (1 cyc)
"tile 0,3 core",ACTIVE,6239.006804,6239.017804,cycles 131170106..131170116 (11 cyc)
"tile 0,3 core",ACTIVE|LOCK_STALL,6239.016804,6239.017804,cycles 131170116..131170116 (1 cyc)
"tile 0,3 core",ACTIVE,6239.016804,6239.040803,cycles 131170116..131170139 (24 cyc)
"tile 0,3 core",ACTIVE,6239.039803,6239.066803,cycles 131170139..131170165 (27 cyc)
"tile 0,3 core",ACTIVE|LOCK_STALL,6239.065803,6239.126802,cycles 131170165..131170225 (61 cyc)
"tile 0,3 core",ACTIVE|LOCK_STALL,6239.125802,6239.126802,cycles 131170225..131170225 (1 cyc)
"tile 0,3 core",ACTIVE|LOCK_STALL,6239.125802,6239.130802,cycles 131170225..131170229 (5 cyc)
"tile 0,3 core",ACTIVE,6239.129802,6239.140802,cycles 131170229..131170239 (11 cyc)
"tile 0,3 core",ACTIVE|LOCK_STALL,6239.139802,6239.140802,cycles 131170239..131170239 (1 cyc)
"tile 0,3 core",ACTIVE,6239.139802,6239.162801,cycles 131170239..131170261 (23 cyc)
"tile 0,3 core",ACTIVE,6239.161801,6239.188801,cycles 131170261..131170287 (27 cyc)
"tile 0,3 core",ACTIVE|LOCK_STALL,6239.187801,6239.188801,cycles 131170287..131170287 (1 cyc)
"tile 0,3 core",ACTIVE,6239.187801,6239.198801,cycles 131170287..131170297 (11 cyc)
"tile 0,3 core",ACTIVE|LOCK_STALL,6239.197801,6239.198801,cycles 131170297..131170297 (1 cyc)
"tile 0,3 core",ACTIVE,6239.197801,6239.248800,cycles 131170297..131170347 (51 cyc)
"tile 0,3 core",ACTIVE|LOCK_STALL,6239.247800,6239.333799,cycles 131170347..131170432 (86 cyc)
"tile 0,3 core",ACTIVE|LOCK_STALL,6239.332799,6239.414798,cycles 131170432..131170513 (82 cyc)
"tile 0,3 core",ACTIVE|LOCK_STALL,6239.413798,6239.424797,cycles 131170513..131170523 (11 cyc)
"tile 0,3 core",ACTIVE,6239.423797,6239.434797,cycles 131170523..131170533 (11 cyc)
"tile 0,3 core",ACTIVE|LOCK_STALL,6239.433797,6239.434797,cycles 131170533..131170533 (1 cyc)
"tile 0,3 core",ACTIVE,6239.433797,6239.483797,cycles 131170533..131170582 (50 cyc)
"tile 0,3 core",ACTIVE|LOCK_STALL,6239.482797,6239.483797,cycles 131170582..131170582 (1 cyc)
"tile 0,3 core",ACTIVE,6239.482797,6239.493796,cycles 131170582..131170592 (11 cyc)
"tile 0,3 core",ACTIVE|LOCK_STALL,6239.492796,6239.493796,cycles 131170592..131170592 (1 cyc)
"tile 0,3 core",ACTIVE,6239.492796,6239.544796,cycles 131170592..131170643 (52 cyc)
"tile 0,3 core",ACTIVE|LOCK_STALL,6239.543796,6258.669510,cycles 131170643..131189768 (19126 cyc)
"tile 0,3 core",ACTIVE|LOCK_STALL,6258.668510,6258.672510,cycles 131189768..131189771 (4 cyc)
"tile 0,3 core",ACTIVE|LOCK_STALL,6258.671510,6258.677510,cycles 131189771..131189776 (6 cyc)
"tile 0,3 core",ACTIVE|LOCK_STALL,6258.676510,6258.680510,cycles 131189776..131189779 (4 cyc)
"tile 0,3 core",ACTIVE|LOCK_STALL,6258.679510,6258.686510,cycles 131189779..131189785 (7 cyc)
"tile 0,3 core",ACTIVE|LOCK_STALL,6258.685510,6258.689510,cycles 131189785..131189788 (4 cyc)
"tile 0,3 core",ACTIVE|LOCK_STALL,6258.688510,6258.693510,cycles 131189788..131189792 (5 cyc)
"tile 0,3 core",ACTIVE|LOCK_STALL,6258.692510,6258.696510,cycles 131189792..131189795 (4 cyc)
"tile 0,3 core",ACTIVE|LOCK_STALL,6258.695510,6258.702509,cycles 131189795..131189801 (7 cyc)
"tile 0,3 core",ACTIVE|LOCK_STALL,6258.701510,6258.705509,cycles 131189801..131189804 (4 cyc)
"tile 0,3 core",ACTIVE|LOCK_STALL,6258.704509,6258.709509,cycles 131189804..131189808 (5 cyc)
"tile 0,3 core",ACTIVE|LOCK_STALL,6258.708509,6258.712509,cycles 131189808..131189811 (4 cyc)
"tile 0,3 core",ACTIVE|LOCK_STALL,6258.711509,6258.717509,cycles 131189811..131189816 (6 cyc)
"tile 0,3 core",ACTIVE|LOCK_STALL,6258.716509,6258.720509,cycles 131189816..131189819 (4 cyc)
"tile 0,3 core",ACTIVE|LOCK_STALL,6258.719509,6258.726509,cycles 131189819..131189825 (7 cyc)
"tile 0,3 core",ACTIVE|LOCK_STALL,6258.725509,6258.729509,cycles 131189825..131189828 (4 cyc)
"tile 0,3 core",ACTIVE|LOCK_STALL,6258.728509,6258.733509,cycles 131189828..131189832 (5 cyc)
"tile 0,3 core",ACTIVE|LOCK_STALL,6258.732509,6258.736509,cycles 131189832..131189835 (4 cyc)
"tile 0,3 core",ACTIVE|LOCK_STALL,6258.735509,6258.742509,cycles 131189835..131189841 (7 cyc)
"tile 0,3 core",ACTIVE|LOCK_STALL,6258.741509,6258.745509,cycles 131189841..131189844 (4 cyc)
"tile 0,3 core",ACTIVE|LOCK_STALL,6258.744509,6258.749509,cycles 131189844..131189848 (5 cyc)
"tile 0,3 core",ACTIVE|LOCK_STALL,6258.748509,6258.752509,cycles 131189848..131189851 (4 cyc)
"tile 0,3 core",ACTIVE|LOCK_STALL,6258.751509,6258.760509,cycles 131189851..131189859 (9 cyc)
"tile 0,3 core",ACTIVE|LOCK_STALL,6258.759509,6258.763509,cycles 131189859..131189862 (4 cyc)
"tile 0,3 core",ACTIVE|LOCK_STALL,6258.762509,6258.768509,cycles 131189862..131189867 (6 cyc)
"tile 0,3 core",ACTIVE|LOCK_STALL,6258.767509,6258.771508,cycles 131189867..131189870 (4 cyc)
"tile 0,3 core",ACTIVE|LOCK_STALL,6258.770508,6258.775508,cycles 131189870..131189874 (5 cyc)
"tile 0,3 core",ACTIVE|LOCK_STALL,6258.774508,6258.778508,cycles 131189874..131189877 (4 cyc)
"tile 0,3 core",ACTIVE|LOCK_STALL,6258.777508,6258.784508,cycles 131189877..131189883 (7 cyc)
"tile 0,3 core",ACTIVE|LOCK_STALL,6258.783508,6258.787508,cycles 131189883..131189886 (4 cyc)
"tile 0,3 core",ACTIVE|LOCK_STALL,6258.786508,6258.792508,cycles 131189886..131189891 (6 cyc)
"tile 0,3 core",ACTIVE|LOCK_STALL,6258.791508,6258.795508,cycles 131189891..131189894 (4 cyc)
"tile 0,3 core",ACTIVE|LOCK_STALL,6258.794508,6258.800508,cycles 131189894..131189899 (6 cyc)
"tile 0,3 core",ACTIVE|LOCK_STALL,6258.799508,6258.803508,cycles 131189899..131189902 (4 cyc)
"tile 0,3 core",ACTIVE|LOCK_STALL,6258.802508,6258.808508,cycles 131189902..131189907 (6 cyc)
"tile 0,3 core",ACTIVE|LOCK_STALL,6258.807508,6258.811508,cycles 131189907..131189910 (4 cyc)
"tile 0,3 core",ACTIVE|LOCK_STALL,6258.810508,6258.815508,cycles 131189910..131189914 (5 cyc)
"tile 0,3 core",ACTIVE|LOCK_STALL,6258.814508,6258.818508,cycles 131189914..131189917 (4 cyc)
"tile 0,3 core",ACTIVE|LOCK_STALL,6258.817508,6258.824508,cycles 131189917..131189923 (7 cyc)
"tile 0,3 core",ACTIVE|LOCK_STALL,6258.823508,6258.827508,cycles 131189923..131189926 (4 cyc)
"tile 0,3 core",ACTIVE|LOCK_STALL,6258.826508,6258.832508,cycles 131189926..131189931 (6 cyc)
"tile 0,3 core",ACTIVE|LOCK_STALL,6258.831508,6258.835508,cycles 131189931..131189934 (4 cyc)
"tile 0,3 core",ACTIVE|LOCK_STALL,6258.834508,6258.840507,cycles 131189934..131189939 (6 cyc)
"tile 0,3 core",ACTIVE|LOCK_STALL,6258.839507,6258.843507,cycles 131189939..131189942 (4 cyc)
"tile 0,3 core",ACTIVE|LOCK_STALL,6258.842507,6258.848507,cycles 131189942..131189947 (6 cyc)
"tile 0,3 core",ACTIVE|LOCK_STALL,6258.847507,6258.851507,cycles 131189947..131189950 (4 cyc)
"tile 0,3 core",ACTIVE|LOCK_STALL,6258.850507,6258.856507,cycles 131189950..131189955 (6 cyc)
"tile 0,3 core",ACTIVE|LOCK_STALL,6258.855507,6258.859507,cycles 131189955..131189958 (4 cyc)
"tile 0,3 core",ACTIVE|LOCK_STALL,6258.858507,6258.864507,cycles 131189958..131189963 (6 cyc)
"tile 0,3 core",ACTIVE|LOCK_STALL,6258.863507,6258.867507,cycles 131189963..131189966 (4 cyc)
"tile 0,3 core",ACTIVE|LOCK_STALL,6258.866507,6258.871507,cycles 131189966..131189970 (5 cyc)
"tile 0,3 core",ACTIVE|LOCK_STALL,6258.870507,6258.874507,cycles 131189970..131189973 (4 cyc)
"tile 0,3 core",ACTIVE|LOCK_STALL,6258.873507,6258.880507,cycles 131189973..131189979 (7 cyc)
"tile 0,3 core",ACTIVE|LOCK_STALL,6258.879507,6258.883507,cycles 131189979..131189982 (4 cyc)
"tile 0,3 core",ACTIVE|LOCK_STALL,6258.882507,6258.888507,cycles 131189982..131189987 (6 cyc)
"tile 0,3 core",ACTIVE|LOCK_STALL,6258.887507,6258.891507,cycles 131189987..131189990 (4 cyc)
"tile 0,3 core",ACTIVE|LOCK_STALL,6258.890507,6258.896507,cycles 131189990..131189995 (6 cyc)
"tile 0,3 core",ACTIVE|LOCK_STALL,6258.895507,6258.899507,cycles 131189995..131189998 (4 cyc)
"tile 0,3 core",ACTIVE|LOCK_STALL,6258.898507,6258.904506,cycles 131189998..131190003 (6 cyc)
"tile 0,3 core",ACTIVE|LOCK_STALL,6258.903506,6258.907506,cycles 131190003..131190006 (4 cyc)
"tile 0,3 core",ACTIVE|LOCK_STALL,6258.906506,6258.911506,cycles 131190006..131190010 (5 cyc)
"tile 0,3 core",ACTIVE|LOCK_STALL,6258.910506,6258.914506,cycles 131190010..131190013 (4 cyc)
"tile 0,3 core",ACTIVE|LOCK_STALL,6258.913506,6258.920506,cycles 131190013..131190019 (7 cyc)
"tile 0,3 core",ACTIVE|LOCK_STALL,6258.919506,6258.923506,cycles 131190019..131190022 (4 cyc)
"tile 0,3 core",ACTIVE|LOCK_STALL,6258.922506,6258.928506,cycles 131190022..131190027 (6 cyc)
"tile 0,3 core",ACTIVE|LOCK_STALL,6258.927506,6258.931506,cycles 131190027..131190030 (4 cyc)
"tile 0,3 core",ACTIVE|LOCK_STALL,6258.930506,6258.936506,cycles 131190030..131190035 (6 cyc)
"tile 0,3 core",ACTIVE|LOCK_STALL,6258.935506,6258.939506,cycles 131190035..131190038 (4 cyc)
"tile 0,3 core",ACTIVE|LOCK_STALL,6258.938506,6258.944506,cycles 131190038..131190043 (6 cyc)
"tile 0,3 core",ACTIVE|LOCK_STALL,6258.943506,6258.947506,cycles 131190043..131190046 (4 cyc)
"tile 0,3 core",ACTIVE|LOCK_STALL,6258.946506,6258.952506,cycles 131190046..131190051 (6 cyc)
"tile 0,3 core",ACTIVE|LOCK_STALL,6258.951506,6258.955506,cycles 131190051..131190054 (4 cyc)
"tile 0,3 core",ACTIVE|LOCK_STALL,6258.954506,6258.960506,cycles 131190054..131190059 (6 cyc)
"tile 0,3 core",ACTIVE|LOCK_STALL,6258.959506,6258.963506,cycles 131190059..131190062 (4 cyc)
"tile 0,3 core",ACTIVE|LOCK_STALL,6258.962506,6258.967506,cycles 131190062..131190066 (5 cyc)
"tile 0,3 core",ACTIVE|LOCK_STALL,6258.966506,6258.970505,cycles 131190066..131190069 (4 cyc)
"tile 0,3 core",ACTIVE|LOCK_STALL,6258.969506,6258.976505,cycles 131190069..131190075 (7 cyc)
"tile 0,3 core",ACTIVE|LOCK_STALL,6258.975505,6258.979505,cycles 131190075..131190078 (4 cyc)
"tile 0,3 core",ACTIVE|LOCK_STALL,6258.978505,6258.984505,cycles 131190078..131190083 (6 cyc)
"tile 0,3 core",ACTIVE|LOCK_STALL,6258.983505,6258.987505,cycles 131190083..131190086 (4 cyc)
"tile 0,3 core",ACTIVE|LOCK_STALL,6258.986505,6258.992505,cycles 131190086..131190091 (6 cyc)
"tile 0,3 core",ACTIVE|LOCK_STALL,6258.991505,6258.995505,cycles 131190091..131190094 (4 cyc)
"tile 0,3 core",ACTIVE|LOCK_STALL,6258.994505,6259.000505,cycles 131190094..131190099 (6 cyc)
"tile 0,3 core",ACTIVE|LOCK_STALL,6258.999505,6259.003505,cycles 131190099..131190102 (4 cyc)
"tile 0,3 core",ACTIVE|LOCK_STALL,6259.002505,6259.007505,cycles 131190102..131190106 (5 cyc)
"tile 0,3 core",ACTIVE|LOCK_STALL,6259.006505,6259.010505,cycles 131190106..131190109 (4 cyc)
"tile 0,3 core",ACTIVE|LOCK_STALL,6259.009505,6259.016505,cycles 131190109..131190115 (7 cyc)
"tile 0,3 core",ACTIVE|LOCK_STALL,6259.015505,6259.019505,cycles 131190115..131190118 (4 cyc)
"tile 0,3 core",ACTIVE|LOCK_STALL,6259.018505,6259.024505,cycles 131190118..131190123 (6 cyc)
"tile 0,3 core",ACTIVE|LOCK_STALL,6259.023505,6259.027505,cycles 131190123..131190126 (4 cyc)
"tile 0,3 core",ACTIVE|LOCK_STALL,6259.026505,6259.032505,cycles 131190126..131190131 (6 cyc)
"tile 0,3 core",ACTIVE|LOCK_STALL,6259.031505,6259.035505,cycles 131190131..131190134 (4 cyc)
"tile 0,3 core",ACTIVE|LOCK_STALL,6259.034505,6259.040504,cycles 131190134..131190139 (6 cyc)
"tile 0,3 core",ACTIVE|LOCK_STALL,6259.039504,6259.043504,cycles 131190139..131190142 (4 cyc)
"tile 0,3 core",ACTIVE|LOCK_STALL,6259.042504,6259.048504,cycles 131190142..131190147 (6 cyc)
"tile 0,3 core",ACTIVE|LOCK_STALL,6259.047504,6259.051504,cycles 131190147..131190150 (4 cyc)
"tile 0,3 core",ACTIVE|LOCK_STALL,6259.050504,6259.056504,cycles 131190150..131190155 (6 cyc)
"tile 0,3 core",ACTIVE|LOCK_STALL,6259.055504,6259.059504,cycles 131190155..131190158 (4 cyc)
"tile 0,3 core",ACTIVE|LOCK_STALL,6259.058504,6259.063504,cycles 131190158..131190162 (5 cyc)
"tile 0,3 core",ACTIVE|LOCK_STALL,6259.062504,6259.066504,cycles 131190162..131190165 (4 cyc)
"tile 0,3 core",ACTIVE|LOCK_STALL,6259.065504,6259.072504,cycles 131190165..131190171 (7 cyc)
"tile 0,3 core",ACTIVE|LOCK_STALL,6259.071504,6259.075504,cycles 131190171..131190174 (4 cyc)
"tile 0,3 core",ACTIVE|LOCK_STALL,6259.074504,6259.080504,cycles 131190174..131190179 (6 cyc)
"tile 0,3 core",ACTIVE|LOCK_STALL,6259.079504,6259.083504,cycles 131190179..131190182 (4 cyc)
"tile 0,3 core",ACTIVE|LOCK_STALL,6259.082504,6259.088504,cycles 131190182..131190187 (6 cyc)
"tile 0,3 core",ACTIVE|LOCK_STALL,6259.087504,6259.091504,cycles 131190187..131190190 (4 cyc)
"tile 0,3 core",ACTIVE|LOCK_STALL,6259.090504,6259.096504,cycles 131190190..131190195 (6 cyc)
"tile 0,3 core",ACTIVE|LOCK_STALL,6259.095504,6259.099504,cycles 131190195..131190198 (4 cyc)
"tile 0,3 core",ACTIVE|LOCK_STALL,6259.098504,6259.103504,cycles 131190198..131190202 (5 cyc)
"tile 0,3 core",ACTIVE|LOCK_STALL,6259.102504,6259.106503,cycles 131190202..131190205 (4 cyc)
"tile 0,3 core",ACTIVE|LOCK_STALL,6259.105503,6259.112503,cycles 131190205..131190211 (7 cyc)
"tile 0,3 core",ACTIVE|LOCK_STALL,6259.111503,6259.115503,cycles 131190211..131190214 (4 cyc)
"tile 0,3 core",ACTIVE|LOCK_STALL,6259.114503,6259.120503,cycles 131190214..131190219 (6 cyc)
"tile 0,3 core",ACTIVE|LOCK_STALL,6259.119503,6259.123503,cycles 131190219..131190222 (4 cyc)
"tile 0,3 core",ACTIVE|LOCK_STALL,6259.122503,6259.128503,cycles 131190222..131190227 (6 cyc)
"tile 0,3 core",ACTIVE|LOCK_STALL,6259.127503,6259.131503,cycles 131190227..131190230 (4 cyc)
"tile 0,3 core",ACTIVE|LOCK_STALL,6259.130503,6259.136503,cycles 131190230..131190235 (6 cyc)
"tile 0,3 core",ACTIVE|LOCK_STALL,6259.135503,6259.139503,cycles 131190235..131190238 (4 cyc)
"tile 0,3 core",ACTIVE|LOCK_STALL,6259.138503,6259.144503,cycles 131190238..131190243 (6 cyc)
"tile 0,3 core",ACTIVE|LOCK_STALL,6259.143503,6259.147503,cycles 131190243..131190246 (4 cyc)
"tile 0,3 core",ACTIVE|LOCK_STALL,6259.146503,6259.152503,cycles 131190246..131190251 (6 cyc)
"tile 0,3 core",ACTIVE|LOCK_STALL,6259.151503,6259.155503,cycles 131190251..131190254 (4 cyc)
"tile 0,3 core",ACTIVE|LOCK_STALL,6259.154503,6259.159503,cycles 131190254..131190258 (5 cyc)
"tile 0,3 core",ACTIVE|LOCK_STALL,6259.158503,6259.162503,cycles 131190258..131190261 (4 cyc)
"tile 0,3 core",ACTIVE|LOCK_STALL,6259.161503,6259.168503,cycles 131190261..131190267 (7 cyc)
"tile 0,3 core",ACTIVE|LOCK_STALL,6259.167503,6259.171502,cycles 131190267..131190270 (4 cyc)
"tile 0,3 core",ACTIVE|LOCK_STALL,6259.170503,6259.176502,cycles 131190270..131190275 (6 cyc)
"tile 0,3 core",ACTIVE|LOCK_STALL,6259.175502,6259.185502,cycles 131190275..131190284 (10 cyc)
"tile 0,3 core",ACTIVE|LOCK_STALL,6259.184502,6259.185502,cycles 131190284..131190284 (1 cyc)
"tile 0,3 core",ACTIVE|LOCK_STALL,6259.184502,6259.200502,cycles 131190284..131190299 (16 cyc)
"tile 0,3 core",ACTIVE|LOCK_STALL,6259.199502,6273.314291,cycles 131190299..131204413 (14115 cyc)
"tile 0,3 core",ACTIVE,6273.313291,6273.324291,cycles 131204413..131204423 (11 cyc)
"tile 0,3 core",ACTIVE|LOCK_STALL,6273.323291,6273.324291,cycles 131204423..131204423 (1 cyc)
"tile 0,3 core",ACTIVE,6273.323291,6273.374290,cycles 131204423..131204473 (51 cyc)
"tile 0,3 core",ACTIVE|LOCK_STALL,6273.373290,6273.374290,cycles 131204473..131204473 (1 cyc)
"tile 0,3 core",ACTIVE,6273.373290,6273.384290,cycles 131204473..131204483 (11 cyc)
"tile 0,3 core",ACTIVE|LOCK_STALL,6273.383290,6273.384290,cycles 131204483..131204483 (1 cyc)
"tile 0,3 core",ACTIVE,6273.383290,6273.391290,cycles 131204483..131204490 (8 cyc)
"tile 0,3 core",ACTIVE,6273.390290,6273.398290,cycles 131204490..131204497 (8 cyc)
"tile 0,3 core",ACTIVE,6273.397290,6273.431289,cycles 131204497..131204530 (34 cyc)
"tile 0,3 core",ACTIVE|LOCK_STALL,6273.430289,6273.620287,cycles 131204530..131204719 (190 cyc)
"tile 0,3 core",ACTIVE,6273.619287,6273.630287,cycles 131204719..131204729 (11 cyc)
"tile 0,3 core",ACTIVE|LOCK_STALL,6273.629287,6273.630287,cycles 131204729..131204729 (1 cyc)
"tile 0,3 core",ACTIVE,6273.629287,6273.680286,cycles 131204729..131204779 (51 cyc)
"tile 0,3 core",ACTIVE|LOCK_STALL,6273.679286,6273.680286,cycles 131204779..131204779 (1 cyc)
"tile 0,3 core",ACTIVE,6273.679286,6273.690286,cycles 131204779..131204789 (11 cyc)
"tile 0,3 core",ACTIVE|LOCK_STALL,6273.689286,6273.690286,cycles 131204789..131204789 (1 cyc)
"tile 0,3 core",ACTIVE,6273.689286,6273.739285,cycles 131204789..131204838 (50 cyc)
"tile 0,3 core",ACTIVE|LOCK_STALL,6273.738285,6273.776284,cycles 131204838..131204875 (38 cyc)
"tile 0,3 core",ACTIVE,6273.775284,6273.786284,cycles 131204875..131204885 (11 cyc)
"tile 0,3 core",ACTIVE|LOCK_STALL,6273.785284,6273.786284,cycles 131204885..131204885 (1 cyc)
"tile 0,3 core",ACTIVE,6273.785284,6273.836283,cycles 131204885..131204935 (51 cyc)
"tile 0,3 core",ACTIVE|LOCK_STALL,6273.835283,6290.661032,cycles 131204935..131221760 (16826 cyc)
"tile 0,3 core",ACTIVE|LOCK_STALL,6290.660032,6290.668032,cycles 131221760..131221767 (8 cyc)
"tile 0,3 core",ACTIVE|LOCK_STALL,6290.667032,6299.874894,cycles 131221767..131230974 (9208 cyc)
"tile 0,3 south slave 0",PORT_IDLE_0,5904.864795,5904.989793,cycles 130835959..130836083 (125 cyc)
"tile 0,3 south slave 0",PORT_IDLE_0,5904.988793,6163.001939,cycles 130836083..131094099 (258017 cyc)
"tile 0,3 south slave 0",PORT_RUNNING_0,6163.000939,6163.004939,cycles 131094099..131094102 (4 cyc)
"tile 0,3 south slave 0",PORT_IDLE_0,6163.003939,6163.009939,cycles 131094102..131094107 (6 cyc)
"tile 0,3 south slave 0",PORT_RUNNING_0,6163.008939,6163.012939,cycles 131094107..131094110 (4 cyc)
"tile 0,3 south slave 0",PORT_IDLE_0,6163.011939,6163.017939,cycles 131094110..131094115 (6 cyc)
"tile 0,3 south slave 0",PORT_RUNNING_0,6163.016939,6163.020939,cycles 131094115..131094118 (4 cyc)
"tile 0,3 south slave 0",PORT_IDLE_0,6163.019939,6163.025939,cycles 131094118..131094123 (6 cyc)
"tile 0,3 south slave 0",PORT_RUNNING_0,6163.024939,6163.028939,cycles 131094123..131094126 (4 cyc)
"tile 0,3 south slave 0",PORT_IDLE_0,6163.027939,6163.033939,cycles 131094126..131094131 (6 cyc)
"tile 0,3 south slave 0",PORT_RUNNING_0,6163.032939,6163.036939,cycles 131094131..131094134 (4 cyc)
"tile 0,3 south slave 0",PORT_IDLE_0,6163.035939,6163.041938,cycles 131094134..131094139 (6 cyc)
"tile 0,3 south slave 0",PORT_RUNNING_0,6163.040938,6163.044938,cycles 131094139..131094142 (4 cyc)
"tile 0,3 south slave 0",PORT_IDLE_0,6163.043938,6163.049938,cycles 131094142..131094147 (6 cyc)
"tile 0,3 south slave 0",PORT_RUNNING_0,6163.048938,6163.052938,cycles 131094147..131094150 (4 cyc)
"tile 0,3 south slave 0",PORT_IDLE_0,6163.051938,6163.057938,cycles 131094150..131094155 (6 cyc)
"tile 0,3 south slave 0",PORT_RUNNING_0,6163.056938,6163.060938,cycles 131094155..131094158 (4 cyc)
"tile 0,3 south slave 0",PORT_IDLE_0,6163.059938,6163.065938,cycles 131094158..131094163 (6 cyc)
"tile 0,3 south slave 0",PORT_RUNNING_0,6163.064938,6163.068938,cycles 131094163..131094166 (4 cyc)
"tile 0,3 south slave 0",PORT_IDLE_0,6163.067938,6163.073938,cycles 131094166..131094171 (6 cyc)
"tile 0,3 south slave 0",PORT_RUNNING_0,6163.072938,6163.076938,cycles 131094171..131094174 (4 cyc)
"tile 0,3 south slave 0",PORT_IDLE_0,6163.075938,6163.082938,cycles 131094174..131094180 (7 cyc)
"tile 0,3 south slave 0",PORT_RUNNING_0,6163.081938,6163.085938,cycles 131094180..131094183 (4 cyc)
"tile 0,3 south slave 0",PORT_IDLE_0,6163.084938,6163.089938,cycles 131094183..131094187 (5 cyc)
"tile 0,3 south slave 0",PORT_RUNNING_0,6163.088938,6163.092938,cycles 131094187..131094190 (4 cyc)
"tile 0,3 south slave 0",PORT_IDLE_0,6163.091938,6163.097938,cycles 131094190..131094195 (6 cyc)
"tile 0,3 south slave 0",PORT_RUNNING_0,6163.096938,6163.100938,cycles 131094195..131094198 (4 cyc)
"tile 0,3 south slave 0",PORT_IDLE_0,6163.099938,6163.105937,cycles 131094198..131094203 (6 cyc)
"tile 0,3 south slave 0",PORT_RUNNING_0,6163.104938,6163.108937,cycles 131094203..131094206 (4 cyc)
"tile 0,3 south slave 0",PORT_IDLE_0,6163.107937,6163.113937,cycles 131094206..131094211 (6 cyc)
"tile 0,3 south slave 0",PORT_RUNNING_0,6163.112937,6163.116937,cycles 131094211..131094214 (4 cyc)
"tile 0,3 south slave 0",PORT_IDLE_0,6163.115937,6163.121937,cycles 131094214..131094219 (6 cyc)
"tile 0,3 south slave 0",PORT_RUNNING_0,6163.120937,6163.124937,cycles 131094219..131094222 (4 cyc)
"tile 0,3 south slave 0",PORT_IDLE_0,6163.123937,6163.129937,cycles 131094222..131094227 (6 cyc)
"tile 0,3 south slave 0",PORT_RUNNING_0,6163.128937,6163.132937,cycles 131094227..131094230 (4 cyc)
"tile 0,3 south slave 0",PORT_IDLE_0,6163.131937,6163.137937,cycles 131094230..131094235 (6 cyc)
"tile 0,3 south slave 0",PORT_RUNNING_0,6163.136937,6163.140937,cycles 131094235..131094238 (4 cyc)
"tile 0,3 south slave 0",PORT_IDLE_0,6163.139937,6163.145937,cycles 131094238..131094243 (6 cyc)
"tile 0,3 south slave 0",PORT_RUNNING_0,6163.144937,6163.148937,cycles 131094243..131094246 (4 cyc)
"tile 0,3 south slave 0",PORT_IDLE_0,6163.147937,6163.153937,cycles 131094246..131094251 (6 cyc)
"tile 0,3 south slave 0",PORT_RUNNING_0,6163.152937,6163.156937,cycles 131094251..131094254 (4 cyc)
"tile 0,3 south slave 0",PORT_IDLE_0,6163.155937,6163.161937,cycles 131094254..131094259 (6 cyc)
"tile 0,3 south slave 0",PORT_RUNNING_0,6163.160937,6163.164937,cycles 131094259..131094262 (4 cyc)
"tile 0,3 south slave 0",PORT_IDLE_0,6163.163937,6163.169937,cycles 131094262..131094267 (6 cyc)
"tile 0,3 south slave 0",PORT_RUNNING_0,6163.168937,6163.172936,cycles 131094267..131094270 (4 cyc)
"tile 0,3 south slave 0",PORT_IDLE_0,6163.171936,6163.178936,cycles 131094270..131094276 (7 cyc)
"tile 0,3 south slave 0",PORT_RUNNING_0,6163.177936,6163.181936,cycles 131094276..131094279 (4 cyc)
"tile 0,3 south slave 0",PORT_IDLE_0,6163.180936,6163.185936,cycles 131094279..131094283 (5 cyc)
"tile 0,3 south slave 0",PORT_RUNNING_0,6163.184936,6163.188936,cycles 131094283..131094286 (4 cyc)
"tile 0,3 south slave 0",PORT_IDLE_0,6163.187936,6163.193936,cycles 131094286..131094291 (6 cyc)
"tile 0,3 south slave 0",PORT_RUNNING_0,6163.192936,6163.196936,cycles 131094291..131094294 (4 cyc)
"tile 0,3 south slave 0",PORT_IDLE_0,6163.195936,6163.201936,cycles 131094294..131094299 (6 cyc)
"tile 0,3 south slave 0",PORT_RUNNING_0,6163.200936,6163.204936,cycles 131094299..131094302 (4 cyc)
"tile 0,3 south slave 0",PORT_IDLE_0,6163.203936,6163.209936,cycles 131094302..131094307 (6 cyc)
"tile 0,3 south slave 0",PORT_RUNNING_0,6163.208936,6163.212936,cycles 131094307..131094310 (4 cyc)
"tile 0,3 south slave 0",PORT_IDLE_0,6163.211936,6163.217936,cycles 131094310..131094315 (6 cyc)
"tile 0,3 south slave 0",PORT_RUNNING_0,6163.216936,6163.220936,cycles 131094315..131094318 (4 cyc)
"tile 0,3 south slave 0",PORT_IDLE_0,6163.219936,6163.225936,cycles 131094318..131094323 (6 cyc)
"tile 0,3 south slave 0",PORT_RUNNING_0,6163.224936,6163.228936,cycles 131094323..131094326 (4 cyc)
"tile 0,3 south slave 0",PORT_IDLE_0,6163.227936,6163.233936,cycles 131094326..131094331 (6 cyc)
"tile 0,3 south slave 0",PORT_RUNNING_0,6163.232936,6163.234936,cycles 131094331..131094332 (2 cyc)
"tile 0,3 south slave 0",PORT_IDLE_0,6163.233936,6163.234936,cycles 131094332..131094332 (1 cyc)
"tile 0,3 south slave 0",PORT_RUNNING_0,6163.233936,6163.235936,cycles 131094332..131094333 (2 cyc)
"tile 0,3 south slave 0",PORT_IDLE_0,6163.234936,6163.239935,cycles 131094333..131094337 (5 cyc)
"tile 0,3 south slave 0",PORT_RUNNING_0,6163.238935,6163.242935,cycles 131094337..131094340 (4 cyc)
"tile 0,3 south slave 0",PORT_IDLE_0,6163.241935,6163.247935,cycles 131094340..131094345 (6 cyc)
"tile 0,3 south slave 0",PORT_RUNNING_0,6163.246935,6163.250935,cycles 131094345..131094348 (4 cyc)
"tile 0,3 south slave 0",PORT_IDLE_0,6163.249935,6163.255935,cycles 131094348..131094353 (6 cyc)
"tile 0,3 south slave 0",PORT_RUNNING_0,6163.254935,6163.258935,cycles 131094353..131094356 (4 cyc)
"tile 0,3 south slave 0",PORT_IDLE_0,6163.257935,6163.263935,cycles 131094356..131094361 (6 cyc)
"tile 0,3 south slave 0",PORT_RUNNING_0,6163.262935,6163.266935,cycles 131094361..131094364 (4 cyc)
"tile 0,3 south slave 0",PORT_IDLE_0,6163.265935,6163.272935,cycles 131094364..131094370 (7 cyc)
"tile 0,3 south slave 0",PORT_RUNNING_0,6163.271935,6163.275935,cycles 131094370..131094373 (4 cyc)
"tile 0,3 south slave 0",PORT_IDLE_0,6163.274935,6163.279935,cycles 131094373..131094377 (5 cyc)
"tile 0,3 south slave 0",PORT_RUNNING_0,6163.278935,6163.282935,cycles 131094377..131094380 (4 cyc)
"tile 0,3 south slave 0",PORT_IDLE_0,6163.281935,6163.287935,cycles 131094380..131094385 (6 cyc)
"tile 0,3 south slave 0",PORT_RUNNING_0,6163.286935,6163.290935,cycles 131094385..131094388 (4 cyc)
"tile 0,3 south slave 0",PORT_IDLE_0,6163.289935,6163.295935,cycles 131094388..131094393 (6 cyc)
"tile 0,3 south slave 0",PORT_RUNNING_0,6163.294935,6163.298935,cycles 131094393..131094396 (4 cyc)
"tile 0,3 south slave 0",PORT_IDLE_0,6163.297935,6163.303935,cycles 131094396..131094401 (6 cyc)
"tile 0,3 south slave 0",PORT_RUNNING_0,6163.302935,6163.306934,cycles 131094401..131094404 (4 cyc)
"tile 0,3 south slave 0",PORT_IDLE_0,6163.305934,6163.311934,cycles 131094404..131094409 (6 cyc)
"tile 0,3 south slave 0",PORT_RUNNING_0,6163.310934,6163.314934,cycles 131094409..131094412 (4 cyc)
"tile 0,3 south slave 0",PORT_IDLE_0,6163.313934,6163.319934,cycles 131094412..131094417 (6 cyc)
"tile 0,3 south slave 0",PORT_RUNNING_0,6163.318934,6163.322934,cycles 131094417..131094420 (4 cyc)
"tile 0,3 south slave 0",PORT_IDLE_0,6163.321934,6163.327934,cycles 131094420..131094425 (6 cyc)
"tile 0,3 south slave 0",PORT_RUNNING_0,6163.326934,6163.328934,cycles 131094425..131094426 (2 cyc)
"tile 0,3 south slave 0",PORT_IDLE_0,6163.327934,6163.328934,cycles 131094426..131094426 (1 cyc)
"tile 0,3 south slave 0",PORT_RUNNING_0,6163.327934,6163.329934,cycles 131094426..131094427 (2 cyc)
"tile 0,3 south slave 0",PORT_IDLE_0,6163.328934,6163.333934,cycles 131094427..131094431 (5 cyc)
"tile 0,3 south slave 0",PORT_RUNNING_0,6163.332934,6163.336934,cycles 131094431..131094434 (4 cyc)
"tile 0,3 south slave 0",PORT_IDLE_0,6163.335934,6163.341934,cycles 131094434..131094439 (6 cyc)
"tile 0,3 south slave 0",PORT_RUNNING_0,6163.340934,6163.344934,cycles 131094439..131094442 (4 cyc)
"tile 0,3 south slave 0",PORT_IDLE_0,6163.343934,6163.349934,cycles 131094442..131094447 (6 cyc)
"tile 0,3 south slave 0",PORT_RUNNING_0,6163.348934,6163.352934,cycles 131094447..131094450 (4 cyc)
"tile 0,3 south slave 0",PORT_IDLE_0,6163.351934,6163.357934,cycles 131094450..131094455 (6 cyc)
"tile 0,3 south slave 0",PORT_RUNNING_0,6163.356934,6163.358934,cycles 131094455..131094456 (2 cyc)
"tile 0,3 south slave 0",PORT_IDLE_0,6163.357934,6163.358934,cycles 131094456..131094456 (1 cyc)
"tile 0,3 south slave 0",PORT_RUNNING_0,6163.357934,6163.359934,cycles 131094456..131094457 (2 cyc)
"tile 0,3 south slave 0",PORT_IDLE_0,6163.358934,6163.365934,cycles 131094457..131094463 (7 cyc)
"tile 0,3 south slave 0",PORT_RUNNING_0,6163.364934,6163.368934,cycles 131094463..131094466 (4 cyc)
"tile 0,3 south slave 0",PORT_IDLE_0,6163.367934,6163.372933,cycles 131094466..131094470 (5 cyc)
"tile 0,3 south slave 0",PORT_RUNNING_0,6163.371934,6163.375933,cycles 131094470..131094473 (4 cyc)
"tile 0,3 south slave 0",PORT_IDLE_0,6163.374933,6163.380933,cycles 131094473..131094478 (6 cyc)
"tile 0,3 south slave 0",PORT_RUNNING_0,6163.379933,6163.381933,cycles 131094478..131094479 (2 cyc)
"tile 0,3 south slave 0",PORT_IDLE_0,6163.380933,6163.381933,cycles 131094479..131094479 (1 cyc)
"tile 0,3 south slave 0",PORT_RUNNING_0,6163.380933,6163.382933,cycles 131094479..131094480 (2 cyc)
"tile 0,3 south slave 0",PORT_IDLE_0,6163.381933,6163.386933,cycles 131094480..131094484 (5 cyc)
"tile 0,3 south slave 0",PORT_RUNNING_0,6163.385933,6163.389933,cycles 131094484..131094487 (4 cyc)
"tile 0,3 south slave 0",PORT_IDLE_0,6163.388933,6163.394933,cycles 131094487..131094492 (6 cyc)
"tile 0,3 south slave 0",PORT_RUNNING_0,6163.393933,6163.397933,cycles 131094492..131094495 (4 cyc)
"tile 0,3 south slave 0",PORT_IDLE_0,6163.396933,6163.401933,cycles 131094495..131094499 (5 cyc)
"tile 0,3 south slave 0",PORT_RUNNING_0,6163.400933,6163.404933,cycles 131094499..131094502 (4 cyc)
"tile 0,3 south slave 0",PORT_IDLE_0,6163.403933,6163.409933,cycles 131094502..131094507 (6 cyc)
"tile 0,3 south slave 0",PORT_RUNNING_0,6163.408933,6163.412933,cycles 131094507..131094510 (4 cyc)
"tile 0,3 south slave 0",PORT_IDLE_0,6163.411933,6163.417933,cycles 131094510..131094515 (6 cyc)
"tile 0,3 south slave 0",PORT_RUNNING_0,6163.416933,6163.418933,cycles 131094515..131094516 (2 cyc)
"tile 0,3 south slave 0",PORT_IDLE_0,6163.417933,6163.418933,cycles 131094516..131094516 (1 cyc)
"tile 0,3 south slave 0",PORT_RUNNING_0,6163.417933,6163.419933,cycles 131094516..131094517 (2 cyc)
"tile 0,3 south slave 0",PORT_IDLE_0,6163.418933,6163.423933,cycles 131094517..131094521 (5 cyc)
"tile 0,3 south slave 0",PORT_RUNNING_0,6163.422933,6163.426933,cycles 131094521..131094524 (4 cyc)
"tile 0,3 south slave 0",PORT_IDLE_0,6163.425933,6163.431933,cycles 131094524..131094529 (6 cyc)
"tile 0,3 south slave 0",PORT_RUNNING_0,6163.430933,6163.434933,cycles 131094529..131094532 (4 cyc)
"tile 0,3 south slave 0",PORT_IDLE_0,6163.433933,6163.439932,cycles 131094532..131094537 (6 cyc)
"tile 0,3 south slave 0",PORT_RUNNING_0,6163.438933,6163.442932,cycles 131094537..131094540 (4 cyc)
"tile 0,3 south slave 0",PORT_IDLE_0,6163.441932,6163.447932,cycles 131094540..131094545 (6 cyc)
"tile 0,3 south slave 0",PORT_RUNNING_0,6163.446932,6163.450932,cycles 131094545..131094548 (4 cyc)
"tile 0,3 south slave 0",PORT_IDLE_0,6163.449932,6163.456932,cycles 131094548..131094554 (7 cyc)
"tile 0,3 south slave 0",PORT_RUNNING_0,6163.455932,6163.459932,cycles 131094554..131094557 (4 cyc)
"tile 0,3 south slave 0",PORT_IDLE_0,6163.458932,6163.463932,cycles 131094557..131094561 (5 cyc)
"tile 0,3 south slave 0",PORT_RUNNING_0,6163.462932,6163.466932,cycles 131094561..131094564 (4 cyc)
"tile 0,3 south slave 0",PORT_IDLE_0,6163.465932,6163.471932,cycles 131094564..131094569 (6 cyc)
"tile 0,3 south slave 0",PORT_RUNNING_0,6163.470932,6163.474932,cycles 131094569..131094572 (4 cyc)
"tile 0,3 south slave 0",PORT_IDLE_0,6163.473932,6163.479932,cycles 131094572..131094577 (6 cyc)
"tile 0,3 south slave 0",PORT_RUNNING_0,6163.478932,6163.482932,cycles 131094577..131094580 (4 cyc)
"tile 0,3 south slave 0",PORT_IDLE_0,6163.481932,6163.487932,cycles 131094580..131094585 (6 cyc)
"tile 0,3 south slave 0",PORT_RUNNING_0,6163.486932,6163.490932,cycles 131094585..131094588 (4 cyc)
"tile 0,3 south slave 0",PORT_IDLE_0,6163.489932,6163.495932,cycles 131094588..131094593 (6 cyc)
"tile 0,3 south slave 0",PORT_RUNNING_0,6163.494932,6163.504932,cycles 131094593..131094602 (10 cyc)
"tile 0,3 south slave 0",PORT_STALLED_0,6163.503932,6163.504932,cycles 131094602..131094602 (1 cyc)
"tile 0,3 south slave 0",PORT_RUNNING_0,6163.503932,6163.519931,cycles 131094602..131094617 (16 cyc)
"tile 0,3 south slave 0",PORT_STALLED_0,6163.518931,6177.635720,cycles 131094617..131108733 (14117 cyc)
"tile 0,3 south slave 0",PORT_STALLED_0,6177.634720,6177.645720,cycles 131108733..131108743 (11 cyc)
"tile 0,3 south slave 0",PORT_STALLED_0,6177.644720,6177.645720,cycles 131108743..131108743 (1 cyc)
"tile 0,3 south slave 0",PORT_STALLED_0,6177.644720,6177.695720,cycles 131108743..131108793 (51 cyc)
"tile 0,3 south slave 0",PORT_STALLED_0,6177.694720,6177.695720,cycles 131108793..131108793 (1 cyc)
"tile 0,3 south slave 0",PORT_STALLED_0,6177.694720,6177.705719,cycles 131108793..131108803 (11 cyc)
"tile 0,3 south slave 0",PORT_STALLED_0,6177.704719,6177.705719,cycles 131108803..131108803 (1 cyc)
"tile 0,3 south slave 0",PORT_STALLED_0,6177.704719,6177.711719,cycles 131108803..131108809 (7 cyc)
"tile 0,3 south slave 0",PORT_RUNNING_0,6177.710719,6177.718719,cycles 131108809..131108816 (8 cyc)
"tile 0,3 south slave 0",PORT_STALLED_0,6177.717719,6177.752719,cycles 131108816..131108850 (35 cyc)
"tile 0,3 south slave 0",PORT_STALLED_0,6177.751719,6178.046714,cycles 131108850..131109144 (295 cyc)
"tile 0,3 south slave 0",PORT_STALLED_0,6178.045714,6178.056714,cycles 131109144..131109154 (11 cyc)
"tile 0,3 south slave 0",PORT_STALLED_0,6178.055714,6178.056714,cycles 131109154..131109154 (1 cyc)
"tile 0,3 south slave 0",PORT_STALLED_0,6178.055714,6178.106713,cycles 131109154..131109204 (51 cyc)
"tile 0,3 south slave 0",PORT_STALLED_0,6178.105713,6178.106713,cycles 131109204..131109204 (1 cyc)
"tile 0,3 south slave 0",PORT_STALLED_0,6178.105713,6178.116713,cycles 131109204..131109214 (11 cyc)
"tile 0,3 south slave 0",PORT_STALLED_0,6178.115713,6178.116713,cycles 131109214..131109214 (1 cyc)
"tile 0,3 south slave 0",PORT_STALLED_0,6178.115713,6178.165713,cycles 131109214..131109263 (50 cyc)
"tile 0,3 south slave 0",PORT_STALLED_0,6178.164713,6178.168712,cycles 131109263..131109266 (4 cyc)
"tile 0,3 south slave 0",PORT_STALLED_0,6178.167712,6178.178712,cycles 131109266..131109276 (11 cyc)
"tile 0,3 south slave 0",PORT_STALLED_0,6178.177712,6178.178712,cycles 131109276..131109276 (1 cyc)
"tile 0,3 south slave 0",PORT_STALLED_0,6178.177712,6178.228712,cycles 131109276..131109326 (51 cyc)
"tile 0,3 south slave 0",PORT_STALLED_0,6178.227712,6194.977461,cycles 131109326..131126075 (16750 cyc)
"tile 0,3 south slave 0",PORT_RUNNING_0,6194.976461,6194.984461,cycles 131126075..131126082 (8 cyc)
"tile 0,3 south slave 0",PORT_STALLED_0,6194.983461,6212.188204,cycles 131126082..131143286 (17205 cyc)
"tile 0,3 south slave 0",PORT_RUNNING_0,6212.187204,6212.195204,cycles 131143286..131143293 (8 cyc)
"tile 0,3 south slave 0",PORT_STALLED_0,6212.194204,6229.536945,cycles 131143293..131160635 (17343 cyc)
"tile 0,3 south slave 0",PORT_RUNNING_0,6229.535945,6229.623944,cycles 131160635..131160722 (88 cyc)
"tile 0,3 south slave 0",PORT_STALLED_0,6229.622944,6229.623944,cycles 131160722..131160722 (1 cyc)
"tile 0,3 south slave 0",PORT_RUNNING_0,6229.622944,6229.626944,cycles 131160722..131160725 (4 cyc)
"tile 0,3 south slave 0",PORT_RUNNING_0,6229.625944,6229.636944,cycles 131160725..131160735 (11 cyc)
"tile 0,3 south slave 0",PORT_RUNNING_0,6229.635944,6229.636944,cycles 131160735..131160735 (1 cyc)
"tile 0,3 south slave 0",PORT_RUNNING_0,6229.635944,6229.659943,cycles 131160735..131160758 (24 cyc)
"tile 0,3 south slave 0",PORT_STALLED_0,6229.658943,6229.684943,cycles 131160758..131160783 (26 cyc)
"tile 0,3 south slave 0",PORT_STALLED_0,6229.683943,6229.684943,cycles 131160783..131160783 (1 cyc)
"tile 0,3 south slave 0",PORT_STALLED_0,6229.683943,6229.694943,cycles 131160783..131160793 (11 cyc)
"tile 0,3 south slave 0",PORT_STALLED_0,6229.693943,6229.694943,cycles 131160793..131160793 (1 cyc)
"tile 0,3 south slave 0",PORT_STALLED_0,6229.693943,6229.744942,cycles 131160793..131160843 (51 cyc)
"tile 0,3 south slave 0",PORT_STALLED_0,6229.743942,6229.843941,cycles 131160843..131160942 (100 cyc)
"tile 0,3 south slave 0",PORT_RUNNING_0,6229.842941,6229.930939,cycles 131160942..131161029 (88 cyc)
"tile 0,3 south slave 0",PORT_STALLED_0,6229.929939,6229.930939,cycles 131161029..131161029 (1 cyc)
"tile 0,3 south slave 0",PORT_RUNNING_0,6229.929939,6229.933939,cycles 131161029..131161032 (4 cyc)
"tile 0,3 south slave 0",PORT_RUNNING_0,6229.932939,6229.943939,cycles 131161032..131161042 (11 cyc)
"tile 0,3 south slave 0",PORT_RUNNING_0,6229.942939,6229.943939,cycles 131161042..131161042 (1 cyc)
"tile 0,3 south slave 0",PORT_RUNNING_0,6229.942939,6229.966939,cycles 131161042..131161065 (24 cyc)
"tile 0,3 south slave 0",PORT_STALLED_0,6229.965939,6229.991938,cycles 131161065..131161090 (26 cyc)
"tile 0,3 south slave 0",PORT_STALLED_0,6229.990938,6229.991938,cycles 131161090..131161090 (1 cyc)
"tile 0,3 south slave 0",PORT_STALLED_0,6229.990938,6229.997938,cycles 131161090..131161096 (7 cyc)
"tile 0,3 south slave 0",PORT_RUNNING_0,6229.996938,6230.000938,cycles 131161096..131161099 (4 cyc)
"tile 0,3 south slave 0",PORT_RUNNING_0,6229.999938,6230.000938,cycles 131161099..131161099 (1 cyc)
"tile 0,3 south slave 0",PORT_RUNNING_0,6229.999938,6230.051937,cycles 131161099..131161150 (52 cyc)
"tile 0,3 south slave 0",PORT_RUNNING_0,6230.050937,6230.051937,cycles 131161150..131161150 (1 cyc)
"tile 0,3 south slave 0",PORT_RUNNING_0,6230.050937,6230.061937,cycles 131161150..131161160 (11 cyc)
"tile 0,3 south slave 0",PORT_RUNNING_0,6230.060937,6230.061937,cycles 131161160..131161160 (1 cyc)
"tile 0,3 south slave 0",PORT_RUNNING_0,6230.060937,6230.078937,cycles 131161160..131161177 (18 cyc)
"tile 0,3 south slave 0",PORT_STALLED_0,6230.077937,6230.078937,cycles 131161177..131161177 (1 cyc)
"tile 0,3 south slave 0",PORT_RUNNING_0,6230.077937,6230.109937,cycles 131161177..131161208 (32 cyc)
"tile 0,3 south slave 0",PORT_RUNNING_0,6230.108937,6230.109937,cycles 131161208..131161208 (1 cyc)
"tile 0,3 south slave 0",PORT_RUNNING_0,6230.108937,6230.115937,cycles 131161208..131161214 (7 cyc)
"tile 0,3 south slave 0",PORT_STALLED_0,6230.114937,6230.118936,cycles 131161214..131161217 (4 cyc)
"tile 0,3 south slave 0",PORT_STALLED_0,6230.117936,6230.118936,cycles 131161217..131161217 (1 cyc)
"tile 0,3 south slave 0",PORT_STALLED_0,6230.117936,6230.167936,cycles 131161217..131161266 (50 cyc)
"tile 0,3 south slave 0",PORT_STALLED_0,6230.166936,6230.167936,cycles 131161266..131161266 (1 cyc)
"tile 0,3 south slave 0",PORT_STALLED_0,6230.166936,6230.177936,cycles 131161266..131161276 (11 cyc)
"tile 0,3 south slave 0",PORT_STALLED_0,6230.176936,6230.177936,cycles 131161276..131161276 (1 cyc)
"tile 0,3 south slave 0",PORT_STALLED_0,6230.176936,6230.227935,cycles 131161276..131161326 (51 cyc)
"tile 0,3 south slave 0",PORT_STALLED_0,6230.226935,6230.801926,cycles 131161326..131161900 (575 cyc)
"tile 0,3 south slave 0",PORT_RUNNING_0,6230.800926,6230.888925,cycles 131161900..131161987 (88 cyc)
"tile 0,3 south slave 0",PORT_STALLED_0,6230.887925,6230.888925,cycles 131161987..131161987 (1 cyc)
"tile 0,3 south slave 0",PORT_RUNNING_0,6230.887925,6230.891925,cycles 131161987..131161990 (4 cyc)
"tile 0,3 south slave 0",PORT_RUNNING_0,6230.890925,6230.901925,cycles 131161990..131162000 (11 cyc)
"tile 0,3 south slave 0",PORT_RUNNING_0,6230.900925,6230.901925,cycles 131162000..131162000 (1 cyc)
"tile 0,3 south slave 0",PORT_RUNNING_0,6230.900925,6230.924924,cycles 131162000..131162023 (24 cyc)
"tile 0,3 south slave 0",PORT_STALLED_0,6230.923924,6230.949924,cycles 131162023..131162048 (26 cyc)
"tile 0,3 south slave 0",PORT_STALLED_0,6230.948924,6230.949924,cycles 131162048..131162048 (1 cyc)
"tile 0,3 south slave 0",PORT_STALLED_0,6230.948924,6230.959924,cycles 131162048..131162058 (11 cyc)
"tile 0,3 south slave 0",PORT_STALLED_0,6230.958924,6230.959924,cycles 131162058..131162058 (1 cyc)
"tile 0,3 south slave 0",PORT_STALLED_0,6230.958924,6231.009923,cycles 131162058..131162108 (51 cyc)
"tile 0,3 south slave 0",PORT_STALLED_0,6231.008923,6232.416902,cycles 131162108..131163515 (1408 cyc)
"tile 0,3 south slave 0",PORT_RUNNING_0,6232.415902,6232.503901,cycles 131163515..131163602 (88 cyc)
"tile 0,3 south slave 0",PORT_STALLED_0,6232.502901,6232.503901,cycles 131163602..131163602 (1 cyc)
"tile 0,3 south slave 0",PORT_RUNNING_0,6232.502901,6232.506901,cycles 131163602..131163605 (4 cyc)
"tile 0,3 south slave 0",PORT_RUNNING_0,6232.505901,6232.516901,cycles 131163605..131163615 (11 cyc)
"tile 0,3 south slave 0",PORT_RUNNING_0,6232.515901,6232.516901,cycles 131163615..131163615 (1 cyc)
"tile 0,3 south slave 0",PORT_RUNNING_0,6232.515901,6232.539900,cycles 131163615..131163638 (24 cyc)
"tile 0,3 south slave 0",PORT_STALLED_0,6232.538900,6232.564900,cycles 131163638..131163663 (26 cyc)
"tile 0,3 south slave 0",PORT_STALLED_0,6232.563900,6232.564900,cycles 131163663..131163663 (1 cyc)
"tile 0,3 south slave 0",PORT_STALLED_0,6232.563900,6232.574900,cycles 131163663..131163673 (11 cyc)
"tile 0,3 south slave 0",PORT_STALLED_0,6232.573900,6232.574900,cycles 131163673..131163673 (1 cyc)
"tile 0,3 south slave 0",PORT_STALLED_0,6232.573900,6232.624899,cycles 131163673..131163723 (51 cyc)
"tile 0,3 south slave 0",PORT_STALLED_0,6232.623899,6233.203890,cycles 131163723..131164302 (580 cyc)
"tile 0,3 south slave 0",PORT_RUNNING_0,6233.202890,6233.290889,cycles 131164302..131164389 (88 cyc)
"tile 0,3 south slave 0",PORT_STALLED_0,6233.289889,6233.290889,cycles 131164389..131164389 (1 cyc)
"tile 0,3 south slave 0",PORT_RUNNING_0,6233.289889,6233.293889,cycles 131164389..131164392 (4 cyc)
"tile 0,3 south slave 0",PORT_RUNNING_0,6233.292889,6233.303889,cycles 131164392..131164402 (11 cyc)
"tile 0,3 south slave 0",PORT_RUNNING_0,6233.302889,6233.303889,cycles 131164402..131164402 (1 cyc)
"tile 0,3 south slave 0",PORT_RUNNING_0,6233.302889,6233.326889,cycles 131164402..131164425 (24 cyc)
"tile 0,3 south slave 0",PORT_STALLED_0,6233.325889,6233.351888,cycles 131164425..131164450 (26 cyc)
"tile 0,3 south slave 0",PORT_STALLED_0,6233.350888,6233.351888,cycles 131164450..131164450 (1 cyc)
"tile 0,3 south slave 0",PORT_STALLED_0,6233.350888,6233.361888,cycles 131164450..131164460 (11 cyc)
"tile 0,3 south slave 0",PORT_STALLED_0,6233.360888,6233.361888,cycles 131164460..131164460 (1 cyc)
"tile 0,3 south slave 0",PORT_STALLED_0,6233.360888,6233.412887,cycles 131164460..131164511 (52 cyc)
"tile 0,3 south slave 0",PORT_STALLED_0,6233.411887,6233.412887,cycles 131164511..131164511 (1 cyc)
"tile 0,3 south slave 0",PORT_STALLED_0,6233.411887,6233.422887,cycles 131164511..131164521 (11 cyc)
"tile 0,3 south slave 0",PORT_STALLED_0,6233.421887,6233.422887,cycles 131164521..131164521 (1 cyc)
"tile 0,3 south slave 0",PORT_STALLED_0,6233.421887,6233.472886,cycles 131164521..131164571 (51 cyc)
"tile 0,3 south slave 0",PORT_STALLED_0,6233.471886,6233.977879,cycles 131164571..131165076 (506 cyc)
"tile 0,3 south slave 0",PORT_RUNNING_0,6233.976879,6234.064878,cycles 131165076..131165163 (88 cyc)
"tile 0,3 south slave 0",PORT_STALLED_0,6234.063878,6234.064878,cycles 131165163..131165163 (1 cyc)
"tile 0,3 south slave 0",PORT_RUNNING_0,6234.063878,6234.067877,cycles 131165163..131165166 (4 cyc)
"tile 0,3 south slave 0",PORT_RUNNING_0,6234.066877,6234.077877,cycles 131165166..131165176 (11 cyc)
"tile 0,3 south slave 0",PORT_RUNNING_0,6234.076877,6234.077877,cycles 131165176..131165176 (1 cyc)
"tile 0,3 south slave 0",PORT_RUNNING_0,6234.076877,6234.100877,cycles 131165176..131165199 (24 cyc)
"tile 0,3 south slave 0",PORT_STALLED_0,6234.099877,6234.125877,cycles 131165199..131165224 (26 cyc)
"tile 0,3 south slave 0",PORT_STALLED_0,6234.124877,6234.125877,cycles 131165224..131165224 (1 cyc)
"tile 0,3 south slave 0",PORT_STALLED_0,6234.124877,6234.135876,cycles 131165224..131165234 (11 cyc)
"tile 0,3 south slave 0",PORT_STALLED_0,6234.134876,6234.135876,cycles 131165234..131165234 (1 cyc)
"tile 0,3 south slave 0",PORT_STALLED_0,6234.134876,6234.185876,cycles 131165234..131165284 (51 cyc)
"tile 0,3 south slave 0",PORT_STALLED_0,6234.184876,6236.033848,cycles 131165284..131167132 (1849 cyc)
"tile 0,3 south slave 0",PORT_RUNNING_0,6236.032848,6236.120847,cycles 131167132..131167219 (88 cyc)
"tile 0,3 south slave 0",PORT_STALLED_0,6236.119847,6236.120847,cycles 131167219..131167219 (1 cyc)
"tile 0,3 south slave 0",PORT_RUNNING_0,6236.119847,6236.123847,cycles 131167219..131167222 (4 cyc)
"tile 0,3 south slave 0",PORT_RUNNING_0,6236.122847,6236.133847,cycles 131167222..131167232 (11 cyc)
"tile 0,3 south slave 0",PORT_RUNNING_0,6236.132847,6236.133847,cycles 131167232..131167232 (1 cyc)
"tile 0,3 south slave 0",PORT_RUNNING_0,6236.132847,6236.156846,cycles 131167232..131167255 (24 cyc)
"tile 0,3 south slave 0",PORT_STALLED_0,6236.155846,6236.181846,cycles 131167255..131167280 (26 cyc)
"tile 0,3 south slave 0",PORT_STALLED_0,6236.180846,6236.181846,cycles 131167280..131167280 (1 cyc)
"tile 0,3 south slave 0",PORT_STALLED_0,6236.180846,6236.191846,cycles 131167280..131167290 (11 cyc)
"tile 0,3 south slave 0",PORT_STALLED_0,6236.190846,6236.191846,cycles 131167290..131167290 (1 cyc)
"tile 0,3 south slave 0",PORT_STALLED_0,6236.190846,6236.241845,cycles 131167290..131167340 (51 cyc)
"tile 0,3 south slave 0",PORT_STALLED_0,6236.240845,6237.335829,cycles 131167340..131168434 (1095 cyc)
"tile 0,3 south slave 0",PORT_RUNNING_0,6237.334829,6237.422827,cycles 131168434..131168521 (88 cyc)
"tile 0,3 south slave 0",PORT_STALLED_0,6237.421827,6237.422827,cycles 131168521..131168521 (1 cyc)
"tile 0,3 south slave 0",PORT_RUNNING_0,6237.421827,6237.426827,cycles 131168521..131168525 (5 cyc)
"tile 0,3 south slave 0",PORT_RUNNING_0,6237.425827,6237.436827,cycles 131168525..131168535 (11 cyc)
"tile 0,3 south slave 0",PORT_RUNNING_0,6237.435827,6237.436827,cycles 131168535..131168535 (1 cyc)
"tile 0,3 south slave 0",PORT_RUNNING_0,6237.435827,6237.458827,cycles 131168535..131168557 (23 cyc)
"tile 0,3 south slave 0",PORT_STALLED_0,6237.457827,6237.484826,cycles 131168557..131168583 (27 cyc)
"tile 0,3 south slave 0",PORT_STALLED_0,6237.483826,6237.484826,cycles 131168583..131168583 (1 cyc)
"tile 0,3 south slave 0",PORT_STALLED_0,6237.483826,6237.494826,cycles 131168583..131168593 (11 cyc)
"tile 0,3 south slave 0",PORT_STALLED_0,6237.493826,6237.494826,cycles 131168593..131168593 (1 cyc)
"tile 0,3 south slave 0",PORT_STALLED_0,6237.493826,6237.544826,cycles 131168593..131168643 (51 cyc)
"tile 0,3 south slave 0",PORT_STALLED_0,6237.543826,6238.416813,cycles 131168643..131169515 (873 cyc)
"tile 0,3 south slave 0",PORT_RUNNING_0,6238.415813,6238.503811,cycles 131169515..131169602 (88 cyc)
"tile 0,3 south slave 0",PORT_STALLED_0,6238.502811,6238.503811,cycles 131169602..131169602 (1 cyc)
"tile 0,3 south slave 0",PORT_RUNNING_0,6238.502811,6238.507811,cycles 131169602..131169606 (5 cyc)
"tile 0,3 south slave 0",PORT_RUNNING_0,6238.506811,6238.517811,cycles 131169606..131169616 (11 cyc)
"tile 0,3 south slave 0",PORT_RUNNING_0,6238.516811,6238.517811,cycles 131169616..131169616 (1 cyc)
"tile 0,3 south slave 0",PORT_RUNNING_0,6238.516811,6238.539811,cycles 131169616..131169638 (23 cyc)
"tile 0,3 south slave 0",PORT_STALLED_0,6238.538811,6238.565810,cycles 131169638..131169664 (27 cyc)
"tile 0,3 south slave 0",PORT_STALLED_0,6238.564810,6238.565810,cycles 131169664..131169664 (1 cyc)
"tile 0,3 south slave 0",PORT_STALLED_0,6238.564810,6238.575810,cycles 131169664..131169674 (11 cyc)
"tile 0,3 south slave 0",PORT_STALLED_0,6238.574810,6238.575810,cycles 131169674..131169674 (1 cyc)
"tile 0,3 south slave 0",PORT_STALLED_0,6238.574810,6238.626809,cycles 131169674..131169725 (52 cyc)
"tile 0,3 south slave 0",PORT_STALLED_0,6238.625809,6238.626809,cycles 131169725..131169725 (1 cyc)
"tile 0,3 south slave 0",PORT_STALLED_0,6238.625809,6238.636809,cycles 131169725..131169735 (11 cyc)
"tile 0,3 south slave 0",PORT_STALLED_0,6238.635809,6238.636809,cycles 131169735..131169735 (1 cyc)
"tile 0,3 south slave 0",PORT_STALLED_0,6238.635809,6238.686808,cycles 131169735..131169785 (51 cyc)
"tile 0,3 south slave 0",PORT_STALLED_0,6238.685808,6238.740808,cycles 131169785..131169839 (55 cyc)
"tile 0,3 south slave 0",PORT_RUNNING_0,6238.739808,6238.827806,cycles 131169839..131169926 (88 cyc)
"tile 0,3 south slave 0",PORT_STALLED_0,6238.826806,6238.827806,cycles 131169926..131169926 (1 cyc)
"tile 0,3 south slave 0",PORT_RUNNING_0,6238.826806,6238.830806,cycles 131169926..131169929 (4 cyc)
"tile 0,3 south slave 0",PORT_RUNNING_0,6238.829806,6238.840806,cycles 131169929..131169939 (11 cyc)
"tile 0,3 south slave 0",PORT_RUNNING_0,6238.839806,6238.840806,cycles 131169939..131169939 (1 cyc)
"tile 0,3 south slave 0",PORT_RUNNING_0,6238.839806,6238.863806,cycles 131169939..131169962 (24 cyc)
"tile 0,3 south slave 0",PORT_STALLED_0,6238.862806,6238.863806,cycles 131169962..131169962 (1 cyc)
"tile 0,3 south slave 0",PORT_RUNNING_0,6238.862806,6238.887805,cycles 131169962..131169986 (25 cyc)
"tile 0,3 south slave 0",PORT_RUNNING_0,6238.886805,6238.887805,cycles 131169986..131169986 (1 cyc)
"tile 0,3 south slave 0",PORT_RUNNING_0,6238.886805,6238.897805,cycles 131169986..131169996 (11 cyc)
"tile 0,3 south slave 0",PORT_RUNNING_0,6238.896805,6238.897805,cycles 131169996..131169996 (1 cyc)
"tile 0,3 south slave 0",PORT_RUNNING_0,6238.896805,6238.946805,cycles 131169996..131170045 (50 cyc)
"tile 0,3 south slave 0",PORT_STALLED_0,6238.945805,6238.946805,cycles 131170045..131170045 (1 cyc)
"tile 0,3 south slave 0",PORT_RUNNING_0,6238.945805,6238.949805,cycles 131170045..131170048 (4 cyc)
"tile 0,3 south slave 0",PORT_RUNNING_0,6238.948805,6238.959804,cycles 131170048..131170058 (11 cyc)
"tile 0,3 south slave 0",PORT_RUNNING_0,6238.958804,6238.959804,cycles 131170058..131170058 (1 cyc)
"tile 0,3 south slave 0",PORT_RUNNING_0,6238.958804,6238.982804,cycles 131170058..131170081 (24 cyc)
"tile 0,3 south slave 0",PORT_STALLED_0,6238.981804,6239.007804,cycles 131170081..131170106 (26 cyc)
"tile 0,3 south slave 0",PORT_STALLED_0,6239.006804,6239.007804,cycles 131170106..131170106 (1 cyc)
"tile 0,3 south slave 0",PORT_STALLED_0,6239.006804,6239.017804,cycles 131170106..131170116 (11 cyc)
"tile 0,3 south slave 0",PORT_STALLED_0,6239.016804,6239.017804,cycles 131170116..131170116 (1 cyc)
"tile 0,3 south slave 0",PORT_STALLED_0,6239.016804,6239.040803,cycles 131170116..131170139 (24 cyc)
"tile 0,3 south slave 0",PORT_RUNNING_0,6239.039803,6239.066803,cycles 131170139..131170165 (27 cyc)
"tile 0,3 south slave 0",PORT_RUNNING_0,6239.065803,6239.126802,cycles 131170165..131170225 (61 cyc)
"tile 0,3 south slave 0",PORT_STALLED_0,6239.125802,6239.126802,cycles 131170225..131170225 (1 cyc)
"tile 0,3 south slave 0",PORT_RUNNING_0,6239.125802,6239.130802,cycles 131170225..131170229 (5 cyc)
"tile 0,3 south slave 0",PORT_RUNNING_0,6239.129802,6239.140802,cycles 131170229..131170239 (11 cyc)
"tile 0,3 south slave 0",PORT_RUNNING_0,6239.139802,6239.140802,cycles 131170239..131170239 (1 cyc)
"tile 0,3 south slave 0",PORT_RUNNING_0,6239.139802,6239.162801,cycles 131170239..131170261 (23 cyc)
"tile 0,3 south slave 0",PORT_STALLED_0,6239.161801,6239.188801,cycles 131170261..131170287 (27 cyc)
"tile 0,3 south slave 0",PORT_STALLED_0,6239.187801,6239.188801,cycles 131170287..131170287 (1 cyc)
"tile 0,3 south slave 0",PORT_STALLED_0,6239.187801,6239.198801,cycles 131170287..131170297 (11 cyc)
"tile 0,3 south slave 0",PORT_STALLED_0,6239.197801,6239.198801,cycles 131170297..131170297 (1 cyc)
"tile 0,3 south slave 0",PORT_STALLED_0,6239.197801,6239.248800,cycles 131170297..131170347 (51 cyc)
"tile 0,3 south slave 0",PORT_STALLED_0,6239.247800,6239.333799,cycles 131170347..131170432 (86 cyc)
"tile 0,3 south slave 0",PORT_RUNNING_0,6239.332799,6239.414798,cycles 131170432..131170513 (82 cyc)
"tile 0,3 south slave 0",PORT_IDLE_0,6239.413798,6239.424797,cycles 131170513..131170523 (11 cyc)
"tile 0,3 south slave 0",PORT_IDLE_0,6239.423797,6239.434797,cycles 131170523..131170533 (11 cyc)
"tile 0,3 south slave 0",PORT_IDLE_0,6239.433797,6239.434797,cycles 131170533..131170533 (1 cyc)
"tile 0,3 south slave 0",PORT_IDLE_0,6239.433797,6239.483797,cycles 131170533..131170582 (50 cyc)
"tile 0,3 south slave 0",PORT_IDLE_0,6239.482797,6239.483797,cycles 131170582..131170582 (1 cyc)
"tile 0,3 south slave 0",PORT_IDLE_0,6239.482797,6239.493796,cycles 131170582..131170592 (11 cyc)
"tile 0,3 south slave 0",PORT_IDLE_0,6239.492796,6239.493796,cycles 131170592..131170592 (1 cyc)
"tile 0,3 south slave 0",PORT_IDLE_0,6239.492796,6239.544796,cycles 131170592..131170643 (52 cyc)
"tile 0,3 south slave 0",PORT_IDLE_0,6239.543796,6258.669510,cycles 131170643..131189768 (19126 cyc)
"tile 0,3 south slave 0",PORT_RUNNING_0,6258.668510,6258.672510,cycles 131189768..131189771 (4 cyc)
"tile 0,3 south slave 0",PORT_IDLE_0,6258.671510,6258.677510,cycles 131189771..131189776 (6 cyc)
"tile 0,3 south slave 0",PORT_RUNNING_0,6258.676510,6258.680510,cycles 131189776..131189779 (4 cyc)
"tile 0,3 south slave 0",PORT_IDLE_0,6258.679510,6258.686510,cycles 131189779..131189785 (7 cyc)
"tile 0,3 south slave 0",PORT_RUNNING_0,6258.685510,6258.689510,cycles 131189785..131189788 (4 cyc)
"tile 0,3 south slave 0",PORT_IDLE_0,6258.688510,6258.693510,cycles 131189788..131189792 (5 cyc)
"tile 0,3 south slave 0",PORT_RUNNING_0,6258.692510,6258.696510,cycles 131189792..131189795 (4 cyc)
"tile 0,3 south slave 0",PORT_IDLE_0,6258.695510,6258.702509,cycles 131189795..131189801 (7 cyc)
"tile 0,3 south slave 0",PORT_RUNNING_0,6258.701510,6258.705509,cycles 131189801..131189804 (4 cyc)
"tile 0,3 south slave 0",PORT_IDLE_0,6258.704509,6258.709509,cycles 131189804..131189808 (5 cyc)
"tile 0,3 south slave 0",PORT_RUNNING_0,6258.708509,6258.712509,cycles 131189808..131189811 (4 cyc)
"tile 0,3 south slave 0",PORT_IDLE_0,6258.711509,6258.717509,cycles 131189811..131189816 (6 cyc)
"tile 0,3 south slave 0",PORT_RUNNING_0,6258.716509,6258.720509,cycles 131189816..131189819 (4 cyc)
"tile 0,3 south slave 0",PORT_IDLE_0,6258.719509,6258.726509,cycles 131189819..131189825 (7 cyc)
"tile 0,3 south slave 0",PORT_RUNNING_0,6258.725509,6258.729509,cycles 131189825..131189828 (4 cyc)
"tile 0,3 south slave 0",PORT_IDLE_0,6258.728509,6258.733509,cycles 131189828..131189832 (5 cyc)
"tile 0,3 south slave 0",PORT_RUNNING_0,6258.732509,6258.736509,cycles 131189832..131189835 (4 cyc)
"tile 0,3 south slave 0",PORT_IDLE_0,6258.735509,6258.742509,cycles 131189835..131189841 (7 cyc)
"tile 0,3 south slave 0",PORT_RUNNING_0,6258.741509,6258.745509,cycles 131189841..131189844 (4 cyc)
"tile 0,3 south slave 0",PORT_IDLE_0,6258.744509,6258.749509,cycles 131189844..131189848 (5 cyc)
"tile 0,3 south slave 0",PORT_RUNNING_0,6258.748509,6258.752509,cycles 131189848..131189851 (4 cyc)
"tile 0,3 south slave 0",PORT_IDLE_0,6258.751509,6258.760509,cycles 131189851..131189859 (9 cyc)
"tile 0,3 south slave 0",PORT_RUNNING_0,6258.759509,6258.763509,cycles 131189859..131189862 (4 cyc)
"tile 0,3 south slave 0",PORT_IDLE_0,6258.762509,6258.768509,cycles 131189862..131189867 (6 cyc)
"tile 0,3 south slave 0",PORT_RUNNING_0,6258.767509,6258.771508,cycles 131189867..131189870 (4 cyc)
"tile 0,3 south slave 0",PORT_IDLE_0,6258.770508,6258.775508,cycles 131189870..131189874 (5 cyc)
"tile 0,3 south slave 0",PORT_RUNNING_0,6258.774508,6258.778508,cycles 131189874..131189877 (4 cyc)
"tile 0,3 south slave 0",PORT_IDLE_0,6258.777508,6258.784508,cycles 131189877..131189883 (7 cyc)
"tile 0,3 south slave 0",PORT_RUNNING_0,6258.783508,6258.787508,cycles 131189883..131189886 (4 cyc)
"tile 0,3 south slave 0",PORT_IDLE_0,6258.786508,6258.792508,cycles 131189886..131189891 (6 cyc)
"tile 0,3 south slave 0",PORT_RUNNING_0,6258.791508,6258.795508,cycles 131189891..131189894 (4 cyc)
"tile 0,3 south slave 0",PORT_IDLE_0,6258.794508,6258.800508,cycles 131189894..131189899 (6 cyc)
"tile 0,3 south slave 0",PORT_RUNNING_0,6258.799508,6258.803508,cycles 131189899..131189902 (4 cyc)
"tile 0,3 south slave 0",PORT_IDLE_0,6258.802508,6258.808508,cycles 131189902..131189907 (6 cyc)
"tile 0,3 south slave 0",PORT_RUNNING_0,6258.807508,6258.811508,cycles 131189907..131189910 (4 cyc)
"tile 0,3 south slave 0",PORT_IDLE_0,6258.810508,6258.815508,cycles 131189910..131189914 (5 cyc)
"tile 0,3 south slave 0",PORT_RUNNING_0,6258.814508,6258.818508,cycles 131189914..131189917 (4 cyc)
"tile 0,3 south slave 0",PORT_IDLE_0,6258.817508,6258.824508,cycles 131189917..131189923 (7 cyc)
"tile 0,3 south slave 0",PORT_RUNNING_0,6258.823508,6258.827508,cycles 131189923..131189926 (4 cyc)
"tile 0,3 south slave 0",PORT_IDLE_0,6258.826508,6258.832508,cycles 131189926..131189931 (6 cyc)
"tile 0,3 south slave 0",PORT_RUNNING_0,6258.831508,6258.835508,cycles 131189931..131189934 (4 cyc)
"tile 0,3 south slave 0",PORT_IDLE_0,6258.834508,6258.840507,cycles 131189934..131189939 (6 cyc)
"tile 0,3 south slave 0",PORT_RUNNING_0,6258.839507,6258.843507,cycles 131189939..131189942 (4 cyc)
"tile 0,3 south slave 0",PORT_IDLE_0,6258.842507,6258.848507,cycles 131189942..131189947 (6 cyc)
"tile 0,3 south slave 0",PORT_RUNNING_0,6258.847507,6258.851507,cycles 131189947..131189950 (4 cyc)
"tile 0,3 south slave 0",PORT_IDLE_0,6258.850507,6258.856507,cycles 131189950..131189955 (6 cyc)
"tile 0,3 south slave 0",PORT_RUNNING_0,6258.855507,6258.859507,cycles 131189955..131189958 (4 cyc)
"tile 0,3 south slave 0",PORT_IDLE_0,6258.858507,6258.864507,cycles 131189958..131189963 (6 cyc)
"tile 0,3 south slave 0",PORT_RUNNING_0,6258.863507,6258.867507,cycles 131189963..131189966 (4 cyc)
"tile 0,3 south slave 0",PORT_IDLE_0,6258.866507,6258.871507,cycles 131189966..131189970 (5 cyc)
"tile 0,3 south slave 0",PORT_RUNNING_0,6258.870507,6258.874507,cycles 131189970..131189973 (4 cyc)
"tile 0,3 south slave 0",PORT_IDLE_0,6258.873507,6258.880507,cycles 131189973..131189979 (7 cyc)
"tile 0,3 south slave 0",PORT_RUNNING_0,6258.879507,6258.883507,cycles 131189979..131189982 (4 cyc)
"tile 0,3 south slave 0",PORT_IDLE_0,6258.882507,6258.888507,cycles 131189982..131189987 (6 cyc)
"tile 0,3 south slave 0",PORT_RUNNING_0,6258.887507,6258.891507,cycles 131189987..131189990 (4 cyc)
"tile 0,3 south slave 0",PORT_IDLE_0,6258.890507,6258.896507,cycles 131189990..131189995 (6 cyc)
"tile 0,3 south slave 0",PORT_RUNNING_0,6258.895507,6258.899507,cycles 131189995..131189998 (4 cyc)
"tile 0,3 south slave 0",PORT_IDLE_0,6258.898507,6258.904506,cycles 131189998..131190003 (6 cyc)
"tile 0,3 south slave 0",PORT_RUNNING_0,6258.903506,6258.907506,cycles 131190003..131190006 (4 cyc)
"tile 0,3 south slave 0",PORT_IDLE_0,6258.906506,6258.911506,cycles 131190006..131190010 (5 cyc)
"tile 0,3 south slave 0",PORT_RUNNING_0,6258.910506,6258.914506,cycles 131190010..131190013 (4 cyc)
"tile 0,3 south slave 0",PORT_IDLE_0,6258.913506,6258.920506,cycles 131190013..131190019 (7 cyc)
"tile 0,3 south slave 0",PORT_RUNNING_0,6258.919506,6258.923506,cycles 131190019..131190022 (4 cyc)
"tile 0,3 south slave 0",PORT_IDLE_0,6258.922506,6258.928506,cycles 131190022..131190027 (6 cyc)
"tile 0,3 south slave 0",PORT_RUNNING_0,6258.927506,6258.931506,cycles 131190027..131190030 (4 cyc)
"tile 0,3 south slave 0",PORT_IDLE_0,6258.930506,6258.936506,cycles 131190030..131190035 (6 cyc)
"tile 0,3 south slave 0",PORT_RUNNING_0,6258.935506,6258.939506,cycles 131190035..131190038 (4 cyc)
"tile 0,3 south slave 0",PORT_IDLE_0,6258.938506,6258.944506,cycles 131190038..131190043 (6 cyc)
"tile 0,3 south slave 0",PORT_RUNNING_0,6258.943506,6258.947506,cycles 131190043..131190046 (4 cyc)
"tile 0,3 south slave 0",PORT_IDLE_0,6258.946506,6258.952506,cycles 131190046..131190051 (6 cyc)
"tile 0,3 south slave 0",PORT_RUNNING_0,6258.951506,6258.955506,cycles 131190051..131190054 (4 cyc)
"tile 0,3 south slave 0",PORT_IDLE_0,6258.954506,6258.960506,cycles 131190054..131190059 (6 cyc)
"tile 0,3 south slave 0",PORT_RUNNING_0,6258.959506,6258.963506,cycles 131190059..131190062 (4 cyc)
"tile 0,3 south slave 0",PORT_IDLE_0,6258.962506,6258.967506,cycles 131190062..131190066 (5 cyc)
"tile 0,3 south slave 0",PORT_RUNNING_0,6258.966506,6258.970505,cycles 131190066..131190069 (4 cyc)
"tile 0,3 south slave 0",PORT_IDLE_0,6258.969506,6258.976505,cycles 131190069..131190075 (7 cyc)
"tile 0,3 south slave 0",PORT_RUNNING_0,6258.975505,6258.979505,cycles 131190075..131190078 (4 cyc)
"tile 0,3 south slave 0",PORT_IDLE_0,6258.978505,6258.984505,cycles 131190078..131190083 (6 cyc)
"tile 0,3 south slave 0",PORT_RUNNING_0,6258.983505,6258.987505,cycles 131190083..131190086 (4 cyc)
"tile 0,3 south slave 0",PORT_IDLE_0,6258.986505,6258.992505,cycles 131190086..131190091 (6 cyc)
"tile 0,3 south slave 0",PORT_RUNNING_0,6258.991505,6258.995505,cycles 131190091..131190094 (4 cyc)
"tile 0,3 south slave 0",PORT_IDLE_0,6258.994505,6259.000505,cycles 131190094..131190099 (6 cyc)
"tile 0,3 south slave 0",PORT_RUNNING_0,6258.999505,6259.003505,cycles 131190099..131190102 (4 cyc)
"tile 0,3 south slave 0",PORT_IDLE_0,6259.002505,6259.007505,cycles 131190102..131190106 (5 cyc)
"tile 0,3 south slave 0",PORT_RUNNING_0,6259.006505,6259.010505,cycles 131190106..131190109 (4 cyc)
"tile 0,3 south slave 0",PORT_IDLE_0,6259.009505,6259.016505,cycles 131190109..131190115 (7 cyc)
"tile 0,3 south slave 0",PORT_RUNNING_0,6259.015505,6259.019505,cycles 131190115..131190118 (4 cyc)
"tile 0,3 south slave 0",PORT_IDLE_0,6259.018505,6259.024505,cycles 131190118..131190123 (6 cyc)
"tile 0,3 south slave 0",PORT_RUNNING_0,6259.023505,6259.027505,cycles 131190123..131190126 (4 cyc)
"tile 0,3 south slave 0",PORT_IDLE_0,6259.026505,6259.032505,cycles 131190126..131190131 (6 cyc)
"tile 0,3 south slave 0",PORT_RUNNING_0,6259.031505,6259.035505,cycles 131190131..131190134 (4 cyc)
"tile 0,3 south slave 0",PORT_IDLE_0,6259.034505,6259.040504,cycles 131190134..131190139 (6 cyc)
"tile 0,3 south slave 0",PORT_RUNNING_0,6259.039504,6259.043504,cycles 131190139..131190142 (4 cyc)
"tile 0,3 south slave 0",PORT_IDLE_0,6259.042504,6259.048504,cycles 131190142..131190147 (6 cyc)
"tile 0,3 south slave 0",PORT_RUNNING_0,6259.047504,6259.051504,cycles 131190147..131190150 (4 cyc)
"tile 0,3 south slave 0",PORT_IDLE_0,6259.050504,6259.056504,cycles 131190150..131190155 (6 cyc)
"tile 0,3 south slave 0",PORT_RUNNING_0,6259.055504,6259.059504,cycles 131190155..131190158 (4 cyc)
"tile 0,3 south slave 0",PORT_IDLE_0,6259.058504,6259.063504,cycles 131190158..131190162 (5 cyc)
"tile 0,3 south slave 0",PORT_RUNNING_0,6259.062504,6259.066504,cycles 131190162..131190165 (4 cyc)
"tile 0,3 south slave 0",PORT_IDLE_0,6259.065504,6259.072504,cycles 131190165..131190171 (7 cyc)
"tile 0,3 south slave 0",PORT_RUNNING_0,6259.071504,6259.075504,cycles 131190171..131190174 (4 cyc)
"tile 0,3 south slave 0",PORT_IDLE_0,6259.074504,6259.080504,cycles 131190174..131190179 (6 cyc)
"tile 0,3 south slave 0",PORT_RUNNING_0,6259.079504,6259.083504,cycles 131190179..131190182 (4 cyc)
"tile 0,3 south slave 0",PORT_IDLE_0,6259.082504,6259.088504,cycles 131190182..131190187 (6 cyc)
"tile 0,3 south slave 0",PORT_RUNNING_0,6259.087504,6259.091504,cycles 131190187..131190190 (4 cyc)
"tile 0,3 south slave 0",PORT_IDLE_0,6259.090504,6259.096504,cycles 131190190..131190195 (6 cyc)
"tile 0,3 south slave 0",PORT_RUNNING_0,6259.095504,6259.099504,cycles 131190195..131190198 (4 cyc)
"tile 0,3 south slave 0",PORT_IDLE_0,6259.098504,6259.103504,cycles 131190198..131190202 (5 cyc)
"tile 0,3 south slave 0",PORT_RUNNING_0,6259.102504,6259.106503,cycles 131190202..131190205 (4 cyc)
"tile 0,3 south slave 0",PORT_IDLE_0,6259.105503,6259.112503,cycles 131190205..131190211 (7 cyc)
"tile 0,3 south slave 0",PORT_RUNNING_0,6259.111503,6259.115503,cycles 131190211..131190214 (4 cyc)
"tile 0,3 south slave 0",PORT_IDLE_0,6259.114503,6259.120503,cycles 131190214..131190219 (6 cyc)
"tile 0,3 south slave 0",PORT_RUNNING_0,6259.119503,6259.123503,cycles 131190219..131190222 (4 cyc)
"tile 0,3 south slave 0",PORT_IDLE_0,6259.122503,6259.128503,cycles 131190222..131190227 (6 cyc)
"tile 0,3 south slave 0",PORT_RUNNING_0,6259.127503,6259.131503,cycles 131190227..131190230 (4 cyc)
"tile 0,3 south slave 0",PORT_IDLE_0,6259.130503,6259.136503,cycles 131190230..131190235 (6 cyc)
"tile 0,3 south slave 0",PORT_RUNNING_0,6259.135503,6259.139503,cycles 131190235..131190238 (4 cyc)
"tile 0,3 south slave 0",PORT_IDLE_0,6259.138503,6259.144503,cycles 131190238..131190243 (6 cyc)
"tile 0,3 south slave 0",PORT_RUNNING_0,6259.143503,6259.147503,cycles 131190243..131190246 (4 cyc)
"tile 0,3 south slave 0",PORT_IDLE_0,6259.146503,6259.152503,cycles 131190246..131190251 (6 cyc)
"tile 0,3 south slave 0",PORT_RUNNING_0,6259.151503,6259.155503,cycles 131190251..131190254 (4 cyc)
"tile 0,3 south slave 0",PORT_IDLE_0,6259.154503,6259.159503,cycles 131190254..131190258 (5 cyc)
"tile 0,3 south slave 0",PORT_RUNNING_0,6259.158503,6259.162503,cycles 131190258..131190261 (4 cyc)
"tile 0,3 south slave 0",PORT_IDLE_0,6259.161503,6259.168503,cycles 131190261..131190267 (7 cyc)
"tile 0,3 south slave 0",PORT_RUNNING_0,6259.167503,6259.171502,cycles 131190267..131190270 (4 cyc)
"tile 0,3 south slave 0",PORT_IDLE_0,6259.170503,6259.176502,cycles 131190270..131190275 (6 cyc)
"tile 0,3 south slave 0",PORT_RUNNING_0,6259.175502,6259.185502,cycles 131190275..131190284 (10 cyc)
"tile 0,3 south slave 0",PORT_STALLED_0,6259.184502,6259.185502,cycles 131190284..131190284 (1 cyc)
"tile 0,3 south slave 0",PORT_RUNNING_0,6259.184502,6259.200502,cycles 131190284..131190299 (16 cyc)
"tile 0,3 south slave 0",PORT_STALLED_0,6259.199502,6273.314291,cycles 131190299..131204413 (14115 cyc)
"tile 0,3 south slave 0",PORT_STALLED_0,6273.313291,6273.324291,cycles 131204413..131204423 (11 cyc)
"tile 0,3 south slave 0",PORT_STALLED_0,6273.323291,6273.324291,cycles 131204423..131204423 (1 cyc)
"tile 0,3 south slave 0",PORT_STALLED_0,6273.323291,6273.374290,cycles 131204423..131204473 (51 cyc)
"tile 0,3 south slave 0",PORT_STALLED_0,6273.373290,6273.374290,cycles 131204473..131204473 (1 cyc)
"tile 0,3 south slave 0",PORT_STALLED_0,6273.373290,6273.384290,cycles 131204473..131204483 (11 cyc)
"tile 0,3 south slave 0",PORT_STALLED_0,6273.383290,6273.384290,cycles 131204483..131204483 (1 cyc)
"tile 0,3 south slave 0",PORT_STALLED_0,6273.383290,6273.391290,cycles 131204483..131204490 (8 cyc)
"tile 0,3 south slave 0",PORT_RUNNING_0,6273.390290,6273.398290,cycles 131204490..131204497 (8 cyc)
"tile 0,3 south slave 0",PORT_STALLED_0,6273.397290,6273.431289,cycles 131204497..131204530 (34 cyc)
"tile 0,3 south slave 0",PORT_STALLED_0,6273.430289,6273.620287,cycles 131204530..131204719 (190 cyc)
"tile 0,3 south slave 0",PORT_STALLED_0,6273.619287,6273.630287,cycles 131204719..131204729 (11 cyc)
"tile 0,3 south slave 0",PORT_STALLED_0,6273.629287,6273.630287,cycles 131204729..131204729 (1 cyc)
"tile 0,3 south slave 0",PORT_STALLED_0,6273.629287,6273.680286,cycles 131204729..131204779 (51 cyc)
"tile 0,3 south slave 0",PORT_STALLED_0,6273.679286,6273.680286,cycles 131204779..131204779 (1 cyc)
"tile 0,3 south slave 0",PORT_STALLED_0,6273.679286,6273.690286,cycles 131204779..131204789 (11 cyc)
"tile 0,3 south slave 0",PORT_STALLED_0,6273.689286,6273.690286,cycles 131204789..131204789 (1 cyc)
"tile 0,3 south slave 0",PORT_STALLED_0,6273.689286,6273.739285,cycles 131204789..131204838 (50 cyc)
"tile 0,3 south slave 0",PORT_STALLED_0,6273.738285,6273.776284,cycles 131204838..131204875 (38 cyc)
"tile 0,3 south slave 0",PORT_STALLED_0,6273.775284,6273.786284,cycles 131204875..131204885 (11 cyc)
"tile 0,3 south slave 0",PORT_STALLED_0,6273.785284,6273.786284,cycles 131204885..131204885 (1 cyc)
"tile 0,3 south slave 0",PORT_STALLED_0,6273.785284,6273.836283,cycles 131204885..131204935 (51 cyc)
"tile 0,3 south slave 0",PORT_STALLED_0,6273.835283,6290.661032,cycles 131204935..131221760 (16826 cyc)
"tile 0,3 south slave 0",PORT_RUNNING_0,6290.660032,6290.668032,cycles 131221760..131221767 (8 cyc)
"tile 0,3 south slave 0",PORT_STALLED_0,6290.667032,6299.874894,cycles 131221767..131230974 (9208 cyc)
"tile 0,3 dma s2mm 1",DMA_S2MM_1_START_TASK_MEM,6139.702287,6139.703287,cycles 131070800..131070800 (1 cyc)
"tile 0,3 dma s2mm 1",DMA_S2MM_1_STREAM_STARVATION_MEM,6139.707287,6139.708287,cycles 131070805..131070805 (1 cyc)
"tile 0,3 dma s2mm 1",DMA_S2MM_1_STREAM_STARVATION_MEM,6139.707287,6145.810196,cycles 131070805..131076907 (6103 cyc)
"tile 0,3 dma s2mm 1",DMA_S2MM_1_STREAM_STARVATION_MEM|LOCK_SEL0_ACQ_GE_MEM,6145.809196,6145.810196,cycles 131076907..131076907 (1 cyc)
"tile 0,3 dma s2mm 1",DMA_S2MM_1_STREAM_STARVATION_MEM,6145.809196,6162.593945,cycles 131076907..131093691 (16785 cyc)
"tile 0,3 dma s2mm 1",DMA_S2MM_1_STREAM_STARVATION_MEM,6162.596945,6162.597945,cycles 131093695..131093695 (1 cyc)
"tile 0,3 dma s2mm 1",DMA_S2MM_1_STREAM_STARVATION_MEM,6162.596945,6162.601945,cycles 131093695..131093699 (5 cyc)
"tile 0,3 dma s2mm 1",DMA_S2MM_1_STREAM_STARVATION_MEM,6162.604945,6162.605945,cycles 131093703..131093703 (1 cyc)
"tile 0,3 dma s2mm 1",DMA_S2MM_1_STREAM_STARVATION_MEM,6162.604945,6162.609945,cycles 131093703..131093707 (5 cyc)
"tile 0,3 dma s2mm 1",DMA_S2MM_1_STREAM_STARVATION_MEM,6162.612945,6162.613945,cycles 131093711..131093711 (1 cyc)
"tile 0,3 dma s2mm 1",DMA_S2MM_1_STREAM_STARVATION_MEM,6162.612945,6162.617945,cycles 131093711..131093715 (5 cyc)
"tile 0,3 dma s2mm 1",DMA_S2MM_1_STREAM_STARVATION_MEM,6162.620945,6162.621945,cycles 131093719..131093719 (1 cyc)
"tile 0,3 dma s2mm 1",DMA_S2MM_1_STREAM_STARVATION_MEM,6162.620945,6162.625945,cycles 131093719..131093723 (5 cyc)
"tile 0,3 dma s2mm 1",DMA_S2MM_1_STREAM_STARVATION_MEM,6162.628945,6162.629945,cycles 131093727..131093727 (1 cyc)
"tile 0,3 dma s2mm 1",DMA_S2MM_1_STREAM_STARVATION_MEM,6162.628945,6162.633945,cycles 131093727..131093731 (5 cyc)
"tile 0,3 dma s2mm 1",DMA_S2MM_1_STREAM_STARVATION_MEM,6162.636944,6162.637944,cycles 131093735..131093735 (1 cyc)
"tile 0,3 dma s2mm 1",DMA_S2MM_1_STREAM_STARVATION_MEM,6162.636944,6162.641944,cycles 131093735..131093739 (5 cyc)
"tile 0,3 dma s2mm 1",DMA_S2MM_1_STREAM_STARVATION_MEM,6162.644944,6162.645944,cycles 131093743..131093743 (1 cyc)
"tile 0,3 dma s2mm 1",DMA_S2MM_1_STREAM_STARVATION_MEM,6162.644944,6162.649944,cycles 131093743..131093747 (5 cyc)
"tile 0,3 dma s2mm 1",DMA_S2MM_1_STREAM_STARVATION_MEM,6162.652944,6162.653944,cycles 131093751..131093751 (1 cyc)
"tile 0,3 dma s2mm 1",DMA_S2MM_1_STREAM_STARVATION_MEM,6162.652944,6162.657944,cycles 131093751..131093755 (5 cyc)
"tile 0,3 dma s2mm 1",DMA_S2MM_1_STREAM_STARVATION_MEM,6162.660944,6162.661944,cycles 131093759..131093759 (1 cyc)
"tile 0,3 dma s2mm 1",DMA_S2MM_1_STREAM_STARVATION_MEM,6162.660944,6162.665944,cycles 131093759..131093763 (5 cyc)
"tile 0,3 dma s2mm 1",DMA_S2MM_1_STREAM_STARVATION_MEM,6162.668944,6162.669944,cycles 131093767..131093767 (1 cyc)
"tile 0,3 dma s2mm 1",DMA_S2MM_1_STREAM_STARVATION_MEM,6162.668944,6162.674944,cycles 131093767..131093772 (6 cyc)
"tile 0,3 dma s2mm 1",DMA_S2MM_1_STREAM_STARVATION_MEM,6162.677944,6162.678944,cycles 131093776..131093776 (1 cyc)
"tile 0,3 dma s2mm 1",DMA_S2MM_1_STREAM_STARVATION_MEM,6162.677944,6162.681944,cycles 131093776..131093779 (4 cyc)
"tile 0,3 dma s2mm 1",DMA_S2MM_1_STREAM_STARVATION_MEM,6162.684944,6162.685944,cycles 131093783..131093783 (1 cyc)
"tile 0,3 dma s2mm 1",DMA_S2MM_1_STREAM_STARVATION_MEM,6162.684944,6162.689944,cycles 131093783..131093787 (5 cyc)
"tile 0,3 dma s2mm 1",DMA_S2MM_1_STREAM_STARVATION_MEM,6162.692944,6162.693944,cycles 131093791..131093791 (1 cyc)
"tile 0,3 dma s2mm 1",DMA_S2MM_1_STREAM_STARVATION_MEM,6162.692944,6162.697944,cycles 131093791..131093795 (5 cyc)
"tile 0,3 dma s2mm 1",DMA_S2MM_1_STREAM_STARVATION_MEM,6162.700944,6162.701944,cycles 131093799..131093799 (1 cyc)
"tile 0,3 dma s2mm 1",DMA_S2MM_1_STREAM_STARVATION_MEM,6162.700944,6162.705943,cycles 131093799..131093803 (5 cyc)
"tile 0,3 dma s2mm 1",DMA_S2MM_1_STREAM_STARVATION_MEM,6162.708943,6162.709943,cycles 131093807..131093807 (1 cyc)
"tile 0,3 dma s2mm 1",DMA_S2MM_1_STREAM_STARVATION_MEM,6162.708943,6162.713943,cycles 131093807..131093811 (5 cyc)
"tile 0,3 dma s2mm 1",DMA_S2MM_1_STREAM_STARVATION_MEM,6162.716943,6162.717943,cycles 131093815..131093815 (1 cyc)
"tile 0,3 dma s2mm 1",DMA_S2MM_1_STREAM_STARVATION_MEM,6162.716943,6162.721943,cycles 131093815..131093819 (5 cyc)
"tile 0,3 dma s2mm 1",DMA_S2MM_1_STREAM_STARVATION_MEM,6162.724943,6162.725943,cycles 131093823..131093823 (1 cyc)
"tile 0,3 dma s2mm 1",DMA_S2MM_1_STREAM_STARVATION_MEM,6162.724943,6162.729943,cycles 131093823..131093827 (5 cyc)
"tile 0,3 dma s2mm 1",DMA_S2MM_1_STREAM_STARVATION_MEM,6162.732943,6162.733943,cycles 131093831..131093831 (1 cyc)
"tile 0,3 dma s2mm 1",DMA_S2MM_1_STREAM_STARVATION_MEM,6162.732943,6162.737943,cycles 131093831..131093835 (5 cyc)
"tile 0,3 dma s2mm 1",DMA_S2MM_1_STREAM_STARVATION_MEM,6162.740943,6162.741943,cycles 131093839..131093839 (1 cyc)
"tile 0,3 dma s2mm 1",DMA_S2MM_1_STREAM_STARVATION_MEM,6162.740943,6162.745943,cycles 131093839..131093843 (5 cyc)
"tile 0,3 dma s2mm 1",DMA_S2MM_1_STREAM_STARVATION_MEM,6162.748943,6162.749943,cycles 131093847..131093847 (1 cyc)
"tile 0,3 dma s2mm 1",DMA_S2MM_1_STREAM_STARVATION_MEM,6162.748943,6162.753943,cycles 131093847..131093851 (5 cyc)
"tile 0,3 dma s2mm 1",DMA_S2MM_1_STREAM_STARVATION_MEM,6162.756943,6162.757943,cycles 131093855..131093855 (1 cyc)
"tile 0,3 dma s2mm 1",DMA_S2MM_1_STREAM_STARVATION_MEM,6162.756943,6162.761943,cycles 131093855..131093859 (5 cyc)
"tile 0,3 dma s2mm 1",DMA_S2MM_1_STREAM_STARVATION_MEM,6162.764943,6162.765943,cycles 131093863..131093863 (1 cyc)
"tile 0,3 dma s2mm 1",DMA_S2MM_1_STREAM_STARVATION_MEM,6162.764943,6162.770942,cycles 131093863..131093868 (6 cyc)
"tile 0,3 dma s2mm 1",DMA_S2MM_1_STREAM_STARVATION_MEM,6162.773942,6162.774942,cycles 131093872..131093872 (1 cyc)
"tile 0,3 dma s2mm 1",DMA_S2MM_1_STREAM_STARVATION_MEM,6162.773942,6162.777942,cycles 131093872..131093875 (4 cyc)
"tile 0,3 dma s2mm 1",DMA_S2MM_1_STREAM_STARVATION_MEM,6162.780942,6162.781942,cycles 131093879..131093879 (1 cyc)
"tile 0,3 dma s2mm 1",DMA_S2MM_1_STREAM_STARVATION_MEM,6162.780942,6162.785942,cycles 131093879..131093883 (5 cyc)
"tile 0,3 dma s2mm 1",DMA_S2MM_1_STREAM_STARVATION_MEM,6162.788942,6162.789942,cycles 131093887..131093887 (1 cyc)
"tile 0,3 dma s2mm 1",DMA_S2MM_1_STREAM_STARVATION_MEM,6162.788942,6162.793942,cycles 131093887..131093891 (5 cyc)
"tile 0,3 dma s2mm 1",DMA_S2MM_1_STREAM_STARVATION_MEM,6162.796942,6162.797942,cycles 131093895..131093895 (1 cyc)
"tile 0,3 dma s2mm 1",DMA_S2MM_1_STREAM_STARVATION_MEM,6162.796942,6162.801942,cycles 131093895..131093899 (5 cyc)
"tile 0,3 dma s2mm 1",DMA_S2MM_1_STREAM_STARVATION_MEM,6162.804942,6162.805942,cycles 131093903..131093903 (1 cyc)
"tile 0,3 dma s2mm 1",DMA_S2MM_1_STREAM_STARVATION_MEM,6162.804942,6162.809942,cycles 131093903..131093907 (5 cyc)
"tile 0,3 dma s2mm 1",DMA_S2MM_1_STREAM_STARVATION_MEM,6162.812942,6162.813942,cycles 131093911..131093911 (1 cyc)
"tile 0,3 dma s2mm 1",DMA_S2MM_1_STREAM_STARVATION_MEM,6162.812942,6162.817942,cycles 131093911..131093915 (5 cyc)
"tile 0,3 dma s2mm 1",DMA_S2MM_1_STREAM_STARVATION_MEM,6162.820942,6162.821942,cycles 131093919..131093919 (1 cyc)
"tile 0,3 dma s2mm 1",DMA_S2MM_1_STREAM_STARVATION_MEM,6162.820942,6162.825942,cycles 131093919..131093923 (5 cyc)
"tile 0,3 dma s2mm 1",DMA_S2MM_1_STREAM_STARVATION_MEM,6162.826942,6162.828942,cycles 131093925..131093926 (2 cyc)
"tile 0,3 dma s2mm 1",DMA_S2MM_1_STREAM_STARVATION_MEM,6162.827942,6162.831942,cycles 131093926..131093929 (4 cyc)
"tile 0,3 dma s2mm 1",DMA_S2MM_1_STREAM_STARVATION_MEM,6162.834942,6162.835942,cycles 131093933..131093933 (1 cyc)
"tile 0,3 dma s2mm 1",DMA_S2MM_1_STREAM_STARVATION_MEM,6162.834942,6162.839941,cycles 131093933..131093937 (5 cyc)
"tile 0,3 dma s2mm 1",DMA_S2MM_1_STREAM_STARVATION_MEM,6162.843941,6162.844941,cycles 131093942..131093942 (1 cyc)
"tile 0,3 dma s2mm 1",DMA_S2MM_1_STREAM_STARVATION_MEM,6162.843941,6162.845941,cycles 131093942..131093943 (2 cyc)
"tile 0,3 dma s2mm 1",DMA_S2MM_1_FINISHED_BD_MEM|DMA_S2MM_1_STREAM_STARVATION_MEM,6162.844941,6162.845941,cycles 131093943..131093943 (1 cyc)
"tile 0,3 dma s2mm 1",DMA_S2MM_1_STREAM_STARVATION_MEM,6162.844941,6162.845941,cycles 131093943..131093943 (1 cyc)
"tile 0,3 dma s2mm 1",DMA_S2MM_1_STREAM_STARVATION_MEM,6162.848941,6162.849941,cycles 131093947..131093947 (1 cyc)
"tile 0,3 dma s2mm 1",DMA_S2MM_1_STREAM_STARVATION_MEM,6162.848941,6162.853941,cycles 131093947..131093951 (5 cyc)
"tile 0,3 dma s2mm 1",DMA_S2MM_1_STREAM_STARVATION_MEM,6162.856941,6162.857941,cycles 131093955..131093955 (1 cyc)
"tile 0,3 dma s2mm 1",DMA_S2MM_1_STREAM_STARVATION_MEM,6162.856941,6162.862941,cycles 131093955..131093960 (6 cyc)
"tile 0,3 dma s2mm 1",DMA_S2MM_1_STREAM_STARVATION_MEM,6162.865941,6162.866941,cycles 131093964..131093964 (1 cyc)
"tile 0,3 dma s2mm 1",DMA_S2MM_1_STREAM_STARVATION_MEM,6162.865941,6162.869941,cycles 131093964..131093967 (4 cyc)
"tile 0,3 dma s2mm 1",DMA_S2MM_1_STREAM_STARVATION_MEM,6162.872941,6162.873941,cycles 131093971..131093971 (1 cyc)
"tile 0,3 dma s2mm 1",DMA_S2MM_1_STREAM_STARVATION_MEM,6162.872941,6162.877941,cycles 131093971..131093975 (5 cyc)
"tile 0,3 dma s2mm 1",DMA_S2MM_1_STREAM_STARVATION_MEM,6162.880941,6162.881941,cycles 131093979..131093979 (1 cyc)
"tile 0,3 dma s2mm 1",DMA_S2MM_1_STREAM_STARVATION_MEM,6162.880941,6162.885941,cycles 131093979..131093983 (5 cyc)
"tile 0,3 dma s2mm 1",DMA_S2MM_1_STREAM_STARVATION_MEM,6162.888941,6162.889941,cycles 131093987..131093987 (1 cyc)
"tile 0,3 dma s2mm 1",DMA_S2MM_1_STREAM_STARVATION_MEM,6162.888941,6162.893941,cycles 131093987..131093991 (5 cyc)
"tile 0,3 dma s2mm 1",DMA_S2MM_1_STREAM_STARVATION_MEM,6162.896941,6162.897941,cycles 131093995..131093995 (1 cyc)
"tile 0,3 dma s2mm 1",DMA_S2MM_1_STREAM_STARVATION_MEM,6162.896941,6162.901941,cycles 131093995..131093999 (5 cyc)
"tile 0,3 dma s2mm 1",DMA_S2MM_1_STREAM_STARVATION_MEM,6162.904940,6162.905940,cycles 131094003..131094003 (1 cyc)
"tile 0,3 dma s2mm 1",DMA_S2MM_1_STREAM_STARVATION_MEM,6162.904940,6162.909940,cycles 131094003..131094007 (5 cyc)
"tile 0,3 dma s2mm 1",DMA_S2MM_1_STREAM_STARVATION_MEM,6162.912940,6162.913940,cycles 131094011..131094011 (1 cyc)
"tile 0,3 dma s2mm 1",DMA_S2MM_1_STREAM_STARVATION_MEM,6162.912940,6162.917940,cycles 131094011..131094015 (5 cyc)
"tile 0,3 dma s2mm 1",DMA_S2MM_1_STREAM_STARVATION_MEM,6162.918940,6162.920940,cycles 131094017..131094018 (2 cyc)
"tile 0,3 dma s2mm 1",DMA_S2MM_1_STREAM_STARVATION_MEM,6162.919940,6162.923940,cycles 131094018..131094021 (4 cyc)
"tile 0,3 dma s2mm 1",DMA_S2MM_1_STREAM_STARVATION_MEM,6162.926940,6162.927940,cycles 131094025..131094025 (1 cyc)
"tile 0,3 dma s2mm 1",DMA_S2MM_1_STREAM_STARVATION_MEM,6162.926940,6162.931940,cycles 131094025..131094029 (5 cyc)
"tile 0,3 dma s2mm 1",DMA_S2MM_1_STREAM_STARVATION_MEM,6162.934940,6162.935940,cycles 131094033..131094033 (1 cyc)
"tile 0,3 dma s2mm 1",DMA_S2MM_1_STREAM_STARVATION_MEM,6162.934940,6162.939940,cycles 131094033..131094037 (5 cyc)
"tile 0,3 dma s2mm 1",DMA_S2MM_1_STREAM_STARVATION_MEM,6162.942940,6162.943940,cycles 131094041..131094041 (1 cyc)
"tile 0,3 dma s2mm 1",DMA_S2MM_1_STREAM_STARVATION_MEM,6162.942940,6162.947940,cycles 131094041..131094045 (5 cyc)
"tile 0,3 dma s2mm 1",DMA_S2MM_1_STREAM_STARVATION_MEM,6162.948940,6162.950940,cycles 131094047..131094048 (2 cyc)
"tile 0,3 dma s2mm 1",DMA_S2MM_1_STREAM_STARVATION_MEM,6162.949940,6162.955940,cycles 131094048..131094053 (6 cyc)
"tile 0,3 dma s2mm 1",DMA_S2MM_1_STREAM_STARVATION_MEM,6162.958940,6162.959940,cycles 131094057..131094057 (1 cyc)
"tile 0,3 dma s2mm 1",DMA_S2MM_1_STREAM_STARVATION_MEM,6162.958940,6162.962940,cycles 131094057..131094060 (4 cyc)
"tile 0,3 dma s2mm 1",DMA_S2MM_1_STREAM_STARVATION_MEM,6162.965940,6162.966940,cycles 131094064..131094064 (1 cyc)
"tile 0,3 dma s2mm 1",DMA_S2MM_1_STREAM_STARVATION_MEM,6162.965940,6162.970940,cycles 131094064..131094068 (5 cyc)
"tile 0,3 dma s2mm 1",DMA_S2MM_1_STREAM_STARVATION_MEM,6162.971939,6162.973939,cycles 131094070..131094071 (2 cyc)
"tile 0,3 dma s2mm 1",DMA_S2MM_1_STREAM_STARVATION_MEM,6162.972939,6162.976939,cycles 131094071..131094074 (4 cyc)
"tile 0,3 dma s2mm 1",DMA_S2MM_1_STREAM_STARVATION_MEM,6162.979939,6162.980939,cycles 131094078..131094078 (1 cyc)
"tile 0,3 dma s2mm 1",DMA_S2MM_1_STREAM_STARVATION_MEM,6162.979939,6162.984939,cycles 131094078..131094082 (5 cyc)
"tile 0,3 dma s2mm 1",DMA_S2MM_1_STREAM_STARVATION_MEM,6162.987939,6162.988939,cycles 131094086..131094086 (1 cyc)
"tile 0,3 dma s2mm 1",DMA_S2MM_1_STREAM_STARVATION_MEM,6162.987939,6162.991939,cycles 131094086..131094089 (4 cyc)
"tile 0,3 dma s2mm 1",DMA_S2MM_1_STREAM_STARVATION_MEM,6162.994939,6162.995939,cycles 131094093..131094093 (1 cyc)
"tile 0,3 dma s2mm 1",DMA_S2MM_1_STREAM_STARVATION_MEM,6162.994939,6162.999939,cycles 131094093..131094097 (5 cyc)
"tile 0,3 dma s2mm 1",DMA_S2MM_1_STREAM_STARVATION_MEM,6163.002939,6163.003939,cycles 131094101..131094101 (1 cyc)
"tile 0,3 dma s2mm 1",DMA_S2MM_1_STREAM_STARVATION_MEM,6163.002939,6163.007939,cycles 131094101..131094105 (5 cyc)
"tile 0,3 dma s2mm 1",DMA_S2MM_1_STREAM_STARVATION_MEM,6163.008939,6163.010939,cycles 131094107..131094108 (2 cyc)
"tile 0,3 dma s2mm 1",DMA_S2MM_1_STREAM_STARVATION_MEM,6163.009939,6163.013939,cycles 131094108..131094111 (4 cyc)
"tile 0,3 dma s2mm 1",DMA_S2MM_1_STREAM_STARVATION_MEM,6163.016939,6163.017939,cycles 131094115..131094115 (1 cyc)
"tile 0,3 dma s2mm 1",DMA_S2MM_1_STREAM_STARVATION_MEM,6163.016939,6163.021939,cycles 131094115..131094119 (5 cyc)
"tile 0,3 dma s2mm 1",DMA_S2MM_1_STREAM_STARVATION_MEM,6163.024939,6163.025939,cycles 131094123..131094123 (1 cyc)
"tile 0,3 dma s2mm 1",DMA_S2MM_1_STREAM_STARVATION_MEM,6163.024939,6163.029939,cycles 131094123..131094127 (5 cyc)
"tile 0,3 dma s2mm 1",DMA_S2MM_1_STREAM_STARVATION_MEM,6163.032939,6163.033939,cycles 131094131..131094131 (1 cyc)
"tile 0,3 dma s2mm 1",DMA_S2MM_1_STREAM_STARVATION_MEM,6163.032939,6163.037939,cycles 131094131..131094135 (5 cyc)
"tile 0,3 dma s2mm 1",DMA_S2MM_1_STREAM_STARVATION_MEM,6163.040938,6163.041938,cycles 131094139..131094139 (1 cyc)
"tile 0,3 dma s2mm 1",DMA_S2MM_1_STREAM_STARVATION_MEM,6163.040938,6163.046938,cycles 131094139..131094144 (6 cyc)
"tile 0,3 dma s2mm 1",DMA_S2MM_1_STREAM_STARVATION_MEM,6163.049938,6163.050938,cycles 131094148..131094148 (1 cyc)
"tile 0,3 dma s2mm 1",DMA_S2MM_1_STREAM_STARVATION_MEM,6163.049938,6163.053938,cycles 131094148..131094151 (4 cyc)
"tile 0,3 dma s2mm 1",DMA_S2MM_1_STREAM_STARVATION_MEM,6163.056938,6163.057938,cycles 131094155..131094155 (1 cyc)
"tile 0,3 dma s2mm 1",DMA_S2MM_1_STREAM_STARVATION_MEM,6163.056938,6163.061938,cycles 131094155..131094159 (5 cyc)
"tile 0,3 dma s2mm 1",DMA_S2MM_1_STREAM_STARVATION_MEM,6163.064938,6163.065938,cycles 131094163..131094163 (1 cyc)
"tile 0,3 dma s2mm 1",DMA_S2MM_1_STREAM_STARVATION_MEM,6163.064938,6163.069938,cycles 131094163..131094167 (5 cyc)
"tile 0,3 dma s2mm 1",DMA_S2MM_1_STREAM_STARVATION_MEM,6163.072938,6163.073938,cycles 131094171..131094171 (1 cyc)
"tile 0,3 dma s2mm 1",DMA_S2MM_1_STREAM_STARVATION_MEM,6163.072938,6163.077938,cycles 131094171..131094175 (5 cyc)
"tile 0,3 dma s2mm 1",DMA_S2MM_1_STREAM_STARVATION_MEM,6163.080938,6163.081938,cycles 131094179..131094179 (1 cyc)
"tile 0,3 dma s2mm 1",DMA_S2MM_1_STREAM_STARVATION_MEM,6163.080938,6163.085938,cycles 131094179..131094183 (5 cyc)
"tile 0,3 dma s2mm 1",DMA_S2MM_1_STALLED_LOCK_MEM,6163.090938,6163.091938,cycles 131094189..131094189 (1 cyc)
"tile 0,3 dma s2mm 1",DMA_S2MM_1_STALLED_LOCK_MEM,6163.090938,6163.091938,cycles 131094189..131094189 (1 cyc)
"tile 0,3 dma s2mm 1",DMA_S2MM_1_FINISHED_BD_MEM|DMA_S2MM_1_STALLED_LOCK_MEM,6163.090938,6163.091938,cycles 131094189..131094189 (1 cyc)
"tile 0,3 dma s2mm 1",DMA_S2MM_1_STALLED_LOCK_MEM,6163.090938,6163.103938,cycles 131094189..131094201 (13 cyc)
"tile 0,3 dma s2mm 1",DMA_S2MM_1_STALLED_LOCK_MEM|DMA_S2MM_1_MEMORY_BACKPRESSURE_MEM,6163.102938,6177.201727,cycles 131094201..131108299 (14099 cyc)
"tile 0,3 dma s2mm 1",DMA_S2MM_1_STALLED_LOCK_MEM|DMA_S2MM_1_MEMORY_BACKPRESSURE_MEM|LOCK_SEL0_ACQ_GE_MEM,6177.200727,6177.201727,cycles 131108299..131108299 (1 cyc)
"tile 0,3 dma s2mm 1",DMA_S2MM_1_STALLED_LOCK_MEM|DMA_S2MM_1_MEMORY_BACKPRESSURE_MEM,6177.200727,6177.231726,cycles 131108299..131108329 (31 cyc)
"tile 0,3 dma s2mm 1",DMA_S2MM_1_STALLED_LOCK_MEM|DMA_S2MM_1_MEMORY_BACKPRESSURE_MEM|LOCK_0_REL_MEM,6177.230726,6177.231726,cycles 131108329..131108329 (1 cyc)
"tile 0,3 dma s2mm 1",DMA_S2MM_1_STALLED_LOCK_MEM|DMA_S2MM_1_MEMORY_BACKPRESSURE_MEM,6177.230726,6177.295726,cycles 131108329..131108393 (65 cyc)
"tile 0,3 dma s2mm 1",DMA_S2MM_1_MEMORY_BACKPRESSURE_MEM,6177.294726,6177.295726,cycles 131108393..131108393 (1 cyc)
"tile 0,3 dma s2mm 1",DMA_S2MM_1_STREAM_STARVATION_MEM,6177.305725,6177.306725,cycles 131108404..131108404 (1 cyc)
"tile 0,3 dma s2mm 1",DMA_S2MM_1_STREAM_STARVATION_MEM,6177.305725,6177.595721,cycles 131108404..131108693 (290 cyc)
"tile 0,3 dma s2mm 1",DMA_S2MM_1_STREAM_STARVATION_MEM|LOCK_SEL0_ACQ_GE_MEM,6177.594721,6177.595721,cycles 131108693..131108693 (1 cyc)
"tile 0,3 dma s2mm 1",DMA_S2MM_1_STREAM_STARVATION_MEM,6177.594721,6177.645720,cycles 131108693..131108743 (51 cyc)
"tile 0,3 dma s2mm 1",DMA_S2MM_1_STREAM_STARVATION_MEM|LOCK_0_REL_MEM,6177.644720,6177.645720,cycles 131108743..131108743 (1 cyc)
"tile 0,3 dma s2mm 1",DMA_S2MM_1_STREAM_STARVATION_MEM,6177.644720,6177.744719,cycles 131108743..131108842 (100 cyc)
"tile 0,3 dma s2mm 1",DMA_S2MM_1_STREAM_STARVATION_MEM|LOCK_SEL0_ACQ_GE_MEM,6177.743719,6177.744719,cycles 131108842..131108842 (1 cyc)
"tile 0,3 dma s2mm 1",DMA_S2MM_1_STREAM_STARVATION_MEM,6177.743719,6177.771718,cycles 131108842..131108869 (28 cyc)
"tile 0,3 dma s2mm 1",DMA_S2MM_1_STREAM_STARVATION_MEM|LOCK_0_REL_MEM,6177.770718,6177.771718,cycles 131108869..131108869 (1 cyc)
"tile 0,3 dma s2mm 1",DMA_S2MM_1_STREAM_STARVATION_MEM,6177.770718,6177.869717,cycles 131108869..131108967 (99 cyc)
"tile 0,3 dma s2mm 1",DMA_S2MM_1_STREAM_STARVATION_MEM|LOCK_SEL0_ACQ_GE_MEM,6177.868717,6177.869717,cycles 131108967..131108967 (1 cyc)
"tile 0,3 dma s2mm 1",DMA_S2MM_1_STREAM_STARVATION_MEM,6177.868717,6194.567468,cycles 131108967..131125665 (16699 cyc)
"tile 0,3 dma s2mm 1",DMA_S2MM_1_STREAM_STARVATION_MEM,6194.574467,6194.575467,cycles 131125673..131125673 (1 cyc)
"tile 0,3 dma s2mm 1",DMA_S2MM_1_STREAM_STARVATION_MEM,6194.574467,6211.778210,cycles 131125673..131142876 (17204 cyc)
"tile 0,3 dma s2mm 1",DMA_S2MM_1_STREAM_STARVATION_MEM,6211.785210,6211.786210,cycles 131142884..131142884 (1 cyc)
"tile 0,3 dma s2mm 1",DMA_S2MM_1_STREAM_STARVATION_MEM,6211.785210,6229.126951,cycles 131142884..131160225 (17342 cyc)
"tile 0,3 dma s2mm 1",DMA_S2MM_1_FINISHED_BD_MEM,6229.215950,6229.216950,cycles 131160315..131160315 (1 cyc)
"tile 0,3 dma s2mm 1",DMA_S2MM_1_STREAM_STARVATION_MEM,6229.253949,6229.254949,cycles 131160353..131160353 (1 cyc)
"tile 0,3 dma s2mm 1",DMA_S2MM_1_STREAM_STARVATION_MEM,6229.253949,6229.292949,cycles 131160353..131160391 (39 cyc)
"tile 0,3 dma s2mm 1",DMA_S2MM_1_STREAM_STARVATION_MEM|LOCK_0_REL_MEM,6229.291949,6229.292949,cycles 131160391..131160391 (1 cyc)
"tile 0,3 dma s2mm 1",DMA_S2MM_1_STREAM_STARVATION_MEM|LOCK_SEL0_ACQ_GE_MEM,6229.291949,6229.292949,cycles 131160391..131160391 (1 cyc)
"tile 0,3 dma s2mm 1",DMA_S2MM_1_STREAM_STARVATION_MEM,6229.291949,6229.439947,cycles 131160391..131160538 (148 cyc)
"tile 0,3 dma s2mm 1",DMA_S2MM_1_FINISHED_BD_MEM,6229.528945,6229.529945,cycles 131160628..131160628 (1 cyc)
"tile 0,3 dma s2mm 1",DMA_S2MM_1_STREAM_STARVATION_MEM,6229.566945,6229.567945,cycles 131160666..131160666 (1 cyc)
"tile 0,3 dma s2mm 1",DMA_S2MM_1_STREAM_STARVATION_MEM,6229.566945,6229.599944,cycles 131160666..131160698 (33 cyc)
"tile 0,3 dma s2mm 1",LOCK_0_REL_MEM,6229.669943,6229.670943,cycles 131160769..131160769 (1 cyc)
"tile 0,3 dma s2mm 1",LOCK_SEL0_ACQ_GE_MEM,6229.669943,6229.670943,cycles 131160769..131160769 (1 cyc)
"tile 0,3 dma s2mm 1",DMA_S2MM_1_FINISHED_BD_MEM,6229.686943,6229.687943,cycles 131160786..131160786 (1 cyc)
"tile 0,3 dma s2mm 1",DMA_S2MM_1_STREAM_STARVATION_MEM,6229.724942,6229.725942,cycles 131160824..131160824 (1 cyc)
"tile 0,3 dma s2mm 1",DMA_S2MM_1_STREAM_STARVATION_MEM,6229.724942,6229.792941,cycles 131160824..131160891 (68 cyc)
"tile 0,3 dma s2mm 1",DMA_S2MM_1_STREAM_STARVATION_MEM|LOCK_0_REL_MEM,6229.791941,6229.792941,cycles 131160891..131160891 (1 cyc)
"tile 0,3 dma s2mm 1",DMA_S2MM_1_STREAM_STARVATION_MEM,6229.791941,6229.792941,cycles 131160891..131160891 (1 cyc)
"tile 0,3 dma s2mm 1",DMA_S2MM_1_STREAM_STARVATION_MEM|LOCK_SEL0_ACQ_GE_MEM,6229.791941,6229.792941,cycles 131160891..131160891 (1 cyc)
"tile 0,3 dma s2mm 1",DMA_S2MM_1_STREAM_STARVATION_MEM,6229.791941,6230.413932,cycles 131160891..131161512 (622 cyc)
"tile 0,3 dma s2mm 1",DMA_S2MM_1_FINISHED_BD_MEM,6230.502931,6230.503931,cycles 131161602..131161602 (1 cyc)
"tile 0,3 dma s2mm 1",DMA_S2MM_1_STREAM_STARVATION_MEM,6230.540930,6230.541930,cycles 131161640..131161640 (1 cyc)
"tile 0,3 dma s2mm 1",DMA_S2MM_1_STREAM_STARVATION_MEM,6230.540930,6230.579930,cycles 131161640..131161678 (39 cyc)
"tile 0,3 dma s2mm 1",DMA_S2MM_1_STREAM_STARVATION_MEM|LOCK_0_REL_MEM,6230.578930,6230.579930,cycles 131161678..131161678 (1 cyc)
"tile 0,3 dma s2mm 1",DMA_S2MM_1_STREAM_STARVATION_MEM|LOCK_SEL0_ACQ_GE_MEM,6230.578930,6230.579930,cycles 131161678..131161678 (1 cyc)
"tile 0,3 dma s2mm 1",DMA_S2MM_1_STREAM_STARVATION_MEM,6230.578930,6232.034908,cycles 131161678..131163133 (1456 cyc)
"tile 0,3 dma s2mm 1",DMA_S2MM_1_FINISHED_BD_MEM,6232.123907,6232.124907,cycles 131163223..131163223 (1 cyc)
"tile 0,3 dma s2mm 1",DMA_S2MM_1_STREAM_STARVATION_MEM,6232.161906,6232.162906,cycles 131163261..131163261 (1 cyc)
"tile 0,3 dma s2mm 1",DMA_S2MM_1_STREAM_STARVATION_MEM,6232.161906,6232.200905,cycles 131163261..131163299 (39 cyc)
"tile 0,3 dma s2mm 1",DMA_S2MM_1_STREAM_STARVATION_MEM|LOCK_0_REL_MEM,6232.199905,6232.200905,cycles 131163299..131163299 (1 cyc)
"tile 0,3 dma s2mm 1",DMA_S2MM_1_STREAM_STARVATION_MEM|LOCK_SEL0_ACQ_GE_MEM,6232.199905,6232.200905,cycles 131163299..131163299 (1 cyc)
"tile 0,3 dma s2mm 1",DMA_S2MM_1_STREAM_STARVATION_MEM,6232.199905,6232.827896,cycles 131163299..131163926 (628 cyc)
"tile 0,3 dma s2mm 1",DMA_S2MM_1_FINISHED_BD_MEM,6232.916895,6232.917895,cycles 131164016..131164016 (1 cyc)
"tile 0,3 dma s2mm 1",DMA_S2MM_1_STREAM_STARVATION_MEM,6232.954894,6232.955894,cycles 131164054..131164054 (1 cyc)
"tile 0,3 dma s2mm 1",DMA_S2MM_1_STREAM_STARVATION_MEM,6232.954894,6233.058893,cycles 131164054..131164157 (104 cyc)
"tile 0,3 dma s2mm 1",DMA_S2MM_1_STREAM_STARVATION_MEM|LOCK_0_REL_MEM,6233.057893,6233.058893,cycles 131164157..131164157 (1 cyc)
"tile 0,3 dma s2mm 1",DMA_S2MM_1_STREAM_STARVATION_MEM|LOCK_SEL0_ACQ_GE_MEM,6233.057893,6233.058893,cycles 131164157..131164157 (1 cyc)
"tile 0,3 dma s2mm 1",DMA_S2MM_1_STREAM_STARVATION_MEM,6233.057893,6233.611884,cycles 131164157..131164710 (554 cyc)
"tile 0,3 dma s2mm 1",DMA_S2MM_1_FINISHED_BD_MEM,6233.700883,6233.701883,cycles 131164800..131164800 (1 cyc)
"tile 0,3 dma s2mm 1",DMA_S2MM_1_STREAM_STARVATION_MEM,6233.738882,6233.739882,cycles 131164838..131164838 (1 cyc)
"tile 0,3 dma s2mm 1",DMA_S2MM_1_STREAM_STARVATION_MEM,6233.738882,6233.777882,cycles 131164838..131164876 (39 cyc)
"tile 0,3 dma s2mm 1",DMA_S2MM_1_STREAM_STARVATION_MEM|LOCK_0_REL_MEM,6233.776882,6233.777882,cycles 131164876..131164876 (1 cyc)
"tile 0,3 dma s2mm 1",DMA_S2MM_1_STREAM_STARVATION_MEM|LOCK_SEL0_ACQ_GE_MEM,6233.776882,6233.777882,cycles 131164876..131164876 (1 cyc)
"tile 0,3 dma s2mm 1",DMA_S2MM_1_STREAM_STARVATION_MEM,6233.776882,6235.673853,cycles 131164876..131166772 (1897 cyc)
"tile 0,3 dma s2mm 1",DMA_S2MM_1_FINISHED_BD_MEM,6235.762852,6235.763852,cycles 131166862..131166862 (1 cyc)
"tile 0,3 dma s2mm 1",DMA_S2MM_1_STREAM_STARVATION_MEM,6235.800852,6235.801852,cycles 131166900..131166900 (1 cyc)
"tile 0,3 dma s2mm 1",DMA_S2MM_1_STREAM_STARVATION_MEM,6235.800852,6235.839851,cycles 131166900..131166938 (39 cyc)
"tile 0,3 dma s2mm 1",DMA_S2MM_1_STREAM_STARVATION_MEM|LOCK_0_REL_MEM,6235.838851,6235.839851,cycles 131166938..131166938 (1 cyc)
"tile 0,3 dma s2mm 1",DMA_S2MM_1_STREAM_STARVATION_MEM|LOCK_SEL0_ACQ_GE_MEM,6235.838851,6235.839851,cycles 131166938..131166938 (1 cyc)
"tile 0,3 dma s2mm 1",DMA_S2MM_1_STREAM_STARVATION_MEM,6235.838851,6236.981834,cycles 131166938..131168080 (1143 cyc)
"tile 0,3 dma s2mm 1",DMA_S2MM_1_FINISHED_BD_MEM,6237.070833,6237.071833,cycles 131168170..131168170 (1 cyc)
"tile 0,3 dma s2mm 1",DMA_S2MM_1_STREAM_STARVATION_MEM,6237.108832,6237.109832,cycles 131168208..131168208 (1 cyc)
"tile 0,3 dma s2mm 1",DMA_S2MM_1_STREAM_STARVATION_MEM,6237.108832,6237.148831,cycles 131168208..131168247 (40 cyc)
"tile 0,3 dma s2mm 1",DMA_S2MM_1_STREAM_STARVATION_MEM|LOCK_0_REL_MEM,6237.147831,6237.148831,cycles 131168247..131168247 (1 cyc)
"tile 0,3 dma s2mm 1",DMA_S2MM_1_STREAM_STARVATION_MEM|LOCK_SEL0_ACQ_GE_MEM,6237.147831,6237.148831,cycles 131168247..131168247 (1 cyc)
"tile 0,3 dma s2mm 1",DMA_S2MM_1_STREAM_STARVATION_MEM,6237.147831,6238.068818,cycles 131168247..131169167 (921 cyc)
"tile 0,3 dma s2mm 1",DMA_S2MM_1_FINISHED_BD_MEM,6238.157816,6238.158816,cycles 131169257..131169257 (1 cyc)
"tile 0,3 dma s2mm 1",DMA_S2MM_1_STREAM_STARVATION_MEM,6238.195816,6238.196816,cycles 131169295..131169295 (1 cyc)
"tile 0,3 dma s2mm 1",DMA_S2MM_1_STREAM_STARVATION_MEM,6238.195816,6238.300814,cycles 131169295..131169399 (105 cyc)
"tile 0,3 dma s2mm 1",DMA_S2MM_1_STREAM_STARVATION_MEM|LOCK_0_REL_MEM,6238.299814,6238.300814,cycles 131169399..131169399 (1 cyc)
"tile 0,3 dma s2mm 1",DMA_S2MM_1_STREAM_STARVATION_MEM|LOCK_SEL0_ACQ_GE_MEM,6238.299814,6238.300814,cycles 131169399..131169399 (1 cyc)
"tile 0,3 dma s2mm 1",DMA_S2MM_1_STREAM_STARVATION_MEM,6238.299814,6238.402813,cycles 131169399..131169501 (103 cyc)
"tile 0,3 dma s2mm 1",DMA_S2MM_1_FINISHED_BD_MEM,6238.491811,6238.492811,cycles 131169591..131169591 (1 cyc)
"tile 0,3 dma s2mm 1",DMA_S2MM_1_STREAM_STARVATION_MEM,6238.529811,6238.530811,cycles 131169629..131169629 (1 cyc)
"tile 0,3 dma s2mm 1",LOCK_0_REL_MEM,6238.568810,6238.569810,cycles 131169668..131169668 (1 cyc)
"tile 0,3 dma s2mm 1",LOCK_SEL0_ACQ_GE_MEM,6238.568810,6238.569810,cycles 131169668..131169668 (1 cyc)
"tile 0,3 dma s2mm 1",DMA_S2MM_1_FINISHED_BD_MEM,6238.617810,6238.618809,cycles 131169717..131169717 (1 cyc)
"tile 0,3 dma s2mm 1",DMA_S2MM_1_STREAM_STARVATION_MEM,6238.655809,6238.656809,cycles 131169755..131169755 (1 cyc)
"tile 0,3 dma s2mm 1",DMA_S2MM_1_STREAM_STARVATION_MEM,6238.655809,6238.694808,cycles 131169755..131169793 (39 cyc)
"tile 0,3 dma s2mm 1",DMA_S2MM_1_STREAM_STARVATION_MEM|LOCK_0_REL_MEM,6238.693808,6238.694808,cycles 131169793..131169793 (1 cyc)
"tile 0,3 dma s2mm 1",DMA_S2MM_1_STREAM_STARVATION_MEM|LOCK_SEL0_ACQ_GE_MEM,6238.693808,6238.694808,cycles 131169793..131169793 (1 cyc)
"tile 0,3 dma s2mm 1",DMA_S2MM_1_STREAM_STARVATION_MEM,6238.693808,6238.714808,cycles 131169793..131169813 (21 cyc)
"tile 0,3 dma s2mm 1",DMA_S2MM_1_FINISHED_BD_MEM,6238.803807,6238.804807,cycles 131169903..131169903 (1 cyc)
"tile 0,3 dma s2mm 1",DMA_S2MM_1_STREAM_STARVATION_MEM,6238.841806,6238.842806,cycles 131169941..131169941 (1 cyc)
"tile 0,3 dma s2mm 1",DMA_S2MM_1_STREAM_STARVATION_MEM,6238.841806,6238.881806,cycles 131169941..131169980 (40 cyc)
"tile 0,3 dma s2mm 1",DMA_S2MM_1_STREAM_STARVATION_MEM|LOCK_0_REL_MEM,6238.880806,6238.881806,cycles 131169980..131169980 (1 cyc)
"tile 0,3 dma s2mm 1",DMA_S2MM_1_STREAM_STARVATION_MEM,6238.880806,6239.015804,cycles 131169980..131170114 (135 cyc)
"tile 0,3 dma s2mm 1",DMA_S2MM_1_STREAM_STARVATION_MEM,6239.101802,6239.102802,cycles 131170201..131170201 (1 cyc)
"tile 0,3 dma s2mm 1",DMA_S2MM_1_STREAM_STARVATION_MEM,6239.101802,6239.103802,cycles 131170201..131170202 (2 cyc)
"tile 0,3 dma s2mm 1",DMA_S2MM_1_FINISHED_BD_MEM|DMA_S2MM_1_STREAM_STARVATION_MEM,6239.102802,6239.103802,cycles 131170202..131170202 (1 cyc)
"tile 0,3 dma s2mm 1",DMA_S2MM_1_STREAM_STARVATION_MEM,6239.102802,6258.361515,cycles 131170202..131189460 (19259 cyc)
"tile 0,3 dma s2mm 1",DMA_S2MM_1_STREAM_STARVATION_MEM,6258.364515,6258.365515,cycles 131189464..131189464 (1 cyc)
"tile 0,3 dma s2mm 1",DMA_S2MM_1_STREAM_STARVATION_MEM,6258.364515,6258.369514,cycles 131189464..131189468 (5 cyc)
"tile 0,3 dma s2mm 1",DMA_S2MM_1_STREAM_STARVATION_MEM,6258.372514,6258.373514,cycles 131189472..131189472 (1 cyc)
"tile 0,3 dma s2mm 1",DMA_S2MM_1_STREAM_STARVATION_MEM,6258.372514,6258.378514,cycles 131189472..131189477 (6 cyc)
"tile 0,3 dma s2mm 1",DMA_S2MM_1_STREAM_STARVATION_MEM,6258.381514,6258.382514,cycles 131189481..131189481 (1 cyc)
"tile 0,3 dma s2mm 1",DMA_S2MM_1_STREAM_STARVATION_MEM,6258.381514,6258.385514,cycles 131189481..131189484 (4 cyc)
"tile 0,3 dma s2mm 1",DMA_S2MM_1_STREAM_STARVATION_MEM,6258.388514,6258.389514,cycles 131189488..131189488 (1 cyc)
"tile 0,3 dma s2mm 1",DMA_S2MM_1_STREAM_STARVATION_MEM,6258.388514,6258.394514,cycles 131189488..131189493 (6 cyc)
"tile 0,3 dma s2mm 1",DMA_S2MM_1_STREAM_STARVATION_MEM,6258.397514,6258.398514,cycles 131189497..131189497 (1 cyc)
"tile 0,3 dma s2mm 1",DMA_S2MM_1_STREAM_STARVATION_MEM,6258.397514,6258.401514,cycles 131189497..131189500 (4 cyc)
"tile 0,3 dma s2mm 1",DMA_S2MM_1_STREAM_STARVATION_MEM,6258.404514,6258.405514,cycles 131189504..131189504 (1 cyc)
"tile 0,3 dma s2mm 1",DMA_S2MM_1_STREAM_STARVATION_MEM,6258.404514,6258.409514,cycles 131189504..131189508 (5 cyc)
"tile 0,3 dma s2mm 1",DMA_S2MM_1_STREAM_STARVATION_MEM,6258.412514,6258.413514,cycles 131189512..131189512 (1 cyc)
"tile 0,3 dma s2mm 1",DMA_S2MM_1_STREAM_STARVATION_MEM,6258.412514,6258.418514,cycles 131189512..131189517 (6 cyc)
"tile 0,3 dma s2mm 1",DMA_S2MM_1_STREAM_STARVATION_MEM,6258.421514,6258.422514,cycles 131189521..131189521 (1 cyc)
"tile 0,3 dma s2mm 1",DMA_S2MM_1_STREAM_STARVATION_MEM,6258.421514,6258.425514,cycles 131189521..131189524 (4 cyc)
"tile 0,3 dma s2mm 1",DMA_S2MM_1_STREAM_STARVATION_MEM,6258.428514,6258.429514,cycles 131189528..131189528 (1 cyc)
"tile 0,3 dma s2mm 1",DMA_S2MM_1_STREAM_STARVATION_MEM,6258.428514,6258.434513,cycles 131189528..131189533 (6 cyc)
"tile 0,3 dma s2mm 1",DMA_S2MM_1_STREAM_STARVATION_MEM,6258.437513,6258.438513,cycles 131189537..131189537 (1 cyc)
"tile 0,3 dma s2mm 1",DMA_S2MM_1_STREAM_STARVATION_MEM,6258.437513,6258.441513,cycles 131189537..131189540 (4 cyc)
"tile 0,3 dma s2mm 1",DMA_S2MM_1_STREAM_STARVATION_MEM,6258.444513,6258.445513,cycles 131189544..131189544 (1 cyc)
"tile 0,3 dma s2mm 1",DMA_S2MM_1_STREAM_STARVATION_MEM,6258.444513,6258.452513,cycles 131189544..131189551 (8 cyc)
"tile 0,3 dma s2mm 1",DMA_S2MM_1_STREAM_STARVATION_MEM,6258.455513,6258.456513,cycles 131189555..131189555 (1 cyc)
"tile 0,3 dma s2mm 1",DMA_S2MM_1_STREAM_STARVATION_MEM,6258.455513,6258.460513,cycles 131189555..131189559 (5 cyc)
"tile 0,3 dma s2mm 1",DMA_S2MM_1_STREAM_STARVATION_MEM,6258.463513,6258.464513,cycles 131189563..131189563 (1 cyc)
"tile 0,3 dma s2mm 1",DMA_S2MM_1_STREAM_STARVATION_MEM,6258.463513,6258.467513,cycles 131189563..131189566 (4 cyc)
"tile 0,3 dma s2mm 1",DMA_S2MM_1_STREAM_STARVATION_MEM,6258.470513,6258.471513,cycles 131189570..131189570 (1 cyc)
"tile 0,3 dma s2mm 1",DMA_S2MM_1_STREAM_STARVATION_MEM,6258.470513,6258.476513,cycles 131189570..131189575 (6 cyc)
"tile 0,3 dma s2mm 1",DMA_S2MM_1_STREAM_STARVATION_MEM,6258.479513,6258.480513,cycles 131189579..131189579 (1 cyc)
"tile 0,3 dma s2mm 1",DMA_S2MM_1_STREAM_STARVATION_MEM,6258.479513,6258.484513,cycles 131189579..131189583 (5 cyc)
"tile 0,3 dma s2mm 1",DMA_S2MM_1_STREAM_STARVATION_MEM,6258.487513,6258.488513,cycles 131189587..131189587 (1 cyc)
"tile 0,3 dma s2mm 1",DMA_S2MM_1_STREAM_STARVATION_MEM,6258.487513,6258.492513,cycles 131189587..131189591 (5 cyc)
"tile 0,3 dma s2mm 1",DMA_S2MM_1_STREAM_STARVATION_MEM,6258.495513,6258.496513,cycles 131189595..131189595 (1 cyc)
"tile 0,3 dma s2mm 1",DMA_S2MM_1_STREAM_STARVATION_MEM,6258.495513,6258.500513,cycles 131189595..131189599 (5 cyc)
"tile 0,3 dma s2mm 1",DMA_S2MM_1_STREAM_STARVATION_MEM,6258.503512,6258.504512,cycles 131189603..131189603 (1 cyc)
"tile 0,3 dma s2mm 1",DMA_S2MM_1_STREAM_STARVATION_MEM,6258.503512,6258.507512,cycles 131189603..131189606 (4 cyc)
"tile 0,3 dma s2mm 1",DMA_S2MM_1_STREAM_STARVATION_MEM,6258.510512,6258.511512,cycles 131189610..131189610 (1 cyc)
"tile 0,3 dma s2mm 1",DMA_S2MM_1_STREAM_STARVATION_MEM,6258.510512,6258.516512,cycles 131189610..131189615 (6 cyc)
"tile 0,3 dma s2mm 1",DMA_S2MM_1_STREAM_STARVATION_MEM,6258.519512,6258.520512,cycles 131189619..131189619 (1 cyc)
"tile 0,3 dma s2mm 1",DMA_S2MM_1_STREAM_STARVATION_MEM,6258.519512,6258.524512,cycles 131189619..131189623 (5 cyc)
"tile 0,3 dma s2mm 1",DMA_S2MM_1_STREAM_STARVATION_MEM,6258.527512,6258.528512,cycles 131189627..131189627 (1 cyc)
"tile 0,3 dma s2mm 1",DMA_S2MM_1_STREAM_STARVATION_MEM,6258.527512,6258.532512,cycles 131189627..131189631 (5 cyc)
"tile 0,3 dma s2mm 1",DMA_S2MM_1_STREAM_STARVATION_MEM,6258.535512,6258.536512,cycles 131189635..131189635 (1 cyc)
"tile 0,3 dma s2mm 1",DMA_S2MM_1_STREAM_STARVATION_MEM,6258.535512,6258.540512,cycles 131189635..131189639 (5 cyc)
"tile 0,3 dma s2mm 1",DMA_S2MM_1_STREAM_STARVATION_MEM,6258.543512,6258.544512,cycles 131189643..131189643 (1 cyc)
"tile 0,3 dma s2mm 1",DMA_S2MM_1_STREAM_STARVATION_MEM,6258.543512,6258.548512,cycles 131189643..131189647 (5 cyc)
"tile 0,3 dma s2mm 1",DMA_S2MM_1_STREAM_STARVATION_MEM,6258.551512,6258.552512,cycles 131189651..131189651 (1 cyc)
"tile 0,3 dma s2mm 1",DMA_S2MM_1_STREAM_STARVATION_MEM,6258.551512,6258.556512,cycles 131189651..131189655 (5 cyc)
"tile 0,3 dma s2mm 1",DMA_S2MM_1_STREAM_STARVATION_MEM,6258.559512,6258.560512,cycles 131189659..131189659 (1 cyc)
"tile 0,3 dma s2mm 1",DMA_S2MM_1_STREAM_STARVATION_MEM,6258.559512,6258.563512,cycles 131189659..131189662 (4 cyc)
"tile 0,3 dma s2mm 1",DMA_S2MM_1_STREAM_STARVATION_MEM,6258.566512,6258.567512,cycles 131189666..131189666 (1 cyc)
"tile 0,3 dma s2mm 1",DMA_S2MM_1_STREAM_STARVATION_MEM,6258.566512,6258.572511,cycles 131189666..131189671 (6 cyc)
"tile 0,3 dma s2mm 1",DMA_S2MM_1_STREAM_STARVATION_MEM,6258.575511,6258.576511,cycles 131189675..131189675 (1 cyc)
"tile 0,3 dma s2mm 1",DMA_S2MM_1_STREAM_STARVATION_MEM,6258.575511,6258.580511,cycles 131189675..131189679 (5 cyc)
"tile 0,3 dma s2mm 1",DMA_S2MM_1_STREAM_STARVATION_MEM,6258.583511,6258.584511,cycles 131189683..131189683 (1 cyc)
"tile 0,3 dma s2mm 1",DMA_S2MM_1_STREAM_STARVATION_MEM,6258.583511,6258.588511,cycles 131189683..131189687 (5 cyc)
"tile 0,3 dma s2mm 1",DMA_S2MM_1_STREAM_STARVATION_MEM,6258.591511,6258.592511,cycles 131189691..131189691 (1 cyc)
"tile 0,3 dma s2mm 1",DMA_S2MM_1_STREAM_STARVATION_MEM,6258.591511,6258.596511,cycles 131189691..131189695 (5 cyc)
"tile 0,3 dma s2mm 1",DMA_S2MM_1_STREAM_STARVATION_MEM,6258.599511,6258.600511,cycles 131189699..131189699 (1 cyc)
"tile 0,3 dma s2mm 1",DMA_S2MM_1_STREAM_STARVATION_MEM,6258.599511,6258.603511,cycles 131189699..131189702 (4 cyc)
"tile 0,3 dma s2mm 1",DMA_S2MM_1_STREAM_STARVATION_MEM,6258.606511,6258.607511,cycles 131189706..131189706 (1 cyc)
"tile 0,3 dma s2mm 1",DMA_S2MM_1_STREAM_STARVATION_MEM,6258.606511,6258.612511,cycles 131189706..131189711 (6 cyc)
"tile 0,3 dma s2mm 1",DMA_S2MM_1_STREAM_STARVATION_MEM,6258.616511,6258.617511,cycles 131189716..131189716 (1 cyc)
"tile 0,3 dma s2mm 1",DMA_S2MM_1_STREAM_STARVATION_MEM,6258.616511,6258.618511,cycles 131189716..131189717 (2 cyc)
"tile 0,3 dma s2mm 1",DMA_S2MM_1_FINISHED_BD_MEM|DMA_S2MM_1_STREAM_STARVATION_MEM,6258.617511,6258.618511,cycles 131189717..131189717 (1 cyc)
"tile 0,3 dma s2mm 1",DMA_S2MM_1_STREAM_STARVATION_MEM,6258.617511,6258.618511,cycles 131189717..131189717 (1 cyc)
"tile 0,3 dma s2mm 1",DMA_S2MM_1_STREAM_STARVATION_MEM,6258.621511,6258.622511,cycles 131189721..131189721 (1 cyc)
"tile 0,3 dma s2mm 1",DMA_S2MM_1_STREAM_STARVATION_MEM,6258.621511,6258.626511,cycles 131189721..131189725 (5 cyc)
"tile 0,3 dma s2mm 1",DMA_S2MM_1_STREAM_STARVATION_MEM,6258.629511,6258.630511,cycles 131189729..131189729 (1 cyc)
"tile 0,3 dma s2mm 1",DMA_S2MM_1_STREAM_STARVATION_MEM,6258.629511,6258.634511,cycles 131189729..131189733 (5 cyc)
"tile 0,3 dma s2mm 1",DMA_S2MM_1_STREAM_STARVATION_MEM,6258.637510,6258.638510,cycles 131189737..131189737 (1 cyc)
"tile 0,3 dma s2mm 1",DMA_S2MM_1_STREAM_STARVATION_MEM,6258.637510,6258.642510,cycles 131189737..131189741 (5 cyc)
"tile 0,3 dma s2mm 1",DMA_S2MM_1_STREAM_STARVATION_MEM,6258.645510,6258.646510,cycles 131189745..131189745 (1 cyc)
"tile 0,3 dma s2mm 1",DMA_S2MM_1_STREAM_STARVATION_MEM,6258.645510,6258.650510,cycles 131189745..131189749 (5 cyc)
"tile 0,3 dma s2mm 1",DMA_S2MM_1_STREAM_STARVATION_MEM,6258.653510,6258.654510,cycles 131189753..131189753 (1 cyc)
"tile 0,3 dma s2mm 1",DMA_S2MM_1_STREAM_STARVATION_MEM,6258.653510,6258.657510,cycles 131189753..131189756 (4 cyc)
"tile 0,3 dma s2mm 1",DMA_S2MM_1_STREAM_STARVATION_MEM,6258.660510,6258.661510,cycles 131189760..131189760 (1 cyc)
"tile 0,3 dma s2mm 1",DMA_S2MM_1_STREAM_STARVATION_MEM,6258.660510,6258.666510,cycles 131189760..131189765 (6 cyc)
"tile 0,3 dma s2mm 1",DMA_S2MM_1_STREAM_STARVATION_MEM,6258.669510,6258.670510,cycles 131189769..131189769 (1 cyc)
"tile 0,3 dma s2mm 1",DMA_S2MM_1_STREAM_STARVATION_MEM,6258.669510,6258.674510,cycles 131189769..131189773 (5 cyc)
"tile 0,3 dma s2mm 1",DMA_S2MM_1_STREAM_STARVATION_MEM,6258.677510,6258.678510,cycles 131189777..131189777 (1 cyc)
"tile 0,3 dma s2mm 1",DMA_S2MM_1_STREAM_STARVATION_MEM,6258.677510,6258.682510,cycles 131189777..131189781 (5 cyc)
"tile 0,3 dma s2mm 1",DMA_S2MM_1_STREAM_STARVATION_MEM,6258.685510,6258.686510,cycles 131189785..131189785 (1 cyc)
"tile 0,3 dma s2mm 1",DMA_S2MM_1_STREAM_STARVATION_MEM,6258.685510,6258.690510,cycles 131189785..131189789 (5 cyc)
"tile 0,3 dma s2mm 1",DMA_S2MM_1_STREAM_STARVATION_MEM,6258.693510,6258.694510,cycles 131189793..131189793 (1 cyc)
"tile 0,3 dma s2mm 1",DMA_S2MM_1_STREAM_STARVATION_MEM,6258.693510,6258.697510,cycles 131189793..131189796 (4 cyc)
"tile 0,3 dma s2mm 1",DMA_S2MM_1_STREAM_STARVATION_MEM,6258.700510,6258.701510,cycles 131189800..131189800 (1 cyc)
"tile 0,3 dma s2mm 1",DMA_S2MM_1_STREAM_STARVATION_MEM,6258.700510,6258.706509,cycles 131189800..131189805 (6 cyc)
"tile 0,3 dma s2mm 1",DMA_S2MM_1_STREAM_STARVATION_MEM,6258.709509,6258.710509,cycles 131189809..131189809 (1 cyc)
"tile 0,3 dma s2mm 1",DMA_S2MM_1_STREAM_STARVATION_MEM,6258.709509,6258.714509,cycles 131189809..131189813 (5 cyc)
"tile 0,3 dma s2mm 1",DMA_S2MM_1_STREAM_STARVATION_MEM,6258.717509,6258.718509,cycles 131189817..131189817 (1 cyc)
"tile 0,3 dma s2mm 1",DMA_S2MM_1_STREAM_STARVATION_MEM,6258.717509,6258.722509,cycles 131189817..131189821 (5 cyc)
"tile 0,3 dma s2mm 1",DMA_S2MM_1_STREAM_STARVATION_MEM,6258.725509,6258.726509,cycles 131189825..131189825 (1 cyc)
"tile 0,3 dma s2mm 1",DMA_S2MM_1_STREAM_STARVATION_MEM,6258.725509,6258.730509,cycles 131189825..131189829 (5 cyc)
"tile 0,3 dma s2mm 1",DMA_S2MM_1_STREAM_STARVATION_MEM,6258.733509,6258.734509,cycles 131189833..131189833 (1 cyc)
"tile 0,3 dma s2mm 1",DMA_S2MM_1_STREAM_STARVATION_MEM,6258.733509,6258.738509,cycles 131189833..131189837 (5 cyc)
"tile 0,3 dma s2mm 1",DMA_S2MM_1_STREAM_STARVATION_MEM,6258.741509,6258.742509,cycles 131189841..131189841 (1 cyc)
"tile 0,3 dma s2mm 1",DMA_S2MM_1_STREAM_STARVATION_MEM,6258.741509,6258.746509,cycles 131189841..131189845 (5 cyc)
"tile 0,3 dma s2mm 1",DMA_S2MM_1_STREAM_STARVATION_MEM,6258.749509,6258.750509,cycles 131189849..131189849 (1 cyc)
"tile 0,3 dma s2mm 1",DMA_S2MM_1_STREAM_STARVATION_MEM,6258.749509,6258.753509,cycles 131189849..131189852 (4 cyc)
"tile 0,3 dma s2mm 1",DMA_S2MM_1_STREAM_STARVATION_MEM,6258.756509,6258.757509,cycles 131189856..131189856 (1 cyc)
"tile 0,3 dma s2mm 1",DMA_S2MM_1_STREAM_STARVATION_MEM,6258.756509,6258.762509,cycles 131189856..131189861 (6 cyc)
"tile 0,3 dma s2mm 1",DMA_S2MM_1_STREAM_STARVATION_MEM,6258.765509,6258.766509,cycles 131189865..131189865 (1 cyc)
"tile 0,3 dma s2mm 1",DMA_S2MM_1_STREAM_STARVATION_MEM,6258.765509,6258.770508,cycles 131189865..131189869 (5 cyc)
"tile 0,3 dma s2mm 1",DMA_S2MM_1_STREAM_STARVATION_MEM,6258.773508,6258.774508,cycles 131189873..131189873 (1 cyc)
"tile 0,3 dma s2mm 1",DMA_S2MM_1_STREAM_STARVATION_MEM,6258.773508,6258.778508,cycles 131189873..131189877 (5 cyc)
"tile 0,3 dma s2mm 1",DMA_S2MM_1_STREAM_STARVATION_MEM,6258.781508,6258.782508,cycles 131189881..131189881 (1 cyc)
"tile 0,3 dma s2mm 1",DMA_S2MM_1_STREAM_STARVATION_MEM,6258.781508,6258.786508,cycles 131189881..131189885 (5 cyc)
"tile 0,3 dma s2mm 1",DMA_S2MM_1_STREAM_STARVATION_MEM,6258.789508,6258.790508,cycles 131189889..131189889 (1 cyc)
"tile 0,3 dma s2mm 1",DMA_S2MM_1_STREAM_STARVATION_MEM,6258.789508,6258.793508,cycles 131189889..131189892 (4 cyc)
"tile 0,3 dma s2mm 1",DMA_S2MM_1_STREAM_STARVATION_MEM,6258.796508,6258.797508,cycles 131189896..131189896 (1 cyc)
"tile 0,3 dma s2mm 1",DMA_S2MM_1_STREAM_STARVATION_MEM,6258.796508,6258.802508,cycles 131189896..131189901 (6 cyc)
"tile 0,3 dma s2mm 1",DMA_S2MM_1_STREAM_STARVATION_MEM,6258.805508,6258.806508,cycles 131189905..131189905 (1 cyc)
"tile 0,3 dma s2mm 1",DMA_S2MM_1_STREAM_STARVATION_MEM,6258.805508,6258.810508,cycles 131189905..131189909 (5 cyc)
"tile 0,3 dma s2mm 1",DMA_S2MM_1_STREAM_STARVATION_MEM,6258.813508,6258.814508,cycles 131189913..131189913 (1 cyc)
"tile 0,3 dma s2mm 1",DMA_S2MM_1_STREAM_STARVATION_MEM,6258.813508,6258.818508,cycles 131189913..131189917 (5 cyc)
"tile 0,3 dma s2mm 1",DMA_S2MM_1_STREAM_STARVATION_MEM,6258.821508,6258.822508,cycles 131189921..131189921 (1 cyc)
"tile 0,3 dma s2mm 1",DMA_S2MM_1_STREAM_STARVATION_MEM,6258.821508,6258.826508,cycles 131189921..131189925 (5 cyc)
"tile 0,3 dma s2mm 1",DMA_S2MM_1_STREAM_STARVATION_MEM,6258.829508,6258.830508,cycles 131189929..131189929 (1 cyc)
"tile 0,3 dma s2mm 1",DMA_S2MM_1_STREAM_STARVATION_MEM,6258.829508,6258.834508,cycles 131189929..131189933 (5 cyc)
"tile 0,3 dma s2mm 1",DMA_S2MM_1_STREAM_STARVATION_MEM,6258.837507,6258.838507,cycles 131189937..131189937 (1 cyc)
"tile 0,3 dma s2mm 1",DMA_S2MM_1_STREAM_STARVATION_MEM,6258.837507,6258.842507,cycles 131189937..131189941 (5 cyc)
"tile 0,3 dma s2mm 1",DMA_S2MM_1_STREAM_STARVATION_MEM,6258.845507,6258.846507,cycles 131189945..131189945 (1 cyc)
"tile 0,3 dma s2mm 1",DMA_S2MM_1_STREAM_STARVATION_MEM,6258.845507,6258.849507,cycles 131189945..131189948 (4 cyc)
"tile 0,3 dma s2mm 1",DMA_S2MM_1_STREAM_STARVATION_MEM,6258.852507,6258.853507,cycles 131189952..131189952 (1 cyc)
"tile 0,3 dma s2mm 1",DMA_S2MM_1_STREAM_STARVATION_MEM,6258.852507,6258.858507,cycles 131189952..131189957 (6 cyc)
"tile 0,3 dma s2mm 1",DMA_S2MM_1_STREAM_STARVATION_MEM,6258.861507,6258.862507,cycles 131189961..131189961 (1 cyc)
"tile 0,3 dma s2mm 1",DMA_S2MM_1_STREAM_STARVATION_MEM,6258.861507,6258.866507,cycles 131189961..131189965 (5 cyc)
"tile 0,3 dma s2mm 1",DMA_S2MM_1_STALLED_LOCK_MEM,6258.871507,6258.872507,cycles 131189971..131189971 (1 cyc)
"tile 0,3 dma s2mm 1",DMA_S2MM_1_STALLED_LOCK_MEM,6258.871507,6258.872507,cycles 131189971..131189971 (1 cyc)
"tile 0,3 dma s2mm 1",DMA_S2MM_1_FINISHED_BD_MEM|DMA_S2MM_1_STALLED_LOCK_MEM,6258.871507,6258.872507,cycles 131189971..131189971 (1 cyc)
"tile 0,3 dma s2mm 1",DMA_S2MM_1_STALLED_LOCK_MEM,6258.871507,6258.884507,cycles 131189971..131189983 (13 cyc)
"tile 0,3 dma s2mm 1",DMA_S2MM_1_STALLED_LOCK_MEM|DMA_S2MM_1_MEMORY_BACKPRESSURE_MEM,6258.883507,6272.979296,cycles 131189983..131204078 (14096 cyc)
"tile 0,3 dma s2mm 1",DMA_S2MM_1_STALLED_LOCK_MEM|DMA_S2MM_1_MEMORY_BACKPRESSURE_MEM|LOCK_SEL0_ACQ_GE_MEM,6272.978296,6272.979296,cycles 131204078..131204078 (1 cyc)
"tile 0,3 dma s2mm 1",DMA_S2MM_1_STALLED_LOCK_MEM|DMA_S2MM_1_MEMORY_BACKPRESSURE_MEM,6272.978296,6273.010296,cycles 131204078..131204109 (32 cyc)
"tile 0,3 dma s2mm 1",DMA_S2MM_1_STALLED_LOCK_MEM|DMA_S2MM_1_MEMORY_BACKPRESSURE_MEM|LOCK_0_REL_MEM,6273.009296,6273.010296,cycles 131204109..131204109 (1 cyc)
"tile 0,3 dma s2mm 1",DMA_S2MM_1_STALLED_LOCK_MEM|DMA_S2MM_1_MEMORY_BACKPRESSURE_MEM,6273.009296,6273.075295,cycles 131204109..131204174 (66 cyc)
"tile 0,3 dma s2mm 1",DMA_S2MM_1_MEMORY_BACKPRESSURE_MEM,6273.074295,6273.075295,cycles 131204174..131204174 (1 cyc)
"tile 0,3 dma s2mm 1",DMA_S2MM_1_STREAM_STARVATION_MEM,6273.085295,6273.086295,cycles 131204185..131204185 (1 cyc)
"tile 0,3 dma s2mm 1",DMA_S2MM_1_STREAM_STARVATION_MEM,6273.085295,6273.268292,cycles 131204185..131204367 (183 cyc)
"tile 0,3 dma s2mm 1",DMA_S2MM_1_STREAM_STARVATION_MEM|LOCK_SEL0_ACQ_GE_MEM,6273.267292,6273.268292,cycles 131204367..131204367 (1 cyc)
"tile 0,3 dma s2mm 1",DMA_S2MM_1_STREAM_STARVATION_MEM,6273.267292,6273.319291,cycles 131204367..131204418 (52 cyc)
"tile 0,3 dma s2mm 1",DMA_S2MM_1_STREAM_STARVATION_MEM|LOCK_0_REL_MEM,6273.318291,6273.319291,cycles 131204418..131204418 (1 cyc)
"tile 0,3 dma s2mm 1",DMA_S2MM_1_STREAM_STARVATION_MEM,6273.318291,6273.449289,cycles 131204418..131204548 (131 cyc)
"tile 0,3 dma s2mm 1",DMA_S2MM_1_STREAM_STARVATION_MEM|LOCK_SEL0_ACQ_GE_MEM,6273.448289,6273.449289,cycles 131204548..131204548 (1 cyc)
"tile 0,3 dma s2mm 1",DMA_S2MM_1_STREAM_STARVATION_MEM,6273.448289,6273.479289,cycles 131204548..131204578 (31 cyc)
"tile 0,3 dma s2mm 1",DMA_S2MM_1_STREAM_STARVATION_MEM|LOCK_0_REL_MEM,6273.478289,6273.479289,cycles 131204578..131204578 (1 cyc)
"tile 0,3 dma s2mm 1",DMA_S2MM_1_STREAM_STARVATION_MEM,6273.478289,6273.578287,cycles 131204578..131204677 (100 cyc)
"tile 0,3 dma s2mm 1",DMA_S2MM_1_STREAM_STARVATION_MEM|LOCK_SEL0_ACQ_GE_MEM,6273.577287,6273.578287,cycles 131204677..131204677 (1 cyc)
"tile 0,3 dma s2mm 1",DMA_S2MM_1_STREAM_STARVATION_MEM,6273.577287,6290.351037,cycles 131204677..131221450 (16774 cyc)
"tile 0,3 dma s2mm 1",DMA_S2MM_1_STREAM_STARVATION_MEM,6290.358037,6290.359037,cycles 131221458..131221458 (1 cyc)
"tile 0,3 dma s2mm 1",DMA_S2MM_1_STREAM_STARVATION_MEM,6290.358037,6303.657838,cycles 131221458..131234757 (13300 cyc)
