module {
  func.func @main() {
    %0 = routing.routingcreatehwmesh {col = 4 : i64, row = 4 : i64} -> i32
    %1 = routing.routingcreatedummytensor {dim = 2 : i64, shape = [10, 20]} -> i32
    scf.execute_region {
      %2 = routing.partitionmesh mesh = %0 : i32 {splitaxis = "row", splitnum = 4 : i32} -> i32
      %3 = routing.partitiontensor tensor = %1 : i32 {hw_axis_owner = "row", replicate_on = "col", single_tile_owner = "", splitdim = 0 : i32, splitnum = 4 : i32} -> i32
      %c0 = arith.constant 0 : index
      %c4 = arith.constant 4 : index
      %c1 = arith.constant 1 : index
      scf.for %arg0 = %c0 to %c4 step %c1 {
        %4 = arith.index_cast %arg0 : index to i32
        %5 = routing.RoutingCreate<Memo = "row"> ( scf_idx = %4 : i32) -> i32{
        ^bb0(%arg1: i32):
          %6 = routing.routingextract_data %3, %arg1 : i32, i32 -> i32
          %7 = routing.routingextract_tiles %2, %arg1 : i32, i32 -> i32
          %8 = routing.routingroutinggatherout tilelist = %7, tensordata = %6 : i32, i32 -> i32
          %9 = routing.routingcreatehwiowithtarget targettilelist = %7 : i32 {direction = "output", iotype = "mem2"} -> i32
          %10 = routing.routingmovedatabyio gatherout_tensorin = %8, hwiowithtarget = %9 : i32, i32 -> i32
        }
      }
      scf.yield
    } {routing_memo = "row"}
    scf.execute_region {
      %2 = routing.partitionmesh mesh = %0 : i32 {splitaxis = "row", splitnum = 4 : i32} -> i32
      %3 = routing.partitiontensor tensor = %1 : i32 {hw_axis_owner = "row", replicate_on = "col", single_tile_owner = "", splitdim = 0 : i32, splitnum = 4 : i32} -> i32
      %c0 = arith.constant 0 : index
      %c4 = arith.constant 4 : index
      %c1 = arith.constant 1 : index
      scf.for %arg0 = %c0 to %c4 step %c1 {
        %4 = arith.index_cast %arg0 : index to i32
        %5 = routing.RoutingCreate<Memo = "row"> ( scf_idx = %4 : i32) -> i32{
        ^bb0(%arg1: i32):
          %6 = routing.routingextract_data %3, %arg1 : i32, i32 -> i32
          %7 = routing.routingextract_tiles %2, %arg1 : i32, i32 -> i32
          %8 = routing.routingcreatehwiowithtarget targettilelist = %7 : i32 {direction = "input", iotype = "mem2"} -> i32
          %9 = routing.routingmovedatabyio gatherout_tensorin = %6, hwiowithtarget = %8 : i32, i32 -> i32
        }
      }
      scf.yield
    } {routing_memo = "row"}
    scf.execute_region {
      %2 = routing.partitionmesh mesh = %0 : i32 {splitaxis = "col", splitnum = 4 : i32} -> i32
      %3 = routing.partitiontensor tensor = %1 : i32 {hw_axis_owner = "col", replicate_on = "col", single_tile_owner = "", splitdim = 0 : i32, splitnum = 4 : i32} -> i32
      %c0 = arith.constant 0 : index
      %c4 = arith.constant 4 : index
      %c1 = arith.constant 1 : index
      scf.for %arg0 = %c0 to %c4 step %c1 {
        %4 = arith.index_cast %arg0 : index to i32
        %5 = routing.RoutingCreate<Memo = "col"> ( scf_idx = %4 : i32) -> i32{
        ^bb0(%arg1: i32):
          %6 = routing.routingextract_data %3, %arg1 : i32, i32 -> i32
          %7 = routing.routingextract_tiles %2, %arg1 : i32, i32 -> i32
          %8 = routing.routingcreatehwiowithtarget targettilelist = %7 : i32 {direction = "input", iotype = "mem2"} -> i32
          %9 = routing.routingmovedatabyio gatherout_tensorin = %6, hwiowithtarget = %8 : i32, i32 -> i32
        }
      }
      scf.yield
    } {routing_memo = "col"}
    return
  }
}module {
  func.func @main() {
    %0 = routing.routingcreatehwmesh {col = 4 : i64, row = 4 : i64} -> i32
    %1 = routing.routingcreatedummytensor {dim = 2 : i64, shape = [10, 20]} -> i32
    scf.execute_region {
      %2 = routing.partitionmesh mesh = %0 : i32 {splitaxis = "row", splitnum = 4 : i32} -> i32
      %3 = routing.partitiontensor tensor = %1 : i32 {hw_axis_owner = "row", replicate_on = "col", single_tile_owner = "", splitdim = 0 : i32, splitnum = 4 : i32} -> i32
      %c0 = arith.constant 0 : index
      %c4 = arith.constant 4 : index
      %c1 = arith.constant 1 : index
      scf.for %arg0 = %c0 to %c4 step %c1 {
        %4 = arith.index_cast %arg0 : index to i32
        %5 = routing.RoutingCreate<Memo = "row"> ( scf_idx = %4 : i32) -> i32{
        ^bb0(%arg1: i32):
          %6 = routing.routingextract_data %3, %arg1 : i32, i32 -> i32
          %7 = routing.routingextract_tiles %2, %arg1 : i32, i32 -> i32
          %8 = routing.routingroutinggatherout tilelist = %7, tensordata = %6 : i32, i32 -> i32
          %9 = routing.routingcreatehwiowithtarget targettilelist = %7 : i32 {direction = "output", iotype = "mem2"} -> i32
          %10 = routing.routingmovedatabyio gatherout_tensorin = %8, hwiowithtarget = %9 : i32, i32 -> i32
        }
      }
      scf.yield
    } {routing_memo = "row"}
    scf.execute_region {
      %2 = routing.partitionmesh mesh = %0 : i32 {splitaxis = "row", splitnum = 4 : i32} -> i32
      %3 = routing.partitiontensor tensor = %1 : i32 {hw_axis_owner = "row", replicate_on = "col", single_tile_owner = "", splitdim = 0 : i32, splitnum = 4 : i32} -> i32
      %c0 = arith.constant 0 : index
      %c4 = arith.constant 4 : index
      %c1 = arith.constant 1 : index
      scf.for %arg0 = %c0 to %c4 step %c1 {
        %4 = arith.index_cast %arg0 : index to i32
        %5 = routing.RoutingCreate<Memo = "row"> ( scf_idx = %4 : i32) -> i32{
        ^bb0(%arg1: i32):
          %6 = routing.routingextract_data %3, %arg1 : i32, i32 -> i32
          %7 = routing.routingextract_tiles %2, %arg1 : i32, i32 -> i32
          %8 = routing.routingcreatehwiowithtarget targettilelist = %7 : i32 {direction = "input", iotype = "mem2"} -> i32
          %9 = routing.routingmovedatabyio gatherout_tensorin = %6, hwiowithtarget = %8 : i32, i32 -> i32
        }
      }
      scf.yield
    } {routing_memo = "row"}
    scf.execute_region {
      %2 = routing.partitionmesh mesh = %0 : i32 {splitaxis = "col", splitnum = 4 : i32} -> i32
      %3 = routing.partitiontensor tensor = %1 : i32 {hw_axis_owner = "col", replicate_on = "col", single_tile_owner = "", splitdim = 0 : i32, splitnum = 4 : i32} -> i32
      %c0 = arith.constant 0 : index
      %c4 = arith.constant 4 : index
      %c1 = arith.constant 1 : index
      scf.for %arg0 = %c0 to %c4 step %c1 {
        %4 = arith.index_cast %arg0 : index to i32
        %5 = routing.RoutingCreate<Memo = "col"> ( scf_idx = %4 : i32) -> i32{
        ^bb0(%arg1: i32):
          %6 = routing.routingextract_data %3, %arg1 : i32, i32 -> i32
          %7 = routing.routingextract_tiles %2, %arg1 : i32, i32 -> i32
          %8 = routing.routingcreatehwiowithtarget targettilelist = %7 : i32 {direction = "input", iotype = "mem2"} -> i32
          %9 = routing.routingmovedatabyio gatherout_tensorin = %6, hwiowithtarget = %8 : i32, i32 -> i32
        }
      }
      scf.yield
    } {routing_memo = "col"}
    return
  }
}
main
// -----// IR Dump Before RoutingUnrollingLowerPass: //----- //
module {
  func.func @main() {
    %0 = routing.routingcreatehwmesh {col = 4 : i64, row = 4 : i64} -> i32
    %1 = routing.routingcreatedummytensor {dim = 2 : i64, shape = [10, 20]} -> i32
    scf.execute_region {
      %2 = routing.partitionmesh mesh = %0 : i32 {splitaxis = "row", splitnum = 4 : i32} -> i32
      %3 = routing.partitiontensor tensor = %1 : i32 {hw_axis_owner = "row", replicate_on = "col", single_tile_owner = "", splitdim = 0 : i32, splitnum = 4 : i32} -> i32
      %c0 = arith.constant 0 : index
      %c4 = arith.constant 4 : index
      %c1 = arith.constant 1 : index
      scf.for %arg0 = %c0 to %c4 step %c1 {
        %4 = arith.index_cast %arg0 : index to i32
        %5 = routing.RoutingCreate<Memo = "row"> ( scf_idx = %4 : i32) -> i32{
        ^bb0(%arg1: i32):
          %6 = routing.routingextract_data %3, %arg1 : i32, i32 -> i32
          %7 = routing.routingextract_tiles %2, %arg1 : i32, i32 -> i32
          %8 = routing.routingroutinggatherout tilelist = %7, tensordata = %6 : i32, i32 -> i32
          %9 = routing.routingcreatehwiowithtarget targettilelist = %7 : i32 {direction = "output", iotype = "mem2"} -> i32
          %10 = routing.routingmovedatabyio gatherout_tensorin = %8, hwiowithtarget = %9 : i32, i32 -> i32
        }
      }
      scf.yield
    } {routing_memo = "row"}
    scf.execute_region {
      %2 = routing.partitionmesh mesh = %0 : i32 {splitaxis = "row", splitnum = 4 : i32} -> i32
      %3 = routing.partitiontensor tensor = %1 : i32 {hw_axis_owner = "row", replicate_on = "col", single_tile_owner = "", splitdim = 0 : i32, splitnum = 4 : i32} -> i32
      %c0 = arith.constant 0 : index
      %c4 = arith.constant 4 : index
      %c1 = arith.constant 1 : index
      scf.for %arg0 = %c0 to %c4 step %c1 {
        %4 = arith.index_cast %arg0 : index to i32
        %5 = routing.RoutingCreate<Memo = "row"> ( scf_idx = %4 : i32) -> i32{
        ^bb0(%arg1: i32):
          %6 = routing.routingextract_data %3, %arg1 : i32, i32 -> i32
          %7 = routing.routingextract_tiles %2, %arg1 : i32, i32 -> i32
          %8 = routing.routingcreatehwiowithtarget targettilelist = %7 : i32 {direction = "input", iotype = "mem2"} -> i32
          %9 = routing.routingmovedatabyio gatherout_tensorin = %6, hwiowithtarget = %8 : i32, i32 -> i32
        }
      }
      scf.yield
    } {routing_memo = "row"}
    scf.execute_region {
      %2 = routing.partitionmesh mesh = %0 : i32 {splitaxis = "col", splitnum = 4 : i32} -> i32
      %3 = routing.partitiontensor tensor = %1 : i32 {hw_axis_owner = "col", replicate_on = "col", single_tile_owner = "", splitdim = 0 : i32, splitnum = 4 : i32} -> i32
      %c0 = arith.constant 0 : index
      %c4 = arith.constant 4 : index
      %c1 = arith.constant 1 : index
      scf.for %arg0 = %c0 to %c4 step %c1 {
        %4 = arith.index_cast %arg0 : index to i32
        %5 = routing.RoutingCreate<Memo = "col"> ( scf_idx = %4 : i32) -> i32{
        ^bb0(%arg1: i32):
          %6 = routing.routingextract_data %3, %arg1 : i32, i32 -> i32
          %7 = routing.routingextract_tiles %2, %arg1 : i32, i32 -> i32
          %8 = routing.routingcreatehwiowithtarget targettilelist = %7 : i32 {direction = "input", iotype = "mem2"} -> i32
          %9 = routing.routingmovedatabyio gatherout_tensorin = %6, hwiowithtarget = %8 : i32, i32 -> i32
        }
      }
      scf.yield
    } {routing_memo = "col"}
    return
  }
}
// -----// IR Dump After RoutingUnrollingLowerPass: //----- //
module attributes {codegen.headers = ["stdint.h", "stdio.h", "custom_lib.h"]} {
  func.func @main() {
    %c3_i32 = arith.constant 3 : i32
    %c2_i32 = arith.constant 2 : i32
    %c1_i32 = arith.constant 1 : i32
    %c0_i32 = arith.constant 0 : i32
    %0 = routing.routingcreatehwmesh {col = 4 : i64, row = 4 : i64} -> i32
    %1 = routing.routingcreatedummytensor {dim = 2 : i64, shape = [10, 20]} -> i32
    scf.execute_region {
      %2 = routing.partitionmesh mesh = %0 : i32 {splitaxis = "row", splitnum = 4 : i32} -> i32
      %3 = routing.partitiontensor tensor = %1 : i32 {hw_axis_owner = "row", replicate_on = "col", single_tile_owner = "", splitdim = 0 : i32, splitnum = 4 : i32} -> i32
      %4 = routing.RoutingCreate<Memo = "row"> ( scf_idx = %c0_i32 : i32) -> i32{
      ^bb0(%arg0: i32):
        %8 = routing.routingextract_data %3, %arg0 : i32, i32 -> i32
        %9 = routing.routingextract_tiles %2, %arg0 : i32, i32 -> i32
        %10 = routing.routingroutinggatherout tilelist = %9, tensordata = %8 : i32, i32 -> i32
        %11 = routing.routingcreatehwiowithtarget targettilelist = %9 : i32 {direction = "output", iotype = "mem2"} -> i32
        %12 = routing.routingmovedatabyio gatherout_tensorin = %10, hwiowithtarget = %11 : i32, i32 -> i32
      }
      %5 = routing.RoutingCreate<Memo = "row"> ( scf_idx = %c1_i32 : i32) -> i32{
      ^bb0(%arg0: i32):
        %8 = routing.routingextract_data %3, %arg0 : i32, i32 -> i32
        %9 = routing.routingextract_tiles %2, %arg0 : i32, i32 -> i32
        %10 = routing.routingroutinggatherout tilelist = %9, tensordata = %8 : i32, i32 -> i32
        %11 = routing.routingcreatehwiowithtarget targettilelist = %9 : i32 {direction = "output", iotype = "mem2"} -> i32
        %12 = routing.routingmovedatabyio gatherout_tensorin = %10, hwiowithtarget = %11 : i32, i32 -> i32
      }
      %6 = routing.RoutingCreate<Memo = "row"> ( scf_idx = %c2_i32 : i32) -> i32{
      ^bb0(%arg0: i32):
        %8 = routing.routingextract_data %3, %arg0 : i32, i32 -> i32
        %9 = routing.routingextract_tiles %2, %arg0 : i32, i32 -> i32
        %10 = routing.routingroutinggatherout tilelist = %9, tensordata = %8 : i32, i32 -> i32
        %11 = routing.routingcreatehwiowithtarget targettilelist = %9 : i32 {direction = "output", iotype = "mem2"} -> i32
        %12 = routing.routingmovedatabyio gatherout_tensorin = %10, hwiowithtarget = %11 : i32, i32 -> i32
      }
      %7 = routing.RoutingCreate<Memo = "row"> ( scf_idx = %c3_i32 : i32) -> i32{
      ^bb0(%arg0: i32):
        %8 = routing.routingextract_data %3, %arg0 : i32, i32 -> i32
        %9 = routing.routingextract_tiles %2, %arg0 : i32, i32 -> i32
        %10 = routing.routingroutinggatherout tilelist = %9, tensordata = %8 : i32, i32 -> i32
        %11 = routing.routingcreatehwiowithtarget targettilelist = %9 : i32 {direction = "output", iotype = "mem2"} -> i32
        %12 = routing.routingmovedatabyio gatherout_tensorin = %10, hwiowithtarget = %11 : i32, i32 -> i32
      }
      scf.yield
    } {routing_memo = "row"}
    scf.execute_region {
      %2 = routing.partitionmesh mesh = %0 : i32 {splitaxis = "row", splitnum = 4 : i32} -> i32
      %3 = routing.partitiontensor tensor = %1 : i32 {hw_axis_owner = "row", replicate_on = "col", single_tile_owner = "", splitdim = 0 : i32, splitnum = 4 : i32} -> i32
      %4 = routing.RoutingCreate<Memo = "row"> ( scf_idx = %c0_i32 : i32) -> i32{
      ^bb0(%arg0: i32):
        %8 = routing.routingextract_data %3, %arg0 : i32, i32 -> i32
        %9 = routing.routingextract_tiles %2, %arg0 : i32, i32 -> i32
        %10 = routing.routingcreatehwiowithtarget targettilelist = %9 : i32 {direction = "input", iotype = "mem2"} -> i32
        %11 = routing.routingmovedatabyio gatherout_tensorin = %8, hwiowithtarget = %10 : i32, i32 -> i32
      }
      %5 = routing.RoutingCreate<Memo = "row"> ( scf_idx = %c1_i32 : i32) -> i32{
      ^bb0(%arg0: i32):
        %8 = routing.routingextract_data %3, %arg0 : i32, i32 -> i32
        %9 = routing.routingextract_tiles %2, %arg0 : i32, i32 -> i32
        %10 = routing.routingcreatehwiowithtarget targettilelist = %9 : i32 {direction = "input", iotype = "mem2"} -> i32
        %11 = routing.routingmovedatabyio gatherout_tensorin = %8, hwiowithtarget = %10 : i32, i32 -> i32
      }
      %6 = routing.RoutingCreate<Memo = "row"> ( scf_idx = %c2_i32 : i32) -> i32{
      ^bb0(%arg0: i32):
        %8 = routing.routingextract_data %3, %arg0 : i32, i32 -> i32
        %9 = routing.routingextract_tiles %2, %arg0 : i32, i32 -> i32
        %10 = routing.routingcreatehwiowithtarget targettilelist = %9 : i32 {direction = "input", iotype = "mem2"} -> i32
        %11 = routing.routingmovedatabyio gatherout_tensorin = %8, hwiowithtarget = %10 : i32, i32 -> i32
      }
      %7 = routing.RoutingCreate<Memo = "row"> ( scf_idx = %c3_i32 : i32) -> i32{
      ^bb0(%arg0: i32):
        %8 = routing.routingextract_data %3, %arg0 : i32, i32 -> i32
        %9 = routing.routingextract_tiles %2, %arg0 : i32, i32 -> i32
        %10 = routing.routingcreatehwiowithtarget targettilelist = %9 : i32 {direction = "input", iotype = "mem2"} -> i32
        %11 = routing.routingmovedatabyio gatherout_tensorin = %8, hwiowithtarget = %10 : i32, i32 -> i32
      }
      scf.yield
    } {routing_memo = "row"}
    scf.execute_region {
      %2 = routing.partitionmesh mesh = %0 : i32 {splitaxis = "col", splitnum = 4 : i32} -> i32
      %3 = routing.partitiontensor tensor = %1 : i32 {hw_axis_owner = "col", replicate_on = "col", single_tile_owner = "", splitdim = 0 : i32, splitnum = 4 : i32} -> i32
      %4 = routing.RoutingCreate<Memo = "col"> ( scf_idx = %c0_i32 : i32) -> i32{
      ^bb0(%arg0: i32):
        %8 = routing.routingextract_data %3, %arg0 : i32, i32 -> i32
        %9 = routing.routingextract_tiles %2, %arg0 : i32, i32 -> i32
        %10 = routing.routingcreatehwiowithtarget targettilelist = %9 : i32 {direction = "input", iotype = "mem2"} -> i32
        %11 = routing.routingmovedatabyio gatherout_tensorin = %8, hwiowithtarget = %10 : i32, i32 -> i32
      }
      %5 = routing.RoutingCreate<Memo = "col"> ( scf_idx = %c1_i32 : i32) -> i32{
      ^bb0(%arg0: i32):
        %8 = routing.routingextract_data %3, %arg0 : i32, i32 -> i32
        %9 = routing.routingextract_tiles %2, %arg0 : i32, i32 -> i32
        %10 = routing.routingcreatehwiowithtarget targettilelist = %9 : i32 {direction = "input", iotype = "mem2"} -> i32
        %11 = routing.routingmovedatabyio gatherout_tensorin = %8, hwiowithtarget = %10 : i32, i32 -> i32
      }
      %6 = routing.RoutingCreate<Memo = "col"> ( scf_idx = %c2_i32 : i32) -> i32{
      ^bb0(%arg0: i32):
        %8 = routing.routingextract_data %3, %arg0 : i32, i32 -> i32
        %9 = routing.routingextract_tiles %2, %arg0 : i32, i32 -> i32
        %10 = routing.routingcreatehwiowithtarget targettilelist = %9 : i32 {direction = "input", iotype = "mem2"} -> i32
        %11 = routing.routingmovedatabyio gatherout_tensorin = %8, hwiowithtarget = %10 : i32, i32 -> i32
      }
      %7 = routing.RoutingCreate<Memo = "col"> ( scf_idx = %c3_i32 : i32) -> i32{
      ^bb0(%arg0: i32):
        %8 = routing.routingextract_data %3, %arg0 : i32, i32 -> i32
        %9 = routing.routingextract_tiles %2, %arg0 : i32, i32 -> i32
        %10 = routing.routingcreatehwiowithtarget targettilelist = %9 : i32 {direction = "input", iotype = "mem2"} -> i32
        %11 = routing.routingmovedatabyio gatherout_tensorin = %8, hwiowithtarget = %10 : i32, i32 -> i32
      }
      scf.yield
    } {routing_memo = "col"}
    return
  }
}
tile type is  TileType::Core , tile relative row is 3
get the shim tile is 3 channel is 0 IOID is 1

Key: (row is 3, col is 0)
  - SlaveReceiveForwardDirection: NONE
  - SlaveReceiveForwardDirectionPortIdx: 0
  - SlaveReceivePktID: 0
  - SlaveReceivePktType: 0
  - localDMAForwardPortIdx: 0
  - localDMAForwardPktID: 1
  - localDMAForwardPktType: 0
  - MasterSendToNextTileDirection: EAST
  - MasterSendToNextTileDirectionPortIdx: 0

Key: (row is 3, col is 1)
  - SlaveReceiveForwardDirection: WEST
  - SlaveReceiveForwardDirectionPortIdx: 0
  - SlaveReceivePktID: 0
  - SlaveReceivePktType: 0
  - localDMAForwardPortIdx: 0
  - localDMAForwardPktID: 2
  - localDMAForwardPktType: 0
  - MasterSendToNextTileDirection: EAST
  - MasterSendToNextTileDirectionPortIdx: 0

Key: (row is 3, col is 2)
  - SlaveReceiveForwardDirection: WEST
  - SlaveReceiveForwardDirectionPortIdx: 0
  - SlaveReceivePktID: 0
  - SlaveReceivePktType: 0
  - localDMAForwardPortIdx: 0
  - localDMAForwardPktID: 3
  - localDMAForwardPktType: 0
  - MasterSendToNextTileDirection: EAST
  - MasterSendToNextTileDirectionPortIdx: 0

Key: (row is 3, col is 3)
  - SlaveReceiveForwardDirection: WEST
  - SlaveReceiveForwardDirectionPortIdx: 0
  - SlaveReceivePktID: 0
  - SlaveReceivePktType: 0
  - localDMAForwardPortIdx: 0
  - localDMAForwardPktID: 4
  - localDMAForwardPktType: 0
  - MasterSendToNextTileDirection: NONE
  - MasterSendToNextTileDirectionPortIdx: 0
tile type is  TileType::Core , tile relative row is 4
get the shim tile is 3 channel is 1 IOID is 3

Key: (row is 4, col is 0)
  - SlaveReceiveForwardDirection: NONE
  - SlaveReceiveForwardDirectionPortIdx: 0
  - SlaveReceivePktID: 0
  - SlaveReceivePktType: 0
  - localDMAForwardPortIdx: 0
  - localDMAForwardPktID: 1
  - localDMAForwardPktType: 0
  - MasterSendToNextTileDirection: EAST
  - MasterSendToNextTileDirectionPortIdx: 0

Key: (row is 4, col is 1)
  - SlaveReceiveForwardDirection: WEST
  - SlaveReceiveForwardDirectionPortIdx: 0
  - SlaveReceivePktID: 0
  - SlaveReceivePktType: 0
  - localDMAForwardPortIdx: 0
  - localDMAForwardPktID: 2
  - localDMAForwardPktType: 0
  - MasterSendToNextTileDirection: EAST
  - MasterSendToNextTileDirectionPortIdx: 0

Key: (row is 4, col is 2)
  - SlaveReceiveForwardDirection: WEST
  - SlaveReceiveForwardDirectionPortIdx: 0
  - SlaveReceivePktID: 0
  - SlaveReceivePktType: 0
  - localDMAForwardPortIdx: 0
  - localDMAForwardPktID: 3
  - localDMAForwardPktType: 0
  - MasterSendToNextTileDirection: EAST
  - MasterSendToNextTileDirectionPortIdx: 0

Key: (row is 4, col is 3)
  - SlaveReceiveForwardDirection: WEST
  - SlaveReceiveForwardDirectionPortIdx: 0
  - SlaveReceivePktID: 0
  - SlaveReceivePktType: 0
  - localDMAForwardPortIdx: 0
  - localDMAForwardPktID: 4
  - localDMAForwardPktType: 0
  - MasterSendToNextTileDirection: NONE
  - MasterSendToNextTileDirectionPortIdx: 0
tile type is  TileType::Core , tile relative row is 5
get the shim tile is 2 channel is 0 IOID is 5

Key: (row is 5, col is 0)
  - SlaveReceiveForwardDirection: NONE
  - SlaveReceiveForwardDirectionPortIdx: 0
  - SlaveReceivePktID: 0
  - SlaveReceivePktType: 0
  - localDMAForwardPortIdx: 0
  - localDMAForwardPktID: 1
  - localDMAForwardPktType: 0
  - MasterSendToNextTileDirection: EAST
  - MasterSendToNextTileDirectionPortIdx: 0

Key: (row is 5, col is 1)
  - SlaveReceiveForwardDirection: WEST
  - SlaveReceiveForwardDirectionPortIdx: 0
  - SlaveReceivePktID: 0
  - SlaveReceivePktType: 0
  - localDMAForwardPortIdx: 0
  - localDMAForwardPktID: 2
  - localDMAForwardPktType: 0
  - MasterSendToNextTileDirection: EAST
  - MasterSendToNextTileDirectionPortIdx: 0

Key: (row is 5, col is 2)
  - SlaveReceiveForwardDirection: WEST
  - SlaveReceiveForwardDirectionPortIdx: 0
  - SlaveReceivePktID: 0
  - SlaveReceivePktType: 0
  - localDMAForwardPortIdx: 0
  - localDMAForwardPktID: 3
  - localDMAForwardPktType: 0
  - MasterSendToNextTileDirection: EAST
  - MasterSendToNextTileDirectionPortIdx: 0

Key: (row is 5, col is 3)
  - SlaveReceiveForwardDirection: WEST
  - SlaveReceiveForwardDirectionPortIdx: 0
  - SlaveReceivePktID: 0
  - SlaveReceivePktType: 0
  - localDMAForwardPortIdx: 0
  - localDMAForwardPktID: 4
  - localDMAForwardPktType: 0
  - MasterSendToNextTileDirection: NONE
  - MasterSendToNextTileDirectionPortIdx: 0
tile type is  TileType::Core , tile relative row is 6
get the shim tile is 2 channel is 1 IOID is 7

Key: (row is 6, col is 0)
  - SlaveReceiveForwardDirection: NONE
  - SlaveReceiveForwardDirectionPortIdx: 0
  - SlaveReceivePktID: 0
  - SlaveReceivePktType: 0
  - localDMAForwardPortIdx: 0
  - localDMAForwardPktID: 1
  - localDMAForwardPktType: 0
  - MasterSendToNextTileDirection: EAST
  - MasterSendToNextTileDirectionPortIdx: 0

Key: (row is 6, col is 1)
  - SlaveReceiveForwardDirection: WEST
  - SlaveReceiveForwardDirectionPortIdx: 0
  - SlaveReceivePktID: 0
  - SlaveReceivePktType: 0
  - localDMAForwardPortIdx: 0
  - localDMAForwardPktID: 2
  - localDMAForwardPktType: 0
  - MasterSendToNextTileDirection: EAST
  - MasterSendToNextTileDirectionPortIdx: 0

Key: (row is 6, col is 2)
  - SlaveReceiveForwardDirection: WEST
  - SlaveReceiveForwardDirectionPortIdx: 0
  - SlaveReceivePktID: 0
  - SlaveReceivePktType: 0
  - localDMAForwardPortIdx: 0
  - localDMAForwardPktID: 3
  - localDMAForwardPktType: 0
  - MasterSendToNextTileDirection: EAST
  - MasterSendToNextTileDirectionPortIdx: 0

Key: (row is 6, col is 3)
  - SlaveReceiveForwardDirection: WEST
  - SlaveReceiveForwardDirectionPortIdx: 0
  - SlaveReceivePktID: 0
  - SlaveReceivePktType: 0
  - localDMAForwardPortIdx: 0
  - localDMAForwardPktID: 4
  - localDMAForwardPktType: 0
  - MasterSendToNextTileDirection: NONE
  - MasterSendToNextTileDirectionPortIdx: 0
tile type is  TileType::Core , tile relative row is 3
get the shim tile is 6 channel is 0 IOID is 9
tile type is  TileType::Core , tile relative row is 4
get the shim tile is 6 channel is 1 IOID is 10
tile type is  TileType::Core , tile relative row is 5
get the shim tile is 7 channel is 0 IOID is 11
tile type is  TileType::Core , tile relative row is 6
get the shim tile is 7 channel is 1 IOID is 12
tile type is  TileType::Core , tile relative row is 3
get the shim tile is 14 channel is 0 IOID is 13
tile type is  TileType::Core , tile relative row is 3
get the shim tile is 14 channel is 1 IOID is 14
tile type is  TileType::Core , tile relative row is 3
get the shim tile is 15 channel is 0 IOID is 15
tile type is  TileType::Core , tile relative row is 3
get the shim tile is 15 channel is 1 IOID is 16
// -----// IR Dump After RoutingLowerPass: //----- //
module attributes {codegen.headers = ["stdint.h", "stdio.h", "custom_lib.h"]} {
  func.func @main() {
    %c3_i32 = arith.constant 3 : i32
    %c2_i32 = arith.constant 2 : i32
    %c1_i32 = arith.constant 1 : i32
    %c0_i32 = arith.constant 0 : i32
    scf.execute_region {
      %0 = routing.RoutingCreate<Memo = "row"> ( scf_idx = %c0_i32 : i32) -> i32{
      ^bb0(%arg0: i32):
        %4 = routinghw.tilearrayhandlecreate {name = "array handle"} : i32
        %5 = routinghw.ioshimtilecreate {IOID = 1 : i32, channelused = 0 : i32, col = 3 : i32, comments = "dio0", dmadirection = 0 : i32, row = 0 : i32} -> i32
        %6 = routinghw.tilecreate {col = 0 : i32, comments = "tile reserved", row = 3 : i32} -> i32
        %7 = routinghw.tilecreate {col = 1 : i32, comments = "tile reserved", row = 3 : i32} -> i32
        %8 = routinghw.tilecreate {col = 2 : i32, comments = "tile reserved", row = 3 : i32} -> i32
        %9 = routinghw.tilecreate {col = 3 : i32, comments = "tile reserved", row = 3 : i32} -> i32
        %10 = routinghw.connectpktstreamswitchport %6 : i32 {forwardmasterdirection = "EAST", forwardmasterportidx = 0 : i32, localdmadirection = "DMA", localdmapktid = 1 : i32, localdmapkttype = 0 : i32, localdmaportidx = 0 : i32, receiveslavedirection = "NONE", receiveslavepktid = 0 : i32, receiveslavepkttype = 0 : i32, receiveslaveportidx = 0 : i32} -> i32
        %11 = routinghw.connectpktstreamswitchport %7 : i32 {forwardmasterdirection = "EAST", forwardmasterportidx = 0 : i32, localdmadirection = "DMA", localdmapktid = 2 : i32, localdmapkttype = 0 : i32, localdmaportidx = 0 : i32, receiveslavedirection = "WEST", receiveslavepktid = 0 : i32, receiveslavepkttype = 0 : i32, receiveslaveportidx = 0 : i32} -> i32
        %12 = routinghw.connectpktstreamswitchport %8 : i32 {forwardmasterdirection = "EAST", forwardmasterportidx = 0 : i32, localdmadirection = "DMA", localdmapktid = 3 : i32, localdmapkttype = 0 : i32, localdmaportidx = 0 : i32, receiveslavedirection = "WEST", receiveslavepktid = 0 : i32, receiveslavepkttype = 0 : i32, receiveslaveportidx = 0 : i32} -> i32
        %13 = routinghw.connectpktstreamswitchport %9 : i32 {forwardmasterdirection = "NONE", forwardmasterportidx = 0 : i32, localdmadirection = "DMA", localdmapktid = 4 : i32, localdmapkttype = 0 : i32, localdmaportidx = 0 : i32, receiveslavedirection = "WEST", receiveslavepktid = 0 : i32, receiveslavepkttype = 0 : i32, receiveslaveportidx = 0 : i32} -> i32
        %14 = routinghw.tilecreate {col = 3 : i32, comments = "tile in path", row = 2 : i32} -> i32
        %15 = routinghw.tilecreate {col = 3 : i32, comments = "tile in path", row = 1 : i32} -> i32
        %16 = routinghw.tilecreate {col = 3 : i32, comments = "tile in path", row = 0 : i32} -> i32
        %17 = routinghw.connectpktstreamswitchport %9 : i32 {forwardmasterdirection = "SOUTH", forwardmasterportidx = 0 : i32, localdmadirection = "NONE", localdmapktid = 0 : i32, localdmapkttype = 0 : i32, localdmaportidx = 0 : i32, receiveslavedirection = "NONE", receiveslavepktid = 0 : i32, receiveslavepkttype = 0 : i32, receiveslaveportidx = 0 : i32} -> i32
        %18 = routinghw.connectsinglestreamswitchport %14 : {slaveportdirection = "NORTH", slaveportidx = 0, masterportdirection = "SOUTH", masterportidx = 0} : i32
        %19 = routinghw.connectsinglestreamswitchport %15 : {slaveportdirection = "NORTH", slaveportidx = 0, masterportdirection = "SOUTH", masterportidx = 0} : i32
        %20 = routinghw.enableaietoextshimport %5 : i32 {portdirection = "SOUTH", portidx = 2 : i32} -> i32
        %21 = routinghw.connectsinglestreamswitchport %5 : {slaveportdirection = "SOUTH", slaveportidx = 2, masterportdirection = "SOUTH", masterportidx = 2} : i32
      }
      %1 = routing.RoutingCreate<Memo = "row"> ( scf_idx = %c1_i32 : i32) -> i32{
      ^bb0(%arg0: i32):
        %4 = routinghw.tilearrayhandlecreate {name = "array handle"} : i32
        %5 = routinghw.ioshimtilecreate {IOID = 3 : i32, channelused = 1 : i32, col = 3 : i32, comments = "dio2", dmadirection = 0 : i32, row = 0 : i32} -> i32
        %6 = routinghw.tilecreate {col = 0 : i32, comments = "tile reserved", row = 4 : i32} -> i32
        %7 = routinghw.tilecreate {col = 1 : i32, comments = "tile reserved", row = 4 : i32} -> i32
        %8 = routinghw.tilecreate {col = 2 : i32, comments = "tile reserved", row = 4 : i32} -> i32
        %9 = routinghw.tilecreate {col = 3 : i32, comments = "tile reserved", row = 4 : i32} -> i32
        %10 = routinghw.connectpktstreamswitchport %6 : i32 {forwardmasterdirection = "EAST", forwardmasterportidx = 0 : i32, localdmadirection = "DMA", localdmapktid = 1 : i32, localdmapkttype = 0 : i32, localdmaportidx = 0 : i32, receiveslavedirection = "NONE", receiveslavepktid = 0 : i32, receiveslavepkttype = 0 : i32, receiveslaveportidx = 0 : i32} -> i32
        %11 = routinghw.connectpktstreamswitchport %7 : i32 {forwardmasterdirection = "EAST", forwardmasterportidx = 0 : i32, localdmadirection = "DMA", localdmapktid = 2 : i32, localdmapkttype = 0 : i32, localdmaportidx = 0 : i32, receiveslavedirection = "WEST", receiveslavepktid = 0 : i32, receiveslavepkttype = 0 : i32, receiveslaveportidx = 0 : i32} -> i32
        %12 = routinghw.connectpktstreamswitchport %8 : i32 {forwardmasterdirection = "EAST", forwardmasterportidx = 0 : i32, localdmadirection = "DMA", localdmapktid = 3 : i32, localdmapkttype = 0 : i32, localdmaportidx = 0 : i32, receiveslavedirection = "WEST", receiveslavepktid = 0 : i32, receiveslavepkttype = 0 : i32, receiveslaveportidx = 0 : i32} -> i32
        %13 = routinghw.connectpktstreamswitchport %9 : i32 {forwardmasterdirection = "NONE", forwardmasterportidx = 0 : i32, localdmadirection = "DMA", localdmapktid = 4 : i32, localdmapkttype = 0 : i32, localdmaportidx = 0 : i32, receiveslavedirection = "WEST", receiveslavepktid = 0 : i32, receiveslavepkttype = 0 : i32, receiveslaveportidx = 0 : i32} -> i32
        %14 = routinghw.tilecreate {col = 3 : i32, comments = "tile in path", row = 3 : i32} -> i32
        %15 = routinghw.tilecreate {col = 3 : i32, comments = "tile in path", row = 2 : i32} -> i32
        %16 = routinghw.tilecreate {col = 3 : i32, comments = "tile in path", row = 1 : i32} -> i32
        %17 = routinghw.tilecreate {col = 3 : i32, comments = "tile in path", row = 0 : i32} -> i32
        %18 = routinghw.connectpktstreamswitchport %9 : i32 {forwardmasterdirection = "SOUTH", forwardmasterportidx = 0 : i32, localdmadirection = "NONE", localdmapktid = 0 : i32, localdmapkttype = 0 : i32, localdmaportidx = 0 : i32, receiveslavedirection = "NONE", receiveslavepktid = 0 : i32, receiveslavepkttype = 0 : i32, receiveslaveportidx = 0 : i32} -> i32
        %19 = routinghw.connectsinglestreamswitchport %14 : {slaveportdirection = "NORTH", slaveportidx = 0, masterportdirection = "SOUTH", masterportidx = 1} : i32
        %20 = routinghw.connectsinglestreamswitchport %15 : {slaveportdirection = "NORTH", slaveportidx = 1, masterportdirection = "SOUTH", masterportidx = 1} : i32
        %21 = routinghw.connectsinglestreamswitchport %16 : {slaveportdirection = "NORTH", slaveportidx = 1, masterportdirection = "SOUTH", masterportidx = 1} : i32
        %22 = routinghw.enableaietoextshimport %5 : i32 {portdirection = "SOUTH", portidx = 3 : i32} -> i32
        %23 = routinghw.connectsinglestreamswitchport %5 : {slaveportdirection = "SOUTH", slaveportidx = 3, masterportdirection = "SOUTH", masterportidx = 3} : i32
      }
      %2 = routing.RoutingCreate<Memo = "row"> ( scf_idx = %c2_i32 : i32) -> i32{
      ^bb0(%arg0: i32):
        %4 = routinghw.tilearrayhandlecreate {name = "array handle"} : i32
        %5 = routinghw.ioshimtilecreate {IOID = 5 : i32, channelused = 0 : i32, col = 2 : i32, comments = "dio4", dmadirection = 0 : i32, row = 0 : i32} -> i32
        %6 = routinghw.tilecreate {col = 0 : i32, comments = "tile reserved", row = 5 : i32} -> i32
        %7 = routinghw.tilecreate {col = 1 : i32, comments = "tile reserved", row = 5 : i32} -> i32
        %8 = routinghw.tilecreate {col = 2 : i32, comments = "tile reserved", row = 5 : i32} -> i32
        %9 = routinghw.tilecreate {col = 3 : i32, comments = "tile reserved", row = 5 : i32} -> i32
        %10 = routinghw.connectpktstreamswitchport %6 : i32 {forwardmasterdirection = "EAST", forwardmasterportidx = 0 : i32, localdmadirection = "DMA", localdmapktid = 1 : i32, localdmapkttype = 0 : i32, localdmaportidx = 0 : i32, receiveslavedirection = "NONE", receiveslavepktid = 0 : i32, receiveslavepkttype = 0 : i32, receiveslaveportidx = 0 : i32} -> i32
        %11 = routinghw.connectpktstreamswitchport %7 : i32 {forwardmasterdirection = "EAST", forwardmasterportidx = 0 : i32, localdmadirection = "DMA", localdmapktid = 2 : i32, localdmapkttype = 0 : i32, localdmaportidx = 0 : i32, receiveslavedirection = "WEST", receiveslavepktid = 0 : i32, receiveslavepkttype = 0 : i32, receiveslaveportidx = 0 : i32} -> i32
        %12 = routinghw.connectpktstreamswitchport %8 : i32 {forwardmasterdirection = "EAST", forwardmasterportidx = 0 : i32, localdmadirection = "DMA", localdmapktid = 3 : i32, localdmapkttype = 0 : i32, localdmaportidx = 0 : i32, receiveslavedirection = "WEST", receiveslavepktid = 0 : i32, receiveslavepkttype = 0 : i32, receiveslaveportidx = 0 : i32} -> i32
        %13 = routinghw.connectpktstreamswitchport %9 : i32 {forwardmasterdirection = "NONE", forwardmasterportidx = 0 : i32, localdmadirection = "DMA", localdmapktid = 4 : i32, localdmapkttype = 0 : i32, localdmaportidx = 0 : i32, receiveslavedirection = "WEST", receiveslavepktid = 0 : i32, receiveslavepkttype = 0 : i32, receiveslaveportidx = 0 : i32} -> i32
        %14 = routinghw.tilecreate {col = 3 : i32, comments = "tile in path", row = 4 : i32} -> i32
        %15 = routinghw.tilecreate {col = 3 : i32, comments = "tile in path", row = 3 : i32} -> i32
        %16 = routinghw.tilecreate {col = 3 : i32, comments = "tile in path", row = 2 : i32} -> i32
        %17 = routinghw.tilecreate {col = 3 : i32, comments = "tile in path", row = 1 : i32} -> i32
        %18 = routinghw.tilecreate {col = 2 : i32, comments = "tile in path", row = 1 : i32} -> i32
        %19 = routinghw.tilecreate {col = 2 : i32, comments = "tile in path", row = 0 : i32} -> i32
        %20 = routinghw.connectpktstreamswitchport %9 : i32 {forwardmasterdirection = "SOUTH", forwardmasterportidx = 0 : i32, localdmadirection = "NONE", localdmapktid = 0 : i32, localdmapkttype = 0 : i32, localdmaportidx = 0 : i32, receiveslavedirection = "NONE", receiveslavepktid = 0 : i32, receiveslavepkttype = 0 : i32, receiveslaveportidx = 0 : i32} -> i32
        %21 = routinghw.connectsinglestreamswitchport %14 : {slaveportdirection = "NORTH", slaveportidx = 0, masterportdirection = "SOUTH", masterportidx = 1} : i32
        %22 = routinghw.connectsinglestreamswitchport %15 : {slaveportdirection = "NORTH", slaveportidx = 1, masterportdirection = "SOUTH", masterportidx = 2} : i32
        %23 = routinghw.connectsinglestreamswitchport %16 : {slaveportdirection = "NORTH", slaveportidx = 2, masterportdirection = "SOUTH", masterportidx = 2} : i32
        %24 = routinghw.connectsinglestreamswitchport %17 : {slaveportdirection = "NORTH", slaveportidx = 2, masterportdirection = "WEST", masterportidx = 0} : i32
        %25 = routinghw.connectsinglestreamswitchport %18 : {slaveportdirection = "EAST", slaveportidx = 0, masterportdirection = "SOUTH", masterportidx = 0} : i32
        %26 = routinghw.enableaietoextshimport %5 : i32 {portdirection = "SOUTH", portidx = 2 : i32} -> i32
        %27 = routinghw.connectsinglestreamswitchport %5 : {slaveportdirection = "SOUTH", slaveportidx = 2, masterportdirection = "SOUTH", masterportidx = 2} : i32
      }
      %3 = routing.RoutingCreate<Memo = "row"> ( scf_idx = %c3_i32 : i32) -> i32{
      ^bb0(%arg0: i32):
        %4 = routinghw.tilearrayhandlecreate {name = "array handle"} : i32
        %5 = routinghw.ioshimtilecreate {IOID = 7 : i32, channelused = 1 : i32, col = 2 : i32, comments = "dio6", dmadirection = 0 : i32, row = 0 : i32} -> i32
        %6 = routinghw.tilecreate {col = 0 : i32, comments = "tile reserved", row = 6 : i32} -> i32
        %7 = routinghw.tilecreate {col = 1 : i32, comments = "tile reserved", row = 6 : i32} -> i32
        %8 = routinghw.tilecreate {col = 2 : i32, comments = "tile reserved", row = 6 : i32} -> i32
        %9 = routinghw.tilecreate {col = 3 : i32, comments = "tile reserved", row = 6 : i32} -> i32
        %10 = routinghw.connectpktstreamswitchport %6 : i32 {forwardmasterdirection = "EAST", forwardmasterportidx = 0 : i32, localdmadirection = "DMA", localdmapktid = 1 : i32, localdmapkttype = 0 : i32, localdmaportidx = 0 : i32, receiveslavedirection = "NONE", receiveslavepktid = 0 : i32, receiveslavepkttype = 0 : i32, receiveslaveportidx = 0 : i32} -> i32
        %11 = routinghw.connectpktstreamswitchport %7 : i32 {forwardmasterdirection = "EAST", forwardmasterportidx = 0 : i32, localdmadirection = "DMA", localdmapktid = 2 : i32, localdmapkttype = 0 : i32, localdmaportidx = 0 : i32, receiveslavedirection = "WEST", receiveslavepktid = 0 : i32, receiveslavepkttype = 0 : i32, receiveslaveportidx = 0 : i32} -> i32
        %12 = routinghw.connectpktstreamswitchport %8 : i32 {forwardmasterdirection = "EAST", forwardmasterportidx = 0 : i32, localdmadirection = "DMA", localdmapktid = 3 : i32, localdmapkttype = 0 : i32, localdmaportidx = 0 : i32, receiveslavedirection = "WEST", receiveslavepktid = 0 : i32, receiveslavepkttype = 0 : i32, receiveslaveportidx = 0 : i32} -> i32
        %13 = routinghw.connectpktstreamswitchport %9 : i32 {forwardmasterdirection = "NONE", forwardmasterportidx = 0 : i32, localdmadirection = "DMA", localdmapktid = 4 : i32, localdmapkttype = 0 : i32, localdmaportidx = 0 : i32, receiveslavedirection = "WEST", receiveslavepktid = 0 : i32, receiveslavepkttype = 0 : i32, receiveslaveportidx = 0 : i32} -> i32
        %14 = routinghw.tilecreate {col = 3 : i32, comments = "tile in path", row = 5 : i32} -> i32
        %15 = routinghw.tilecreate {col = 3 : i32, comments = "tile in path", row = 4 : i32} -> i32
        %16 = routinghw.tilecreate {col = 3 : i32, comments = "tile in path", row = 3 : i32} -> i32
        %17 = routinghw.tilecreate {col = 3 : i32, comments = "tile in path", row = 2 : i32} -> i32
        %18 = routinghw.tilecreate {col = 3 : i32, comments = "tile in path", row = 1 : i32} -> i32
        %19 = routinghw.tilecreate {col = 2 : i32, comments = "tile in path", row = 1 : i32} -> i32
        %20 = routinghw.tilecreate {col = 2 : i32, comments = "tile in path", row = 0 : i32} -> i32
        %21 = routinghw.connectpktstreamswitchport %9 : i32 {forwardmasterdirection = "SOUTH", forwardmasterportidx = 0 : i32, localdmadirection = "NONE", localdmapktid = 0 : i32, localdmapkttype = 0 : i32, localdmaportidx = 0 : i32, receiveslavedirection = "NONE", receiveslavepktid = 0 : i32, receiveslavepkttype = 0 : i32, receiveslaveportidx = 0 : i32} -> i32
        %22 = routinghw.connectsinglestreamswitchport %14 : {slaveportdirection = "NORTH", slaveportidx = 0, masterportdirection = "SOUTH", masterportidx = 1} : i32
        %23 = routinghw.connectsinglestreamswitchport %15 : {slaveportdirection = "NORTH", slaveportidx = 1, masterportdirection = "SOUTH", masterportidx = 2} : i32
        %24 = routinghw.connectsinglestreamswitchport %16 : {slaveportdirection = "NORTH", slaveportidx = 2, masterportdirection = "SOUTH", masterportidx = 3} : i32
        %25 = routinghw.connectsinglestreamswitchport %17 : {slaveportdirection = "NORTH", slaveportidx = 3, masterportdirection = "SOUTH", masterportidx = 3} : i32
        %26 = routinghw.connectsinglestreamswitchport %18 : {slaveportdirection = "NORTH", slaveportidx = 3, masterportdirection = "WEST", masterportidx = 1} : i32
        %27 = routinghw.connectsinglestreamswitchport %19 : {slaveportdirection = "EAST", slaveportidx = 1, masterportdirection = "SOUTH", masterportidx = 1} : i32
        %28 = routinghw.enableaietoextshimport %5 : i32 {portdirection = "SOUTH", portidx = 3 : i32} -> i32
        %29 = routinghw.connectsinglestreamswitchport %5 : {slaveportdirection = "SOUTH", slaveportidx = 3, masterportdirection = "SOUTH", masterportidx = 3} : i32
      }
      scf.yield
    } {routing_memo = "row"}
    scf.execute_region {
      %0 = routing.RoutingCreate<Memo = "row"> ( scf_idx = %c0_i32 : i32) -> i32{
      ^bb0(%arg0: i32):
        %4 = routinghw.tilearrayhandlecreate {name = "array handle"} : i32
        %5 = routinghw.ioshimtilecreate {IOID = 9 : i32, channelused = 0 : i32, col = 6 : i32, comments = "dio8", dmadirection = 0 : i32, row = 0 : i32} -> i32
        %6 = routinghw.tilecreate {col = 0 : i32, comments = "tile reserved", row = 3 : i32} -> i32
        %7 = routinghw.tilecreate {col = 1 : i32, comments = "tile reserved", row = 3 : i32} -> i32
        %8 = routinghw.tilecreate {col = 2 : i32, comments = "tile reserved", row = 3 : i32} -> i32
        %9 = routinghw.tilecreate {col = 3 : i32, comments = "tile reserved", row = 3 : i32} -> i32
        %10 = routinghw.tilecreate {col = 6 : i32, comments = "tile in path", row = 0 : i32} -> i32
        %11 = routinghw.tilecreate {col = 6 : i32, comments = "tile in path", row = 1 : i32} -> i32
        %12 = routinghw.tilecreate {col = 6 : i32, comments = "tile in path", row = 2 : i32} -> i32
        %13 = routinghw.tilecreate {col = 6 : i32, comments = "tile in path", row = 3 : i32} -> i32
        %14 = routinghw.tilecreate {col = 5 : i32, comments = "tile in path", row = 3 : i32} -> i32
        %15 = routinghw.tilecreate {col = 4 : i32, comments = "tile in path", row = 3 : i32} -> i32
        %16 = routinghw.enableexttoaieshimport %5 : i32 {portdirection = "SOUTH", portidx = 3 : i32} -> i32
        %17 = routinghw.connectsinglestreamswitchport %5 : {slaveportdirection = "SOUTH", slaveportidx = 3, masterportdirection = "NORTH", masterportidx = 0} : i32
        %18 = routinghw.connectsinglestreamswitchport %11 : {slaveportdirection = "SOUTH", slaveportidx = 0, masterportdirection = "NORTH", masterportidx = 0} : i32
        %19 = routinghw.connectsinglestreamswitchport %12 : {slaveportdirection = "SOUTH", slaveportidx = 0, masterportdirection = "NORTH", masterportidx = 0} : i32
        %20 = routinghw.connectsinglestreamswitchport %13 : {slaveportdirection = "SOUTH", slaveportidx = 0, masterportdirection = "WEST", masterportidx = 0} : i32
        %21 = routinghw.connectsinglestreamswitchport %14 : {slaveportdirection = "EAST", slaveportidx = 0, masterportdirection = "WEST", masterportidx = 0} : i32
        %22 = routinghw.connectsinglestreamswitchport %15 : {slaveportdirection = "EAST", slaveportidx = 0, masterportdirection = "WEST", masterportidx = 0} : i32
        %23 = routinghw.connectsinglestreamswitchport %9 : {slaveportdirection = "EAST", slaveportidx = 0, masterportdirection = "WEST", masterportidx = 0} : i32
        %24 = routinghw.connectsinglestreamswitchport %9 : {slaveportdirection = "EAST", slaveportidx = 0, masterportdirection = "DMA", masterportidx = 1} : i32
        %25 = routinghw.connectsinglestreamswitchport %8 : {slaveportdirection = "EAST", slaveportidx = 0, masterportdirection = "WEST", masterportidx = 0} : i32
        %26 = routinghw.connectsinglestreamswitchport %8 : {slaveportdirection = "EAST", slaveportidx = 0, masterportdirection = "DMA", masterportidx = 1} : i32
        %27 = routinghw.connectsinglestreamswitchport %7 : {slaveportdirection = "EAST", slaveportidx = 0, masterportdirection = "WEST", masterportidx = 0} : i32
        %28 = routinghw.connectsinglestreamswitchport %7 : {slaveportdirection = "EAST", slaveportidx = 0, masterportdirection = "DMA", masterportidx = 1} : i32
        %29 = routinghw.connectsinglestreamswitchport %6 : {slaveportdirection = "EAST", slaveportidx = 0, masterportdirection = "DMA", masterportidx = 1} : i32
      }
      %1 = routing.RoutingCreate<Memo = "row"> ( scf_idx = %c1_i32 : i32) -> i32{
      ^bb0(%arg0: i32):
        %4 = routinghw.tilearrayhandlecreate {name = "array handle"} : i32
        %5 = routinghw.ioshimtilecreate {IOID = 10 : i32, channelused = 1 : i32, col = 6 : i32, comments = "dio9", dmadirection = 0 : i32, row = 0 : i32} -> i32
        %6 = routinghw.tilecreate {col = 0 : i32, comments = "tile reserved", row = 4 : i32} -> i32
        %7 = routinghw.tilecreate {col = 1 : i32, comments = "tile reserved", row = 4 : i32} -> i32
        %8 = routinghw.tilecreate {col = 2 : i32, comments = "tile reserved", row = 4 : i32} -> i32
        %9 = routinghw.tilecreate {col = 3 : i32, comments = "tile reserved", row = 4 : i32} -> i32
        %10 = routinghw.tilecreate {col = 6 : i32, comments = "tile in path", row = 0 : i32} -> i32
        %11 = routinghw.tilecreate {col = 6 : i32, comments = "tile in path", row = 1 : i32} -> i32
        %12 = routinghw.tilecreate {col = 6 : i32, comments = "tile in path", row = 2 : i32} -> i32
        %13 = routinghw.tilecreate {col = 6 : i32, comments = "tile in path", row = 3 : i32} -> i32
        %14 = routinghw.tilecreate {col = 6 : i32, comments = "tile in path", row = 4 : i32} -> i32
        %15 = routinghw.tilecreate {col = 5 : i32, comments = "tile in path", row = 4 : i32} -> i32
        %16 = routinghw.tilecreate {col = 4 : i32, comments = "tile in path", row = 4 : i32} -> i32
        %17 = routinghw.enableexttoaieshimport %5 : i32 {portdirection = "SOUTH", portidx = 7 : i32} -> i32
        %18 = routinghw.connectsinglestreamswitchport %5 : {slaveportdirection = "SOUTH", slaveportidx = 7, masterportdirection = "NORTH", masterportidx = 1} : i32
        %19 = routinghw.connectsinglestreamswitchport %11 : {slaveportdirection = "SOUTH", slaveportidx = 1, masterportdirection = "NORTH", masterportidx = 1} : i32
        %20 = routinghw.connectsinglestreamswitchport %12 : {slaveportdirection = "SOUTH", slaveportidx = 1, masterportdirection = "NORTH", masterportidx = 1} : i32
        %21 = routinghw.connectsinglestreamswitchport %13 : {slaveportdirection = "SOUTH", slaveportidx = 1, masterportdirection = "NORTH", masterportidx = 0} : i32
        %22 = routinghw.connectsinglestreamswitchport %14 : {slaveportdirection = "SOUTH", slaveportidx = 0, masterportdirection = "WEST", masterportidx = 0} : i32
        %23 = routinghw.connectsinglestreamswitchport %15 : {slaveportdirection = "EAST", slaveportidx = 0, masterportdirection = "WEST", masterportidx = 0} : i32
        %24 = routinghw.connectsinglestreamswitchport %16 : {slaveportdirection = "EAST", slaveportidx = 0, masterportdirection = "WEST", masterportidx = 0} : i32
        %25 = routinghw.connectsinglestreamswitchport %9 : {slaveportdirection = "EAST", slaveportidx = 0, masterportdirection = "WEST", masterportidx = 0} : i32
        %26 = routinghw.connectsinglestreamswitchport %9 : {slaveportdirection = "EAST", slaveportidx = 0, masterportdirection = "DMA", masterportidx = 1} : i32
        %27 = routinghw.connectsinglestreamswitchport %8 : {slaveportdirection = "EAST", slaveportidx = 0, masterportdirection = "WEST", masterportidx = 0} : i32
        %28 = routinghw.connectsinglestreamswitchport %8 : {slaveportdirection = "EAST", slaveportidx = 0, masterportdirection = "DMA", masterportidx = 1} : i32
        %29 = routinghw.connectsinglestreamswitchport %7 : {slaveportdirection = "EAST", slaveportidx = 0, masterportdirection = "WEST", masterportidx = 0} : i32
        %30 = routinghw.connectsinglestreamswitchport %7 : {slaveportdirection = "EAST", slaveportidx = 0, masterportdirection = "DMA", masterportidx = 1} : i32
        %31 = routinghw.connectsinglestreamswitchport %6 : {slaveportdirection = "EAST", slaveportidx = 0, masterportdirection = "DMA", masterportidx = 1} : i32
      }
      %2 = routing.RoutingCreate<Memo = "row"> ( scf_idx = %c2_i32 : i32) -> i32{
      ^bb0(%arg0: i32):
        %4 = routinghw.tilearrayhandlecreate {name = "array handle"} : i32
        %5 = routinghw.ioshimtilecreate {IOID = 11 : i32, channelused = 0 : i32, col = 7 : i32, comments = "dio10", dmadirection = 0 : i32, row = 0 : i32} -> i32
        %6 = routinghw.tilecreate {col = 0 : i32, comments = "tile reserved", row = 5 : i32} -> i32
        %7 = routinghw.tilecreate {col = 1 : i32, comments = "tile reserved", row = 5 : i32} -> i32
        %8 = routinghw.tilecreate {col = 2 : i32, comments = "tile reserved", row = 5 : i32} -> i32
        %9 = routinghw.tilecreate {col = 3 : i32, comments = "tile reserved", row = 5 : i32} -> i32
        %10 = routinghw.tilecreate {col = 7 : i32, comments = "tile in path", row = 0 : i32} -> i32
        %11 = routinghw.tilecreate {col = 7 : i32, comments = "tile in path", row = 1 : i32} -> i32
        %12 = routinghw.tilecreate {col = 7 : i32, comments = "tile in path", row = 2 : i32} -> i32
        %13 = routinghw.tilecreate {col = 7 : i32, comments = "tile in path", row = 3 : i32} -> i32
        %14 = routinghw.tilecreate {col = 7 : i32, comments = "tile in path", row = 4 : i32} -> i32
        %15 = routinghw.tilecreate {col = 7 : i32, comments = "tile in path", row = 5 : i32} -> i32
        %16 = routinghw.tilecreate {col = 6 : i32, comments = "tile in path", row = 5 : i32} -> i32
        %17 = routinghw.tilecreate {col = 5 : i32, comments = "tile in path", row = 5 : i32} -> i32
        %18 = routinghw.tilecreate {col = 4 : i32, comments = "tile in path", row = 5 : i32} -> i32
        %19 = routinghw.enableexttoaieshimport %5 : i32 {portdirection = "SOUTH", portidx = 3 : i32} -> i32
        %20 = routinghw.connectsinglestreamswitchport %5 : {slaveportdirection = "SOUTH", slaveportidx = 3, masterportdirection = "NORTH", masterportidx = 0} : i32
        %21 = routinghw.connectsinglestreamswitchport %11 : {slaveportdirection = "SOUTH", slaveportidx = 0, masterportdirection = "NORTH", masterportidx = 0} : i32
        %22 = routinghw.connectsinglestreamswitchport %12 : {slaveportdirection = "SOUTH", slaveportidx = 0, masterportdirection = "NORTH", masterportidx = 0} : i32
        %23 = routinghw.connectsinglestreamswitchport %13 : {slaveportdirection = "SOUTH", slaveportidx = 0, masterportdirection = "NORTH", masterportidx = 0} : i32
        %24 = routinghw.connectsinglestreamswitchport %14 : {slaveportdirection = "SOUTH", slaveportidx = 0, masterportdirection = "NORTH", masterportidx = 0} : i32
        %25 = routinghw.connectsinglestreamswitchport %15 : {slaveportdirection = "SOUTH", slaveportidx = 0, masterportdirection = "WEST", masterportidx = 0} : i32
        %26 = routinghw.connectsinglestreamswitchport %16 : {slaveportdirection = "EAST", slaveportidx = 0, masterportdirection = "WEST", masterportidx = 0} : i32
        %27 = routinghw.connectsinglestreamswitchport %17 : {slaveportdirection = "EAST", slaveportidx = 0, masterportdirection = "WEST", masterportidx = 0} : i32
        %28 = routinghw.connectsinglestreamswitchport %18 : {slaveportdirection = "EAST", slaveportidx = 0, masterportdirection = "WEST", masterportidx = 0} : i32
        %29 = routinghw.connectsinglestreamswitchport %9 : {slaveportdirection = "EAST", slaveportidx = 0, masterportdirection = "WEST", masterportidx = 0} : i32
        %30 = routinghw.connectsinglestreamswitchport %9 : {slaveportdirection = "EAST", slaveportidx = 0, masterportdirection = "DMA", masterportidx = 1} : i32
        %31 = routinghw.connectsinglestreamswitchport %8 : {slaveportdirection = "EAST", slaveportidx = 0, masterportdirection = "WEST", masterportidx = 0} : i32
        %32 = routinghw.connectsinglestreamswitchport %8 : {slaveportdirection = "EAST", slaveportidx = 0, masterportdirection = "DMA", masterportidx = 1} : i32
        %33 = routinghw.connectsinglestreamswitchport %7 : {slaveportdirection = "EAST", slaveportidx = 0, masterportdirection = "WEST", masterportidx = 0} : i32
        %34 = routinghw.connectsinglestreamswitchport %7 : {slaveportdirection = "EAST", slaveportidx = 0, masterportdirection = "DMA", masterportidx = 1} : i32
        %35 = routinghw.connectsinglestreamswitchport %6 : {slaveportdirection = "EAST", slaveportidx = 0, masterportdirection = "DMA", masterportidx = 1} : i32
      }
      %3 = routing.RoutingCreate<Memo = "row"> ( scf_idx = %c3_i32 : i32) -> i32{
      ^bb0(%arg0: i32):
        %4 = routinghw.tilearrayhandlecreate {name = "array handle"} : i32
        %5 = routinghw.ioshimtilecreate {IOID = 12 : i32, channelused = 1 : i32, col = 7 : i32, comments = "dio11", dmadirection = 0 : i32, row = 0 : i32} -> i32
        %6 = routinghw.tilecreate {col = 0 : i32, comments = "tile reserved", row = 6 : i32} -> i32
        %7 = routinghw.tilecreate {col = 1 : i32, comments = "tile reserved", row = 6 : i32} -> i32
        %8 = routinghw.tilecreate {col = 2 : i32, comments = "tile reserved", row = 6 : i32} -> i32
        %9 = routinghw.tilecreate {col = 3 : i32, comments = "tile reserved", row = 6 : i32} -> i32
        %10 = routinghw.tilecreate {col = 7 : i32, comments = "tile in path", row = 0 : i32} -> i32
        %11 = routinghw.tilecreate {col = 7 : i32, comments = "tile in path", row = 1 : i32} -> i32
        %12 = routinghw.tilecreate {col = 7 : i32, comments = "tile in path", row = 2 : i32} -> i32
        %13 = routinghw.tilecreate {col = 7 : i32, comments = "tile in path", row = 3 : i32} -> i32
        %14 = routinghw.tilecreate {col = 7 : i32, comments = "tile in path", row = 4 : i32} -> i32
        %15 = routinghw.tilecreate {col = 7 : i32, comments = "tile in path", row = 5 : i32} -> i32
        %16 = routinghw.tilecreate {col = 7 : i32, comments = "tile in path", row = 6 : i32} -> i32
        %17 = routinghw.tilecreate {col = 6 : i32, comments = "tile in path", row = 6 : i32} -> i32
        %18 = routinghw.tilecreate {col = 5 : i32, comments = "tile in path", row = 6 : i32} -> i32
        %19 = routinghw.tilecreate {col = 4 : i32, comments = "tile in path", row = 6 : i32} -> i32
        %20 = routinghw.enableexttoaieshimport %5 : i32 {portdirection = "SOUTH", portidx = 7 : i32} -> i32
        %21 = routinghw.connectsinglestreamswitchport %5 : {slaveportdirection = "SOUTH", slaveportidx = 7, masterportdirection = "NORTH", masterportidx = 1} : i32
        %22 = routinghw.connectsinglestreamswitchport %11 : {slaveportdirection = "SOUTH", slaveportidx = 1, masterportdirection = "NORTH", masterportidx = 1} : i32
        %23 = routinghw.connectsinglestreamswitchport %12 : {slaveportdirection = "SOUTH", slaveportidx = 1, masterportdirection = "NORTH", masterportidx = 1} : i32
        %24 = routinghw.connectsinglestreamswitchport %13 : {slaveportdirection = "SOUTH", slaveportidx = 1, masterportdirection = "NORTH", masterportidx = 1} : i32
        %25 = routinghw.connectsinglestreamswitchport %14 : {slaveportdirection = "SOUTH", slaveportidx = 1, masterportdirection = "NORTH", masterportidx = 1} : i32
        %26 = routinghw.connectsinglestreamswitchport %15 : {slaveportdirection = "SOUTH", slaveportidx = 1, masterportdirection = "NORTH", masterportidx = 0} : i32
        %27 = routinghw.connectsinglestreamswitchport %16 : {slaveportdirection = "SOUTH", slaveportidx = 0, masterportdirection = "WEST", masterportidx = 0} : i32
        %28 = routinghw.connectsinglestreamswitchport %17 : {slaveportdirection = "EAST", slaveportidx = 0, masterportdirection = "WEST", masterportidx = 0} : i32
        %29 = routinghw.connectsinglestreamswitchport %18 : {slaveportdirection = "EAST", slaveportidx = 0, masterportdirection = "WEST", masterportidx = 0} : i32
        %30 = routinghw.connectsinglestreamswitchport %19 : {slaveportdirection = "EAST", slaveportidx = 0, masterportdirection = "WEST", masterportidx = 0} : i32
        %31 = routinghw.connectsinglestreamswitchport %9 : {slaveportdirection = "EAST", slaveportidx = 0, masterportdirection = "WEST", masterportidx = 0} : i32
        %32 = routinghw.connectsinglestreamswitchport %9 : {slaveportdirection = "EAST", slaveportidx = 0, masterportdirection = "DMA", masterportidx = 1} : i32
        %33 = routinghw.connectsinglestreamswitchport %8 : {slaveportdirection = "EAST", slaveportidx = 0, masterportdirection = "WEST", masterportidx = 0} : i32
        %34 = routinghw.connectsinglestreamswitchport %8 : {slaveportdirection = "EAST", slaveportidx = 0, masterportdirection = "DMA", masterportidx = 1} : i32
        %35 = routinghw.connectsinglestreamswitchport %7 : {slaveportdirection = "EAST", slaveportidx = 0, masterportdirection = "WEST", masterportidx = 0} : i32
        %36 = routinghw.connectsinglestreamswitchport %7 : {slaveportdirection = "EAST", slaveportidx = 0, masterportdirection = "DMA", masterportidx = 1} : i32
        %37 = routinghw.connectsinglestreamswitchport %6 : {slaveportdirection = "EAST", slaveportidx = 0, masterportdirection = "DMA", masterportidx = 1} : i32
      }
      scf.yield
    } {routing_memo = "row"}
    scf.execute_region {
      %0 = routing.RoutingCreate<Memo = "col"> ( scf_idx = %c0_i32 : i32) -> i32{
      ^bb0(%arg0: i32):
        %4 = routinghw.tilearrayhandlecreate {name = "array handle"} : i32
        %5 = routinghw.ioshimtilecreate {IOID = 13 : i32, channelused = 0 : i32, col = 14 : i32, comments = "dio12", dmadirection = 0 : i32, row = 0 : i32} -> i32
        %6 = routinghw.tilecreate {col = 0 : i32, comments = "tile reserved", row = 3 : i32} -> i32
        %7 = routinghw.tilecreate {col = 0 : i32, comments = "tile reserved", row = 4 : i32} -> i32
        %8 = routinghw.tilecreate {col = 0 : i32, comments = "tile reserved", row = 5 : i32} -> i32
        %9 = routinghw.tilecreate {col = 0 : i32, comments = "tile reserved", row = 6 : i32} -> i32
        %10 = routinghw.tilecreate {col = 14 : i32, comments = "tile in path", row = 0 : i32} -> i32
        %11 = routinghw.tilecreate {col = 14 : i32, comments = "tile in path", row = 1 : i32} -> i32
        %12 = routinghw.tilecreate {col = 14 : i32, comments = "tile in path", row = 2 : i32} -> i32
        %13 = routinghw.tilecreate {col = 14 : i32, comments = "tile in path", row = 3 : i32} -> i32
        %14 = routinghw.tilecreate {col = 13 : i32, comments = "tile in path", row = 3 : i32} -> i32
        %15 = routinghw.tilecreate {col = 12 : i32, comments = "tile in path", row = 3 : i32} -> i32
        %16 = routinghw.tilecreate {col = 11 : i32, comments = "tile in path", row = 3 : i32} -> i32
        %17 = routinghw.tilecreate {col = 10 : i32, comments = "tile in path", row = 3 : i32} -> i32
        %18 = routinghw.tilecreate {col = 9 : i32, comments = "tile in path", row = 3 : i32} -> i32
        %19 = routinghw.tilecreate {col = 8 : i32, comments = "tile in path", row = 3 : i32} -> i32
        %20 = routinghw.tilecreate {col = 7 : i32, comments = "tile in path", row = 3 : i32} -> i32
        %21 = routinghw.tilecreate {col = 6 : i32, comments = "tile in path", row = 3 : i32} -> i32
        %22 = routinghw.tilecreate {col = 5 : i32, comments = "tile in path", row = 3 : i32} -> i32
        %23 = routinghw.tilecreate {col = 4 : i32, comments = "tile in path", row = 3 : i32} -> i32
        %24 = routinghw.tilecreate {col = 3 : i32, comments = "tile in path", row = 3 : i32} -> i32
        %25 = routinghw.tilecreate {col = 2 : i32, comments = "tile in path", row = 3 : i32} -> i32
        %26 = routinghw.tilecreate {col = 1 : i32, comments = "tile in path", row = 3 : i32} -> i32
        %27 = routinghw.enableexttoaieshimport %5 : i32 {portdirection = "SOUTH", portidx = 3 : i32} -> i32
        %28 = routinghw.connectsinglestreamswitchport %5 : {slaveportdirection = "SOUTH", slaveportidx = 3, masterportdirection = "NORTH", masterportidx = 0} : i32
        %29 = routinghw.connectsinglestreamswitchport %11 : {slaveportdirection = "SOUTH", slaveportidx = 0, masterportdirection = "NORTH", masterportidx = 0} : i32
        %30 = routinghw.connectsinglestreamswitchport %12 : {slaveportdirection = "SOUTH", slaveportidx = 0, masterportdirection = "NORTH", masterportidx = 0} : i32
        %31 = routinghw.connectsinglestreamswitchport %13 : {slaveportdirection = "SOUTH", slaveportidx = 0, masterportdirection = "WEST", masterportidx = 0} : i32
        %32 = routinghw.connectsinglestreamswitchport %14 : {slaveportdirection = "EAST", slaveportidx = 0, masterportdirection = "WEST", masterportidx = 0} : i32
        %33 = routinghw.connectsinglestreamswitchport %15 : {slaveportdirection = "EAST", slaveportidx = 0, masterportdirection = "WEST", masterportidx = 0} : i32
        %34 = routinghw.connectsinglestreamswitchport %16 : {slaveportdirection = "EAST", slaveportidx = 0, masterportdirection = "WEST", masterportidx = 0} : i32
        %35 = routinghw.connectsinglestreamswitchport %17 : {slaveportdirection = "EAST", slaveportidx = 0, masterportdirection = "WEST", masterportidx = 0} : i32
        %36 = routinghw.connectsinglestreamswitchport %18 : {slaveportdirection = "EAST", slaveportidx = 0, masterportdirection = "WEST", masterportidx = 0} : i32
        %37 = routinghw.connectsinglestreamswitchport %19 : {slaveportdirection = "EAST", slaveportidx = 0, masterportdirection = "WEST", masterportidx = 0} : i32
        %38 = routinghw.connectsinglestreamswitchport %20 : {slaveportdirection = "EAST", slaveportidx = 0, masterportdirection = "WEST", masterportidx = 0} : i32
        %39 = routinghw.connectsinglestreamswitchport %21 : {slaveportdirection = "EAST", slaveportidx = 0, masterportdirection = "WEST", masterportidx = 1} : i32
        %40 = routinghw.connectsinglestreamswitchport %22 : {slaveportdirection = "EAST", slaveportidx = 1, masterportdirection = "WEST", masterportidx = 1} : i32
        %41 = routinghw.connectsinglestreamswitchport %23 : {slaveportdirection = "EAST", slaveportidx = 1, masterportdirection = "WEST", masterportidx = 1} : i32
        %42 = routinghw.connectsinglestreamswitchport %24 : {slaveportdirection = "EAST", slaveportidx = 1, masterportdirection = "WEST", masterportidx = 1} : i32
        %43 = routinghw.connectsinglestreamswitchport %25 : {slaveportdirection = "EAST", slaveportidx = 1, masterportdirection = "WEST", masterportidx = 1} : i32
        %44 = routinghw.connectsinglestreamswitchport %26 : {slaveportdirection = "EAST", slaveportidx = 1, masterportdirection = "WEST", masterportidx = 1} : i32
        %45 = routinghw.connectsinglestreamswitchport %6 : {slaveportdirection = "EAST", slaveportidx = 1, masterportdirection = "NORTH", masterportidx = 0} : i32
        %46 = routinghw.connectsinglestreamswitchport %6 : {slaveportdirection = "EAST", slaveportidx = 1, masterportdirection = "DMA", masterportidx = 2} : i32
        %47 = routinghw.connectsinglestreamswitchport %7 : {slaveportdirection = "SOUTH", slaveportidx = 0, masterportdirection = "NORTH", masterportidx = 0} : i32
        %48 = routinghw.connectsinglestreamswitchport %7 : {slaveportdirection = "SOUTH", slaveportidx = 0, masterportdirection = "DMA", masterportidx = 2} : i32
        %49 = routinghw.connectsinglestreamswitchport %8 : {slaveportdirection = "SOUTH", slaveportidx = 0, masterportdirection = "NORTH", masterportidx = 0} : i32
        %50 = routinghw.connectsinglestreamswitchport %8 : {slaveportdirection = "SOUTH", slaveportidx = 0, masterportdirection = "DMA", masterportidx = 2} : i32
        %51 = routinghw.connectsinglestreamswitchport %9 : {slaveportdirection = "SOUTH", slaveportidx = 0, masterportdirection = "DMA", masterportidx = 2} : i32
      }
      %1 = routing.RoutingCreate<Memo = "col"> ( scf_idx = %c1_i32 : i32) -> i32{
      ^bb0(%arg0: i32):
        %4 = routinghw.tilearrayhandlecreate {name = "array handle"} : i32
        %5 = routinghw.ioshimtilecreate {IOID = 14 : i32, channelused = 1 : i32, col = 14 : i32, comments = "dio13", dmadirection = 0 : i32, row = 0 : i32} -> i32
        %6 = routinghw.tilecreate {col = 1 : i32, comments = "tile reserved", row = 3 : i32} -> i32
        %7 = routinghw.tilecreate {col = 1 : i32, comments = "tile reserved", row = 4 : i32} -> i32
        %8 = routinghw.tilecreate {col = 1 : i32, comments = "tile reserved", row = 5 : i32} -> i32
        %9 = routinghw.tilecreate {col = 1 : i32, comments = "tile reserved", row = 6 : i32} -> i32
        %10 = routinghw.tilecreate {col = 14 : i32, comments = "tile in path", row = 0 : i32} -> i32
        %11 = routinghw.tilecreate {col = 14 : i32, comments = "tile in path", row = 1 : i32} -> i32
        %12 = routinghw.tilecreate {col = 14 : i32, comments = "tile in path", row = 2 : i32} -> i32
        %13 = routinghw.tilecreate {col = 14 : i32, comments = "tile in path", row = 3 : i32} -> i32
        %14 = routinghw.tilecreate {col = 13 : i32, comments = "tile in path", row = 3 : i32} -> i32
        %15 = routinghw.tilecreate {col = 12 : i32, comments = "tile in path", row = 3 : i32} -> i32
        %16 = routinghw.tilecreate {col = 11 : i32, comments = "tile in path", row = 3 : i32} -> i32
        %17 = routinghw.tilecreate {col = 10 : i32, comments = "tile in path", row = 3 : i32} -> i32
        %18 = routinghw.tilecreate {col = 9 : i32, comments = "tile in path", row = 3 : i32} -> i32
        %19 = routinghw.tilecreate {col = 8 : i32, comments = "tile in path", row = 3 : i32} -> i32
        %20 = routinghw.tilecreate {col = 7 : i32, comments = "tile in path", row = 3 : i32} -> i32
        %21 = routinghw.tilecreate {col = 6 : i32, comments = "tile in path", row = 3 : i32} -> i32
        %22 = routinghw.tilecreate {col = 5 : i32, comments = "tile in path", row = 3 : i32} -> i32
        %23 = routinghw.tilecreate {col = 4 : i32, comments = "tile in path", row = 3 : i32} -> i32
        %24 = routinghw.tilecreate {col = 3 : i32, comments = "tile in path", row = 3 : i32} -> i32
        %25 = routinghw.tilecreate {col = 2 : i32, comments = "tile in path", row = 3 : i32} -> i32
        %26 = routinghw.enableexttoaieshimport %5 : i32 {portdirection = "SOUTH", portidx = 7 : i32} -> i32
        %27 = routinghw.connectsinglestreamswitchport %5 : {slaveportdirection = "SOUTH", slaveportidx = 7, masterportdirection = "NORTH", masterportidx = 1} : i32
        %28 = routinghw.connectsinglestreamswitchport %11 : {slaveportdirection = "SOUTH", slaveportidx = 1, masterportdirection = "NORTH", masterportidx = 1} : i32
        %29 = routinghw.connectsinglestreamswitchport %12 : {slaveportdirection = "SOUTH", slaveportidx = 1, masterportdirection = "NORTH", masterportidx = 1} : i32
        %30 = routinghw.connectsinglestreamswitchport %13 : {slaveportdirection = "SOUTH", slaveportidx = 1, masterportdirection = "WEST", masterportidx = 1} : i32
        %31 = routinghw.connectsinglestreamswitchport %14 : {slaveportdirection = "EAST", slaveportidx = 1, masterportdirection = "WEST", masterportidx = 1} : i32
        %32 = routinghw.connectsinglestreamswitchport %15 : {slaveportdirection = "EAST", slaveportidx = 1, masterportdirection = "WEST", masterportidx = 1} : i32
        %33 = routinghw.connectsinglestreamswitchport %16 : {slaveportdirection = "EAST", slaveportidx = 1, masterportdirection = "WEST", masterportidx = 1} : i32
        %34 = routinghw.connectsinglestreamswitchport %17 : {slaveportdirection = "EAST", slaveportidx = 1, masterportdirection = "WEST", masterportidx = 1} : i32
        %35 = routinghw.connectsinglestreamswitchport %18 : {slaveportdirection = "EAST", slaveportidx = 1, masterportdirection = "WEST", masterportidx = 1} : i32
        %36 = routinghw.connectsinglestreamswitchport %19 : {slaveportdirection = "EAST", slaveportidx = 1, masterportdirection = "WEST", masterportidx = 1} : i32
        %37 = routinghw.connectsinglestreamswitchport %20 : {slaveportdirection = "EAST", slaveportidx = 1, masterportdirection = "WEST", masterportidx = 1} : i32
        %38 = routinghw.connectsinglestreamswitchport %21 : {slaveportdirection = "EAST", slaveportidx = 1, masterportdirection = "WEST", masterportidx = 2} : i32
        %39 = routinghw.connectsinglestreamswitchport %22 : {slaveportdirection = "EAST", slaveportidx = 2, masterportdirection = "WEST", masterportidx = 2} : i32
        %40 = routinghw.connectsinglestreamswitchport %23 : {slaveportdirection = "EAST", slaveportidx = 2, masterportdirection = "WEST", masterportidx = 2} : i32
        %41 = routinghw.connectsinglestreamswitchport %24 : {slaveportdirection = "EAST", slaveportidx = 2, masterportdirection = "WEST", masterportidx = 2} : i32
        %42 = routinghw.connectsinglestreamswitchport %25 : {slaveportdirection = "EAST", slaveportidx = 2, masterportdirection = "WEST", masterportidx = 2} : i32
        %43 = routinghw.connectsinglestreamswitchport %6 : {slaveportdirection = "EAST", slaveportidx = 2, masterportdirection = "NORTH", masterportidx = 0} : i32
        %44 = routinghw.connectsinglestreamswitchport %6 : {slaveportdirection = "EAST", slaveportidx = 2, masterportdirection = "DMA", masterportidx = 2} : i32
        %45 = routinghw.connectsinglestreamswitchport %7 : {slaveportdirection = "SOUTH", slaveportidx = 0, masterportdirection = "NORTH", masterportidx = 0} : i32
        %46 = routinghw.connectsinglestreamswitchport %7 : {slaveportdirection = "SOUTH", slaveportidx = 0, masterportdirection = "DMA", masterportidx = 2} : i32
        %47 = routinghw.connectsinglestreamswitchport %8 : {slaveportdirection = "SOUTH", slaveportidx = 0, masterportdirection = "NORTH", masterportidx = 0} : i32
        %48 = routinghw.connectsinglestreamswitchport %8 : {slaveportdirection = "SOUTH", slaveportidx = 0, masterportdirection = "DMA", masterportidx = 2} : i32
        %49 = routinghw.connectsinglestreamswitchport %9 : {slaveportdirection = "SOUTH", slaveportidx = 0, masterportdirection = "DMA", masterportidx = 2} : i32
      }
      %2 = routing.RoutingCreate<Memo = "col"> ( scf_idx = %c2_i32 : i32) -> i32{
      ^bb0(%arg0: i32):
        %4 = routinghw.tilearrayhandlecreate {name = "array handle"} : i32
        %5 = routinghw.ioshimtilecreate {IOID = 15 : i32, channelused = 0 : i32, col = 15 : i32, comments = "dio14", dmadirection = 0 : i32, row = 0 : i32} -> i32
        %6 = routinghw.tilecreate {col = 2 : i32, comments = "tile reserved", row = 3 : i32} -> i32
        %7 = routinghw.tilecreate {col = 2 : i32, comments = "tile reserved", row = 4 : i32} -> i32
        %8 = routinghw.tilecreate {col = 2 : i32, comments = "tile reserved", row = 5 : i32} -> i32
        %9 = routinghw.tilecreate {col = 2 : i32, comments = "tile reserved", row = 6 : i32} -> i32
        %10 = routinghw.tilecreate {col = 15 : i32, comments = "tile in path", row = 0 : i32} -> i32
        %11 = routinghw.tilecreate {col = 15 : i32, comments = "tile in path", row = 1 : i32} -> i32
        %12 = routinghw.tilecreate {col = 15 : i32, comments = "tile in path", row = 2 : i32} -> i32
        %13 = routinghw.tilecreate {col = 15 : i32, comments = "tile in path", row = 3 : i32} -> i32
        %14 = routinghw.tilecreate {col = 14 : i32, comments = "tile in path", row = 3 : i32} -> i32
        %15 = routinghw.tilecreate {col = 13 : i32, comments = "tile in path", row = 3 : i32} -> i32
        %16 = routinghw.tilecreate {col = 12 : i32, comments = "tile in path", row = 3 : i32} -> i32
        %17 = routinghw.tilecreate {col = 11 : i32, comments = "tile in path", row = 3 : i32} -> i32
        %18 = routinghw.tilecreate {col = 10 : i32, comments = "tile in path", row = 3 : i32} -> i32
        %19 = routinghw.tilecreate {col = 9 : i32, comments = "tile in path", row = 3 : i32} -> i32
        %20 = routinghw.tilecreate {col = 8 : i32, comments = "tile in path", row = 3 : i32} -> i32
        %21 = routinghw.tilecreate {col = 7 : i32, comments = "tile in path", row = 3 : i32} -> i32
        %22 = routinghw.tilecreate {col = 6 : i32, comments = "tile in path", row = 3 : i32} -> i32
        %23 = routinghw.tilecreate {col = 5 : i32, comments = "tile in path", row = 3 : i32} -> i32
        %24 = routinghw.tilecreate {col = 4 : i32, comments = "tile in path", row = 3 : i32} -> i32
        %25 = routinghw.tilecreate {col = 3 : i32, comments = "tile in path", row = 3 : i32} -> i32
        %26 = routinghw.enableexttoaieshimport %5 : i32 {portdirection = "SOUTH", portidx = 3 : i32} -> i32
        %27 = routinghw.connectsinglestreamswitchport %5 : {slaveportdirection = "SOUTH", slaveportidx = 3, masterportdirection = "NORTH", masterportidx = 0} : i32
        %28 = routinghw.connectsinglestreamswitchport %11 : {slaveportdirection = "SOUTH", slaveportidx = 0, masterportdirection = "NORTH", masterportidx = 0} : i32
        %29 = routinghw.connectsinglestreamswitchport %12 : {slaveportdirection = "SOUTH", slaveportidx = 0, masterportdirection = "NORTH", masterportidx = 0} : i32
        %30 = routinghw.connectsinglestreamswitchport %13 : {slaveportdirection = "SOUTH", slaveportidx = 0, masterportdirection = "WEST", masterportidx = 0} : i32
        %31 = routinghw.connectsinglestreamswitchport %14 : {slaveportdirection = "EAST", slaveportidx = 0, masterportdirection = "WEST", masterportidx = 2} : i32
        %32 = routinghw.connectsinglestreamswitchport %15 : {slaveportdirection = "EAST", slaveportidx = 2, masterportdirection = "WEST", masterportidx = 2} : i32
        %33 = routinghw.connectsinglestreamswitchport %16 : {slaveportdirection = "EAST", slaveportidx = 2, masterportdirection = "WEST", masterportidx = 2} : i32
        %34 = routinghw.connectsinglestreamswitchport %17 : {slaveportdirection = "EAST", slaveportidx = 2, masterportdirection = "WEST", masterportidx = 2} : i32
        %35 = routinghw.connectsinglestreamswitchport %18 : {slaveportdirection = "EAST", slaveportidx = 2, masterportdirection = "WEST", masterportidx = 2} : i32
        %36 = routinghw.connectsinglestreamswitchport %19 : {slaveportdirection = "EAST", slaveportidx = 2, masterportdirection = "WEST", masterportidx = 2} : i32
        %37 = routinghw.connectsinglestreamswitchport %20 : {slaveportdirection = "EAST", slaveportidx = 2, masterportdirection = "WEST", masterportidx = 2} : i32
        %38 = routinghw.connectsinglestreamswitchport %21 : {slaveportdirection = "EAST", slaveportidx = 2, masterportdirection = "WEST", masterportidx = 2} : i32
        %39 = routinghw.connectsinglestreamswitchport %22 : {slaveportdirection = "EAST", slaveportidx = 2, masterportdirection = "WEST", masterportidx = 3} : i32
        %40 = routinghw.connectsinglestreamswitchport %23 : {slaveportdirection = "EAST", slaveportidx = 3, masterportdirection = "WEST", masterportidx = 3} : i32
        %41 = routinghw.connectsinglestreamswitchport %24 : {slaveportdirection = "EAST", slaveportidx = 3, masterportdirection = "WEST", masterportidx = 3} : i32
        %42 = routinghw.connectsinglestreamswitchport %25 : {slaveportdirection = "EAST", slaveportidx = 3, masterportdirection = "WEST", masterportidx = 3} : i32
        %43 = routinghw.connectsinglestreamswitchport %6 : {slaveportdirection = "EAST", slaveportidx = 3, masterportdirection = "NORTH", masterportidx = 0} : i32
        %44 = routinghw.connectsinglestreamswitchport %6 : {slaveportdirection = "EAST", slaveportidx = 3, masterportdirection = "DMA", masterportidx = 2} : i32
        %45 = routinghw.connectsinglestreamswitchport %7 : {slaveportdirection = "SOUTH", slaveportidx = 0, masterportdirection = "NORTH", masterportidx = 0} : i32
        %46 = routinghw.connectsinglestreamswitchport %7 : {slaveportdirection = "SOUTH", slaveportidx = 0, masterportdirection = "DMA", masterportidx = 2} : i32
        %47 = routinghw.connectsinglestreamswitchport %8 : {slaveportdirection = "SOUTH", slaveportidx = 0, masterportdirection = "NORTH", masterportidx = 0} : i32
        %48 = routinghw.connectsinglestreamswitchport %8 : {slaveportdirection = "SOUTH", slaveportidx = 0, masterportdirection = "DMA", masterportidx = 2} : i32
        %49 = routinghw.connectsinglestreamswitchport %9 : {slaveportdirection = "SOUTH", slaveportidx = 0, masterportdirection = "DMA", masterportidx = 2} : i32
      }
      %3 = routing.RoutingCreate<Memo = "col"> ( scf_idx = %c3_i32 : i32) -> i32{
      ^bb0(%arg0: i32):
        %4 = routinghw.tilearrayhandlecreate {name = "array handle"} : i32
        %5 = routinghw.ioshimtilecreate {IOID = 16 : i32, channelused = 1 : i32, col = 15 : i32, comments = "dio15", dmadirection = 0 : i32, row = 0 : i32} -> i32
        %6 = routinghw.tilecreate {col = 3 : i32, comments = "tile reserved", row = 3 : i32} -> i32
        %7 = routinghw.tilecreate {col = 3 : i32, comments = "tile reserved", row = 4 : i32} -> i32
        %8 = routinghw.tilecreate {col = 3 : i32, comments = "tile reserved", row = 5 : i32} -> i32
        %9 = routinghw.tilecreate {col = 3 : i32, comments = "tile reserved", row = 6 : i32} -> i32
        %10 = routinghw.tilecreate {col = 15 : i32, comments = "tile in path", row = 0 : i32} -> i32
        %11 = routinghw.tilecreate {col = 15 : i32, comments = "tile in path", row = 1 : i32} -> i32
        %12 = routinghw.tilecreate {col = 15 : i32, comments = "tile in path", row = 2 : i32} -> i32
        %13 = routinghw.tilecreate {col = 14 : i32, comments = "tile in path", row = 2 : i32} -> i32
        %14 = routinghw.tilecreate {col = 13 : i32, comments = "tile in path", row = 2 : i32} -> i32
        %15 = routinghw.tilecreate {col = 12 : i32, comments = "tile in path", row = 2 : i32} -> i32
        %16 = routinghw.tilecreate {col = 11 : i32, comments = "tile in path", row = 2 : i32} -> i32
        %17 = routinghw.tilecreate {col = 10 : i32, comments = "tile in path", row = 2 : i32} -> i32
        %18 = routinghw.tilecreate {col = 9 : i32, comments = "tile in path", row = 2 : i32} -> i32
        %19 = routinghw.tilecreate {col = 8 : i32, comments = "tile in path", row = 2 : i32} -> i32
        %20 = routinghw.tilecreate {col = 7 : i32, comments = "tile in path", row = 2 : i32} -> i32
        %21 = routinghw.tilecreate {col = 6 : i32, comments = "tile in path", row = 2 : i32} -> i32
        %22 = routinghw.tilecreate {col = 5 : i32, comments = "tile in path", row = 2 : i32} -> i32
        %23 = routinghw.tilecreate {col = 4 : i32, comments = "tile in path", row = 2 : i32} -> i32
        %24 = routinghw.tilecreate {col = 3 : i32, comments = "tile in path", row = 2 : i32} -> i32
        %25 = routinghw.enableexttoaieshimport %5 : i32 {portdirection = "SOUTH", portidx = 7 : i32} -> i32
        %26 = routinghw.connectsinglestreamswitchport %5 : {slaveportdirection = "SOUTH", slaveportidx = 7, masterportdirection = "NORTH", masterportidx = 1} : i32
        %27 = routinghw.connectsinglestreamswitchport %11 : {slaveportdirection = "SOUTH", slaveportidx = 1, masterportdirection = "NORTH", masterportidx = 1} : i32
        %28 = routinghw.connectsinglestreamswitchport %12 : {slaveportdirection = "SOUTH", slaveportidx = 1, masterportdirection = "WEST", masterportidx = 0} : i32
        %29 = routinghw.connectsinglestreamswitchport %13 : {slaveportdirection = "EAST", slaveportidx = 0, masterportdirection = "WEST", masterportidx = 0} : i32
        %30 = routinghw.connectsinglestreamswitchport %14 : {slaveportdirection = "EAST", slaveportidx = 0, masterportdirection = "WEST", masterportidx = 0} : i32
        %31 = routinghw.connectsinglestreamswitchport %15 : {slaveportdirection = "EAST", slaveportidx = 0, masterportdirection = "WEST", masterportidx = 0} : i32
        %32 = routinghw.connectsinglestreamswitchport %16 : {slaveportdirection = "EAST", slaveportidx = 0, masterportdirection = "WEST", masterportidx = 0} : i32
        %33 = routinghw.connectsinglestreamswitchport %17 : {slaveportdirection = "EAST", slaveportidx = 0, masterportdirection = "WEST", masterportidx = 0} : i32
        %34 = routinghw.connectsinglestreamswitchport %18 : {slaveportdirection = "EAST", slaveportidx = 0, masterportdirection = "WEST", masterportidx = 0} : i32
        %35 = routinghw.connectsinglestreamswitchport %19 : {slaveportdirection = "EAST", slaveportidx = 0, masterportdirection = "WEST", masterportidx = 0} : i32
        %36 = routinghw.connectsinglestreamswitchport %20 : {slaveportdirection = "EAST", slaveportidx = 0, masterportdirection = "WEST", masterportidx = 0} : i32
        %37 = routinghw.connectsinglestreamswitchport %21 : {slaveportdirection = "EAST", slaveportidx = 0, masterportdirection = "WEST", masterportidx = 0} : i32
        %38 = routinghw.connectsinglestreamswitchport %22 : {slaveportdirection = "EAST", slaveportidx = 0, masterportdirection = "WEST", masterportidx = 0} : i32
        %39 = routinghw.connectsinglestreamswitchport %23 : {slaveportdirection = "EAST", slaveportidx = 0, masterportdirection = "WEST", masterportidx = 0} : i32
        %40 = routinghw.connectsinglestreamswitchport %24 : {slaveportdirection = "EAST", slaveportidx = 0, masterportdirection = "NORTH", masterportidx = 0} : i32
        %41 = routinghw.connectsinglestreamswitchport %6 : {slaveportdirection = "SOUTH", slaveportidx = 0, masterportdirection = "NORTH", masterportidx = 0} : i32
        %42 = routinghw.connectsinglestreamswitchport %6 : {slaveportdirection = "SOUTH", slaveportidx = 0, masterportdirection = "DMA", masterportidx = 2} : i32
        %43 = routinghw.connectsinglestreamswitchport %7 : {slaveportdirection = "SOUTH", slaveportidx = 0, masterportdirection = "NORTH", masterportidx = 0} : i32
        %44 = routinghw.connectsinglestreamswitchport %7 : {slaveportdirection = "SOUTH", slaveportidx = 0, masterportdirection = "DMA", masterportidx = 2} : i32
        %45 = routinghw.connectsinglestreamswitchport %8 : {slaveportdirection = "SOUTH", slaveportidx = 0, masterportdirection = "NORTH", masterportidx = 0} : i32
        %46 = routinghw.connectsinglestreamswitchport %8 : {slaveportdirection = "SOUTH", slaveportidx = 0, masterportdirection = "DMA", masterportidx = 2} : i32
        %47 = routinghw.connectsinglestreamswitchport %9 : {slaveportdirection = "SOUTH", slaveportidx = 0, masterportdirection = "DMA", masterportidx = 2} : i32
      }
      scf.yield
    } {routing_memo = "col"}
    return
  }
}
Successfully found memo: row
Successfully found memo: row
Successfully found memo: col
--- Generated C++ Code ---
#include <xaiengine.h>
XAie_LocType XAie_TileLoc(int32_t, int32_t);
XAie_Packet XAie_Packet(int32_t, int32_t);
XAie_DevInst* getOrCreateDeviceInstance();
int32_t XAie_EnableShimDmaToAieStrmPort(XAie_DevInst*, XAie_LocType, int32_t);
int32_t XAie_EnableAieToShimDmaStrmPort(XAie_DevInst*, XAie_LocType, int32_t);
int32_t XAie_StrmConnCctEnable(XAie_DevInst*, XAie_LocType, int8_t*, int32_t, int8_t*, int32_t);
int32_t XAie_StrmPktSwSlaveSlotEnable(XAie_DevInst*, XAie_LocType, int8_t*, int32_t, int32_t, XAie_Packet, int32_t, int32_t, int32_t);
int32_t XAie_StrmPktSwMstrPortEnable(XAie_DevInst*, XAie_LocType, int8_t*, int32_t, int8_t*, int32_t, int32_t);
void main() {
  int32_t v1 = 15;
  int32_t v2 = 8;
  int32_t v3 = 9;
  int32_t v4 = 10;
  int32_t v5 = 11;
  int32_t v6 = 12;
  int32_t v7 = 13;
  int32_t v8 = 14;
  int32_t v9 = 7;
  int32_t v10 = 6;
  int32_t v11 = 5;
  int8_t* v12 = NORTH;
  int8_t* v13 = SOUTH;
  int32_t v14 = 4;
  int8_t* v15 = WEST;
  int8_t* v16 = XAIE_SS_PKT_DROP_HEADER;
  int8_t* v17 = EAST;
  int32_t v18 = 31;
  int8_t* v19 = DMA;
  int8_t* v20 = NONE;
  bool v21 = true;
  int32_t v22 = 3;
  int32_t v23 = 2;
  int32_t v24 = 1;
  int32_t v25 = 0;

  { //----routing creation in row ----start-------

  //round is 0 hw split in : row -----------
  if (v21) {
    XAie_LocType v26 = XAie_TileLoc(v22, v25);
    XAie_DevInst* v27 = getOrCreateDeviceInstance();
    XAie_Packet v28 = XAie_Packet(v25, v25);
    XAie_Packet v29 = XAie_Packet(v24, v25);
    int32_t v30 = XAie_StrmPktSwSlaveSlotEnable(v27, v26, v19, v25, v25, v29, v18, v25, v25);
    int32_t v31 = XAie_StrmPktSwMstrPortEnable(v27, v26, v17, v25, v16, v25, v24);
    XAie_LocType v32 = XAie_TileLoc(v22, v24);
    XAie_DevInst* v33 = getOrCreateDeviceInstance();
    XAie_Packet v34 = XAie_Packet(v25, v25);
    XAie_Packet v35 = XAie_Packet(v23, v25);
    int32_t v36 = XAie_StrmPktSwSlaveSlotEnable(v33, v32, v15, v25, v25, v34, v25, v25, v25);
    int32_t v37 = XAie_StrmPktSwSlaveSlotEnable(v33, v32, v19, v25, v25, v35, v18, v25, v25);
    int32_t v38 = XAie_StrmPktSwMstrPortEnable(v33, v32, v17, v25, v16, v25, v24);
    XAie_LocType v39 = XAie_TileLoc(v22, v23);
    XAie_DevInst* v40 = getOrCreateDeviceInstance();
    XAie_Packet v41 = XAie_Packet(v25, v25);
    XAie_Packet v42 = XAie_Packet(v22, v25);
    int32_t v43 = XAie_StrmPktSwSlaveSlotEnable(v40, v39, v15, v25, v25, v41, v25, v25, v25);
    int32_t v44 = XAie_StrmPktSwSlaveSlotEnable(v40, v39, v19, v25, v25, v42, v18, v25, v25);
    int32_t v45 = XAie_StrmPktSwMstrPortEnable(v40, v39, v17, v25, v16, v25, v24);
    XAie_LocType v46 = XAie_TileLoc(v22, v22);
    XAie_DevInst* v47 = getOrCreateDeviceInstance();
    XAie_Packet v48 = XAie_Packet(v25, v25);
    XAie_Packet v49 = XAie_Packet(v14, v25);
    int32_t v50 = XAie_StrmPktSwSlaveSlotEnable(v47, v46, v15, v25, v25, v48, v25, v25, v25);
    int32_t v51 = XAie_StrmPktSwSlaveSlotEnable(v47, v46, v19, v25, v25, v49, v18, v25, v25);
    XAie_LocType v52 = XAie_TileLoc(v22, v22);
    XAie_DevInst* v53 = getOrCreateDeviceInstance();
    XAie_Packet v54 = XAie_Packet(v25, v25);
    XAie_Packet v55 = XAie_Packet(v25, v25);
    int32_t v56 = XAie_StrmPktSwMstrPortEnable(v53, v52, v13, v25, v16, v25, v24);
    XAie_LocType v57 = XAie_TileLoc(v23, v22);
    XAie_DevInst* v58 = getOrCreateDeviceInstance();
    int32_t v59 = XAie_StrmConnCctEnable(v58, v57, v12, v25, v13, v25);
    XAie_LocType v60 = XAie_TileLoc(v24, v22);
    XAie_DevInst* v61 = getOrCreateDeviceInstance();
    int32_t v62 = XAie_StrmConnCctEnable(v61, v60, v12, v25, v13, v25);
    XAie_LocType v63 = XAie_TileLoc(v25, v22);
    XAie_DevInst* v64 = getOrCreateDeviceInstance();
    int32_t v65 = XAie_EnableAieToShimDmaStrmPort(v64, v63, v23);
    XAie_LocType v66 = XAie_TileLoc(v25, v22);
    XAie_DevInst* v67 = getOrCreateDeviceInstance();
    int32_t v68 = XAie_StrmConnCctEnable(v67, v66, v13, v23, v13, v23);
  }

  //round is 1 hw split in : row -----------
  if (v21) {
    XAie_LocType v69 = XAie_TileLoc(v14, v25);
    XAie_DevInst* v70 = getOrCreateDeviceInstance();
    XAie_Packet v71 = XAie_Packet(v25, v25);
    XAie_Packet v72 = XAie_Packet(v24, v25);
    int32_t v73 = XAie_StrmPktSwSlaveSlotEnable(v70, v69, v19, v25, v25, v72, v18, v25, v25);
    int32_t v74 = XAie_StrmPktSwMstrPortEnable(v70, v69, v17, v25, v16, v25, v24);
    XAie_LocType v75 = XAie_TileLoc(v14, v24);
    XAie_DevInst* v76 = getOrCreateDeviceInstance();
    XAie_Packet v77 = XAie_Packet(v25, v25);
    XAie_Packet v78 = XAie_Packet(v23, v25);
    int32_t v79 = XAie_StrmPktSwSlaveSlotEnable(v76, v75, v15, v25, v25, v77, v25, v25, v25);
    int32_t v80 = XAie_StrmPktSwSlaveSlotEnable(v76, v75, v19, v25, v25, v78, v18, v25, v25);
    int32_t v81 = XAie_StrmPktSwMstrPortEnable(v76, v75, v17, v25, v16, v25, v24);
    XAie_LocType v82 = XAie_TileLoc(v14, v23);
    XAie_DevInst* v83 = getOrCreateDeviceInstance();
    XAie_Packet v84 = XAie_Packet(v25, v25);
    XAie_Packet v85 = XAie_Packet(v22, v25);
    int32_t v86 = XAie_StrmPktSwSlaveSlotEnable(v83, v82, v15, v25, v25, v84, v25, v25, v25);
    int32_t v87 = XAie_StrmPktSwSlaveSlotEnable(v83, v82, v19, v25, v25, v85, v18, v25, v25);
    int32_t v88 = XAie_StrmPktSwMstrPortEnable(v83, v82, v17, v25, v16, v25, v24);
    XAie_LocType v89 = XAie_TileLoc(v14, v22);
    XAie_DevInst* v90 = getOrCreateDeviceInstance();
    XAie_Packet v91 = XAie_Packet(v25, v25);
    XAie_Packet v92 = XAie_Packet(v14, v25);
    int32_t v93 = XAie_StrmPktSwSlaveSlotEnable(v90, v89, v15, v25, v25, v91, v25, v25, v25);
    int32_t v94 = XAie_StrmPktSwSlaveSlotEnable(v90, v89, v19, v25, v25, v92, v18, v25, v25);
    XAie_LocType v95 = XAie_TileLoc(v14, v22);
    XAie_DevInst* v96 = getOrCreateDeviceInstance();
    XAie_Packet v97 = XAie_Packet(v25, v25);
    XAie_Packet v98 = XAie_Packet(v25, v25);
    int32_t v99 = XAie_StrmPktSwMstrPortEnable(v96, v95, v13, v25, v16, v25, v24);
    XAie_LocType v100 = XAie_TileLoc(v22, v22);
    XAie_DevInst* v101 = getOrCreateDeviceInstance();
    int32_t v102 = XAie_StrmConnCctEnable(v101, v100, v12, v25, v13, v24);
    XAie_LocType v103 = XAie_TileLoc(v23, v22);
    XAie_DevInst* v104 = getOrCreateDeviceInstance();
    int32_t v105 = XAie_StrmConnCctEnable(v104, v103, v12, v24, v13, v24);
    XAie_LocType v106 = XAie_TileLoc(v24, v22);
    XAie_DevInst* v107 = getOrCreateDeviceInstance();
    int32_t v108 = XAie_StrmConnCctEnable(v107, v106, v12, v24, v13, v24);
    XAie_LocType v109 = XAie_TileLoc(v25, v22);
    XAie_DevInst* v110 = getOrCreateDeviceInstance();
    int32_t v111 = XAie_EnableAieToShimDmaStrmPort(v110, v109, v22);
    XAie_LocType v112 = XAie_TileLoc(v25, v22);
    XAie_DevInst* v113 = getOrCreateDeviceInstance();
    int32_t v114 = XAie_StrmConnCctEnable(v113, v112, v13, v22, v13, v22);
  }

  //round is 2 hw split in : row -----------
  if (v21) {
    XAie_LocType v115 = XAie_TileLoc(v11, v25);
    XAie_DevInst* v116 = getOrCreateDeviceInstance();
    XAie_Packet v117 = XAie_Packet(v25, v25);
    XAie_Packet v118 = XAie_Packet(v24, v25);
    int32_t v119 = XAie_StrmPktSwSlaveSlotEnable(v116, v115, v19, v25, v25, v118, v18, v25, v25);
    int32_t v120 = XAie_StrmPktSwMstrPortEnable(v116, v115, v17, v25, v16, v25, v24);
    XAie_LocType v121 = XAie_TileLoc(v11, v24);
    XAie_DevInst* v122 = getOrCreateDeviceInstance();
    XAie_Packet v123 = XAie_Packet(v25, v25);
    XAie_Packet v124 = XAie_Packet(v23, v25);
    int32_t v125 = XAie_StrmPktSwSlaveSlotEnable(v122, v121, v15, v25, v25, v123, v25, v25, v25);
    int32_t v126 = XAie_StrmPktSwSlaveSlotEnable(v122, v121, v19, v25, v25, v124, v18, v25, v25);
    int32_t v127 = XAie_StrmPktSwMstrPortEnable(v122, v121, v17, v25, v16, v25, v24);
    XAie_LocType v128 = XAie_TileLoc(v11, v23);
    XAie_DevInst* v129 = getOrCreateDeviceInstance();
    XAie_Packet v130 = XAie_Packet(v25, v25);
    XAie_Packet v131 = XAie_Packet(v22, v25);
    int32_t v132 = XAie_StrmPktSwSlaveSlotEnable(v129, v128, v15, v25, v25, v130, v25, v25, v25);
    int32_t v133 = XAie_StrmPktSwSlaveSlotEnable(v129, v128, v19, v25, v25, v131, v18, v25, v25);
    int32_t v134 = XAie_StrmPktSwMstrPortEnable(v129, v128, v17, v25, v16, v25, v24);
    XAie_LocType v135 = XAie_TileLoc(v11, v22);
    XAie_DevInst* v136 = getOrCreateDeviceInstance();
    XAie_Packet v137 = XAie_Packet(v25, v25);
    XAie_Packet v138 = XAie_Packet(v14, v25);
    int32_t v139 = XAie_StrmPktSwSlaveSlotEnable(v136, v135, v15, v25, v25, v137, v25, v25, v25);
    int32_t v140 = XAie_StrmPktSwSlaveSlotEnable(v136, v135, v19, v25, v25, v138, v18, v25, v25);
    XAie_LocType v141 = XAie_TileLoc(v11, v22);
    XAie_DevInst* v142 = getOrCreateDeviceInstance();
    XAie_Packet v143 = XAie_Packet(v25, v25);
    XAie_Packet v144 = XAie_Packet(v25, v25);
    int32_t v145 = XAie_StrmPktSwMstrPortEnable(v142, v141, v13, v25, v16, v25, v24);
    XAie_LocType v146 = XAie_TileLoc(v14, v22);
    XAie_DevInst* v147 = getOrCreateDeviceInstance();
    int32_t v148 = XAie_StrmConnCctEnable(v147, v146, v12, v25, v13, v24);
    XAie_LocType v149 = XAie_TileLoc(v22, v22);
    XAie_DevInst* v150 = getOrCreateDeviceInstance();
    int32_t v151 = XAie_StrmConnCctEnable(v150, v149, v12, v24, v13, v23);
    XAie_LocType v152 = XAie_TileLoc(v23, v22);
    XAie_DevInst* v153 = getOrCreateDeviceInstance();
    int32_t v154 = XAie_StrmConnCctEnable(v153, v152, v12, v23, v13, v23);
    XAie_LocType v155 = XAie_TileLoc(v24, v22);
    XAie_DevInst* v156 = getOrCreateDeviceInstance();
    int32_t v157 = XAie_StrmConnCctEnable(v156, v155, v12, v23, v15, v25);
    XAie_LocType v158 = XAie_TileLoc(v24, v23);
    XAie_DevInst* v159 = getOrCreateDeviceInstance();
    int32_t v160 = XAie_StrmConnCctEnable(v159, v158, v17, v25, v13, v25);
    XAie_LocType v161 = XAie_TileLoc(v25, v23);
    XAie_DevInst* v162 = getOrCreateDeviceInstance();
    int32_t v163 = XAie_EnableAieToShimDmaStrmPort(v162, v161, v23);
    XAie_LocType v164 = XAie_TileLoc(v25, v23);
    XAie_DevInst* v165 = getOrCreateDeviceInstance();
    int32_t v166 = XAie_StrmConnCctEnable(v165, v164, v13, v23, v13, v23);
  }

  //round is 3 hw split in : row -----------
  if (v21) {
    XAie_LocType v167 = XAie_TileLoc(v10, v25);
    XAie_DevInst* v168 = getOrCreateDeviceInstance();
    XAie_Packet v169 = XAie_Packet(v25, v25);
    XAie_Packet v170 = XAie_Packet(v24, v25);
    int32_t v171 = XAie_StrmPktSwSlaveSlotEnable(v168, v167, v19, v25, v25, v170, v18, v25, v25);
    int32_t v172 = XAie_StrmPktSwMstrPortEnable(v168, v167, v17, v25, v16, v25, v24);
    XAie_LocType v173 = XAie_TileLoc(v10, v24);
    XAie_DevInst* v174 = getOrCreateDeviceInstance();
    XAie_Packet v175 = XAie_Packet(v25, v25);
    XAie_Packet v176 = XAie_Packet(v23, v25);
    int32_t v177 = XAie_StrmPktSwSlaveSlotEnable(v174, v173, v15, v25, v25, v175, v25, v25, v25);
    int32_t v178 = XAie_StrmPktSwSlaveSlotEnable(v174, v173, v19, v25, v25, v176, v18, v25, v25);
    int32_t v179 = XAie_StrmPktSwMstrPortEnable(v174, v173, v17, v25, v16, v25, v24);
    XAie_LocType v180 = XAie_TileLoc(v10, v23);
    XAie_DevInst* v181 = getOrCreateDeviceInstance();
    XAie_Packet v182 = XAie_Packet(v25, v25);
    XAie_Packet v183 = XAie_Packet(v22, v25);
    int32_t v184 = XAie_StrmPktSwSlaveSlotEnable(v181, v180, v15, v25, v25, v182, v25, v25, v25);
    int32_t v185 = XAie_StrmPktSwSlaveSlotEnable(v181, v180, v19, v25, v25, v183, v18, v25, v25);
    int32_t v186 = XAie_StrmPktSwMstrPortEnable(v181, v180, v17, v25, v16, v25, v24);
    XAie_LocType v187 = XAie_TileLoc(v10, v22);
    XAie_DevInst* v188 = getOrCreateDeviceInstance();
    XAie_Packet v189 = XAie_Packet(v25, v25);
    XAie_Packet v190 = XAie_Packet(v14, v25);
    int32_t v191 = XAie_StrmPktSwSlaveSlotEnable(v188, v187, v15, v25, v25, v189, v25, v25, v25);
    int32_t v192 = XAie_StrmPktSwSlaveSlotEnable(v188, v187, v19, v25, v25, v190, v18, v25, v25);
    XAie_LocType v193 = XAie_TileLoc(v10, v22);
    XAie_DevInst* v194 = getOrCreateDeviceInstance();
    XAie_Packet v195 = XAie_Packet(v25, v25);
    XAie_Packet v196 = XAie_Packet(v25, v25);
    int32_t v197 = XAie_StrmPktSwMstrPortEnable(v194, v193, v13, v25, v16, v25, v24);
    XAie_LocType v198 = XAie_TileLoc(v11, v22);
    XAie_DevInst* v199 = getOrCreateDeviceInstance();
    int32_t v200 = XAie_StrmConnCctEnable(v199, v198, v12, v25, v13, v24);
    XAie_LocType v201 = XAie_TileLoc(v14, v22);
    XAie_DevInst* v202 = getOrCreateDeviceInstance();
    int32_t v203 = XAie_StrmConnCctEnable(v202, v201, v12, v24, v13, v23);
    XAie_LocType v204 = XAie_TileLoc(v22, v22);
    XAie_DevInst* v205 = getOrCreateDeviceInstance();
    int32_t v206 = XAie_StrmConnCctEnable(v205, v204, v12, v23, v13, v22);
    XAie_LocType v207 = XAie_TileLoc(v23, v22);
    XAie_DevInst* v208 = getOrCreateDeviceInstance();
    int32_t v209 = XAie_StrmConnCctEnable(v208, v207, v12, v22, v13, v22);
    XAie_LocType v210 = XAie_TileLoc(v24, v22);
    XAie_DevInst* v211 = getOrCreateDeviceInstance();
    int32_t v212 = XAie_StrmConnCctEnable(v211, v210, v12, v22, v15, v24);
    XAie_LocType v213 = XAie_TileLoc(v24, v23);
    XAie_DevInst* v214 = getOrCreateDeviceInstance();
    int32_t v215 = XAie_StrmConnCctEnable(v214, v213, v17, v24, v13, v24);
    XAie_LocType v216 = XAie_TileLoc(v25, v23);
    XAie_DevInst* v217 = getOrCreateDeviceInstance();
    int32_t v218 = XAie_EnableAieToShimDmaStrmPort(v217, v216, v22);
    XAie_LocType v219 = XAie_TileLoc(v25, v23);
    XAie_DevInst* v220 = getOrCreateDeviceInstance();
    int32_t v221 = XAie_StrmConnCctEnable(v220, v219, v13, v22, v13, v22);
  }

  } //----routing creation in row ----end-------


  { //----routing creation in row ----start-------

  //round is 0 hw split in : row -----------
  if (v21) {
    XAie_LocType v222 = XAie_TileLoc(v25, v10);
    XAie_DevInst* v223 = getOrCreateDeviceInstance();
    int32_t v224 = XAie_EnableShimDmaToAieStrmPort(v223, v222, v22);
    XAie_LocType v225 = XAie_TileLoc(v25, v10);
    XAie_DevInst* v226 = getOrCreateDeviceInstance();
    int32_t v227 = XAie_StrmConnCctEnable(v226, v225, v13, v22, v12, v25);
    XAie_LocType v228 = XAie_TileLoc(v24, v10);
    XAie_DevInst* v229 = getOrCreateDeviceInstance();
    int32_t v230 = XAie_StrmConnCctEnable(v229, v228, v13, v25, v12, v25);
    XAie_LocType v231 = XAie_TileLoc(v23, v10);
    XAie_DevInst* v232 = getOrCreateDeviceInstance();
    int32_t v233 = XAie_StrmConnCctEnable(v232, v231, v13, v25, v12, v25);
    XAie_LocType v234 = XAie_TileLoc(v22, v10);
    XAie_DevInst* v235 = getOrCreateDeviceInstance();
    int32_t v236 = XAie_StrmConnCctEnable(v235, v234, v13, v25, v15, v25);
    XAie_LocType v237 = XAie_TileLoc(v22, v11);
    XAie_DevInst* v238 = getOrCreateDeviceInstance();
    int32_t v239 = XAie_StrmConnCctEnable(v238, v237, v17, v25, v15, v25);
    XAie_LocType v240 = XAie_TileLoc(v22, v14);
    XAie_DevInst* v241 = getOrCreateDeviceInstance();
    int32_t v242 = XAie_StrmConnCctEnable(v241, v240, v17, v25, v15, v25);
    XAie_LocType v243 = XAie_TileLoc(v22, v22);
    XAie_DevInst* v244 = getOrCreateDeviceInstance();
    int32_t v245 = XAie_StrmConnCctEnable(v244, v243, v17, v25, v15, v25);
    XAie_LocType v246 = XAie_TileLoc(v22, v22);
    XAie_DevInst* v247 = getOrCreateDeviceInstance();
    int32_t v248 = XAie_StrmConnCctEnable(v247, v246, v17, v25, v19, v24);
    XAie_LocType v249 = XAie_TileLoc(v22, v23);
    XAie_DevInst* v250 = getOrCreateDeviceInstance();
    int32_t v251 = XAie_StrmConnCctEnable(v250, v249, v17, v25, v15, v25);
    XAie_LocType v252 = XAie_TileLoc(v22, v23);
    XAie_DevInst* v253 = getOrCreateDeviceInstance();
    int32_t v254 = XAie_StrmConnCctEnable(v253, v252, v17, v25, v19, v24);
    XAie_LocType v255 = XAie_TileLoc(v22, v24);
    XAie_DevInst* v256 = getOrCreateDeviceInstance();
    int32_t v257 = XAie_StrmConnCctEnable(v256, v255, v17, v25, v15, v25);
    XAie_LocType v258 = XAie_TileLoc(v22, v24);
    XAie_DevInst* v259 = getOrCreateDeviceInstance();
    int32_t v260 = XAie_StrmConnCctEnable(v259, v258, v17, v25, v19, v24);
    XAie_LocType v261 = XAie_TileLoc(v22, v25);
    XAie_DevInst* v262 = getOrCreateDeviceInstance();
    int32_t v263 = XAie_StrmConnCctEnable(v262, v261, v17, v25, v19, v24);
  }

  //round is 1 hw split in : row -----------
  if (v21) {
    XAie_LocType v264 = XAie_TileLoc(v25, v10);
    XAie_DevInst* v265 = getOrCreateDeviceInstance();
    int32_t v266 = XAie_EnableShimDmaToAieStrmPort(v265, v264, v9);
    XAie_LocType v267 = XAie_TileLoc(v25, v10);
    XAie_DevInst* v268 = getOrCreateDeviceInstance();
    int32_t v269 = XAie_StrmConnCctEnable(v268, v267, v13, v9, v12, v24);
    XAie_LocType v270 = XAie_TileLoc(v24, v10);
    XAie_DevInst* v271 = getOrCreateDeviceInstance();
    int32_t v272 = XAie_StrmConnCctEnable(v271, v270, v13, v24, v12, v24);
    XAie_LocType v273 = XAie_TileLoc(v23, v10);
    XAie_DevInst* v274 = getOrCreateDeviceInstance();
    int32_t v275 = XAie_StrmConnCctEnable(v274, v273, v13, v24, v12, v24);
    XAie_LocType v276 = XAie_TileLoc(v22, v10);
    XAie_DevInst* v277 = getOrCreateDeviceInstance();
    int32_t v278 = XAie_StrmConnCctEnable(v277, v276, v13, v24, v12, v25);
    XAie_LocType v279 = XAie_TileLoc(v14, v10);
    XAie_DevInst* v280 = getOrCreateDeviceInstance();
    int32_t v281 = XAie_StrmConnCctEnable(v280, v279, v13, v25, v15, v25);
    XAie_LocType v282 = XAie_TileLoc(v14, v11);
    XAie_DevInst* v283 = getOrCreateDeviceInstance();
    int32_t v284 = XAie_StrmConnCctEnable(v283, v282, v17, v25, v15, v25);
    XAie_LocType v285 = XAie_TileLoc(v14, v14);
    XAie_DevInst* v286 = getOrCreateDeviceInstance();
    int32_t v287 = XAie_StrmConnCctEnable(v286, v285, v17, v25, v15, v25);
    XAie_LocType v288 = XAie_TileLoc(v14, v22);
    XAie_DevInst* v289 = getOrCreateDeviceInstance();
    int32_t v290 = XAie_StrmConnCctEnable(v289, v288, v17, v25, v15, v25);
    XAie_LocType v291 = XAie_TileLoc(v14, v22);
    XAie_DevInst* v292 = getOrCreateDeviceInstance();
    int32_t v293 = XAie_StrmConnCctEnable(v292, v291, v17, v25, v19, v24);
    XAie_LocType v294 = XAie_TileLoc(v14, v23);
    XAie_DevInst* v295 = getOrCreateDeviceInstance();
    int32_t v296 = XAie_StrmConnCctEnable(v295, v294, v17, v25, v15, v25);
    XAie_LocType v297 = XAie_TileLoc(v14, v23);
    XAie_DevInst* v298 = getOrCreateDeviceInstance();
    int32_t v299 = XAie_StrmConnCctEnable(v298, v297, v17, v25, v19, v24);
    XAie_LocType v300 = XAie_TileLoc(v14, v24);
    XAie_DevInst* v301 = getOrCreateDeviceInstance();
    int32_t v302 = XAie_StrmConnCctEnable(v301, v300, v17, v25, v15, v25);
    XAie_LocType v303 = XAie_TileLoc(v14, v24);
    XAie_DevInst* v304 = getOrCreateDeviceInstance();
    int32_t v305 = XAie_StrmConnCctEnable(v304, v303, v17, v25, v19, v24);
    XAie_LocType v306 = XAie_TileLoc(v14, v25);
    XAie_DevInst* v307 = getOrCreateDeviceInstance();
    int32_t v308 = XAie_StrmConnCctEnable(v307, v306, v17, v25, v19, v24);
  }

  //round is 2 hw split in : row -----------
  if (v21) {
    XAie_LocType v309 = XAie_TileLoc(v25, v9);
    XAie_DevInst* v310 = getOrCreateDeviceInstance();
    int32_t v311 = XAie_EnableShimDmaToAieStrmPort(v310, v309, v22);
    XAie_LocType v312 = XAie_TileLoc(v25, v9);
    XAie_DevInst* v313 = getOrCreateDeviceInstance();
    int32_t v314 = XAie_StrmConnCctEnable(v313, v312, v13, v22, v12, v25);
    XAie_LocType v315 = XAie_TileLoc(v24, v9);
    XAie_DevInst* v316 = getOrCreateDeviceInstance();
    int32_t v317 = XAie_StrmConnCctEnable(v316, v315, v13, v25, v12, v25);
    XAie_LocType v318 = XAie_TileLoc(v23, v9);
    XAie_DevInst* v319 = getOrCreateDeviceInstance();
    int32_t v320 = XAie_StrmConnCctEnable(v319, v318, v13, v25, v12, v25);
    XAie_LocType v321 = XAie_TileLoc(v22, v9);
    XAie_DevInst* v322 = getOrCreateDeviceInstance();
    int32_t v323 = XAie_StrmConnCctEnable(v322, v321, v13, v25, v12, v25);
    XAie_LocType v324 = XAie_TileLoc(v14, v9);
    XAie_DevInst* v325 = getOrCreateDeviceInstance();
    int32_t v326 = XAie_StrmConnCctEnable(v325, v324, v13, v25, v12, v25);
    XAie_LocType v327 = XAie_TileLoc(v11, v9);
    XAie_DevInst* v328 = getOrCreateDeviceInstance();
    int32_t v329 = XAie_StrmConnCctEnable(v328, v327, v13, v25, v15, v25);
    XAie_LocType v330 = XAie_TileLoc(v11, v10);
    XAie_DevInst* v331 = getOrCreateDeviceInstance();
    int32_t v332 = XAie_StrmConnCctEnable(v331, v330, v17, v25, v15, v25);
    XAie_LocType v333 = XAie_TileLoc(v11, v11);
    XAie_DevInst* v334 = getOrCreateDeviceInstance();
    int32_t v335 = XAie_StrmConnCctEnable(v334, v333, v17, v25, v15, v25);
    XAie_LocType v336 = XAie_TileLoc(v11, v14);
    XAie_DevInst* v337 = getOrCreateDeviceInstance();
    int32_t v338 = XAie_StrmConnCctEnable(v337, v336, v17, v25, v15, v25);
    XAie_LocType v339 = XAie_TileLoc(v11, v22);
    XAie_DevInst* v340 = getOrCreateDeviceInstance();
    int32_t v341 = XAie_StrmConnCctEnable(v340, v339, v17, v25, v15, v25);
    XAie_LocType v342 = XAie_TileLoc(v11, v22);
    XAie_DevInst* v343 = getOrCreateDeviceInstance();
    int32_t v344 = XAie_StrmConnCctEnable(v343, v342, v17, v25, v19, v24);
    XAie_LocType v345 = XAie_TileLoc(v11, v23);
    XAie_DevInst* v346 = getOrCreateDeviceInstance();
    int32_t v347 = XAie_StrmConnCctEnable(v346, v345, v17, v25, v15, v25);
    XAie_LocType v348 = XAie_TileLoc(v11, v23);
    XAie_DevInst* v349 = getOrCreateDeviceInstance();
    int32_t v350 = XAie_StrmConnCctEnable(v349, v348, v17, v25, v19, v24);
    XAie_LocType v351 = XAie_TileLoc(v11, v24);
    XAie_DevInst* v352 = getOrCreateDeviceInstance();
    int32_t v353 = XAie_StrmConnCctEnable(v352, v351, v17, v25, v15, v25);
    XAie_LocType v354 = XAie_TileLoc(v11, v24);
    XAie_DevInst* v355 = getOrCreateDeviceInstance();
    int32_t v356 = XAie_StrmConnCctEnable(v355, v354, v17, v25, v19, v24);
    XAie_LocType v357 = XAie_TileLoc(v11, v25);
    XAie_DevInst* v358 = getOrCreateDeviceInstance();
    int32_t v359 = XAie_StrmConnCctEnable(v358, v357, v17, v25, v19, v24);
  }

  //round is 3 hw split in : row -----------
  if (v21) {
    XAie_LocType v360 = XAie_TileLoc(v25, v9);
    XAie_DevInst* v361 = getOrCreateDeviceInstance();
    int32_t v362 = XAie_EnableShimDmaToAieStrmPort(v361, v360, v9);
    XAie_LocType v363 = XAie_TileLoc(v25, v9);
    XAie_DevInst* v364 = getOrCreateDeviceInstance();
    int32_t v365 = XAie_StrmConnCctEnable(v364, v363, v13, v9, v12, v24);
    XAie_LocType v366 = XAie_TileLoc(v24, v9);
    XAie_DevInst* v367 = getOrCreateDeviceInstance();
    int32_t v368 = XAie_StrmConnCctEnable(v367, v366, v13, v24, v12, v24);
    XAie_LocType v369 = XAie_TileLoc(v23, v9);
    XAie_DevInst* v370 = getOrCreateDeviceInstance();
    int32_t v371 = XAie_StrmConnCctEnable(v370, v369, v13, v24, v12, v24);
    XAie_LocType v372 = XAie_TileLoc(v22, v9);
    XAie_DevInst* v373 = getOrCreateDeviceInstance();
    int32_t v374 = XAie_StrmConnCctEnable(v373, v372, v13, v24, v12, v24);
    XAie_LocType v375 = XAie_TileLoc(v14, v9);
    XAie_DevInst* v376 = getOrCreateDeviceInstance();
    int32_t v377 = XAie_StrmConnCctEnable(v376, v375, v13, v24, v12, v24);
    XAie_LocType v378 = XAie_TileLoc(v11, v9);
    XAie_DevInst* v379 = getOrCreateDeviceInstance();
    int32_t v380 = XAie_StrmConnCctEnable(v379, v378, v13, v24, v12, v25);
    XAie_LocType v381 = XAie_TileLoc(v10, v9);
    XAie_DevInst* v382 = getOrCreateDeviceInstance();
    int32_t v383 = XAie_StrmConnCctEnable(v382, v381, v13, v25, v15, v25);
    XAie_LocType v384 = XAie_TileLoc(v10, v10);
    XAie_DevInst* v385 = getOrCreateDeviceInstance();
    int32_t v386 = XAie_StrmConnCctEnable(v385, v384, v17, v25, v15, v25);
    XAie_LocType v387 = XAie_TileLoc(v10, v11);
    XAie_DevInst* v388 = getOrCreateDeviceInstance();
    int32_t v389 = XAie_StrmConnCctEnable(v388, v387, v17, v25, v15, v25);
    XAie_LocType v390 = XAie_TileLoc(v10, v14);
    XAie_DevInst* v391 = getOrCreateDeviceInstance();
    int32_t v392 = XAie_StrmConnCctEnable(v391, v390, v17, v25, v15, v25);
    XAie_LocType v393 = XAie_TileLoc(v10, v22);
    XAie_DevInst* v394 = getOrCreateDeviceInstance();
    int32_t v395 = XAie_StrmConnCctEnable(v394, v393, v17, v25, v15, v25);
    XAie_LocType v396 = XAie_TileLoc(v10, v22);
    XAie_DevInst* v397 = getOrCreateDeviceInstance();
    int32_t v398 = XAie_StrmConnCctEnable(v397, v396, v17, v25, v19, v24);
    XAie_LocType v399 = XAie_TileLoc(v10, v23);
    XAie_DevInst* v400 = getOrCreateDeviceInstance();
    int32_t v401 = XAie_StrmConnCctEnable(v400, v399, v17, v25, v15, v25);
    XAie_LocType v402 = XAie_TileLoc(v10, v23);
    XAie_DevInst* v403 = getOrCreateDeviceInstance();
    int32_t v404 = XAie_StrmConnCctEnable(v403, v402, v17, v25, v19, v24);
    XAie_LocType v405 = XAie_TileLoc(v10, v24);
    XAie_DevInst* v406 = getOrCreateDeviceInstance();
    int32_t v407 = XAie_StrmConnCctEnable(v406, v405, v17, v25, v15, v25);
    XAie_LocType v408 = XAie_TileLoc(v10, v24);
    XAie_DevInst* v409 = getOrCreateDeviceInstance();
    int32_t v410 = XAie_StrmConnCctEnable(v409, v408, v17, v25, v19, v24);
    XAie_LocType v411 = XAie_TileLoc(v10, v25);
    XAie_DevInst* v412 = getOrCreateDeviceInstance();
    int32_t v413 = XAie_StrmConnCctEnable(v412, v411, v17, v25, v19, v24);
  }

  } //----routing creation in row ----end-------


  { //----routing creation in col ----start-------

  //round is 0 hw split in : col -----------
  if (v21) {
    XAie_LocType v414 = XAie_TileLoc(v25, v8);
    XAie_DevInst* v415 = getOrCreateDeviceInstance();
    int32_t v416 = XAie_EnableShimDmaToAieStrmPort(v415, v414, v22);
    XAie_LocType v417 = XAie_TileLoc(v25, v8);
    XAie_DevInst* v418 = getOrCreateDeviceInstance();
    int32_t v419 = XAie_StrmConnCctEnable(v418, v417, v13, v22, v12, v25);
    XAie_LocType v420 = XAie_TileLoc(v24, v8);
    XAie_DevInst* v421 = getOrCreateDeviceInstance();
    int32_t v422 = XAie_StrmConnCctEnable(v421, v420, v13, v25, v12, v25);
    XAie_LocType v423 = XAie_TileLoc(v23, v8);
    XAie_DevInst* v424 = getOrCreateDeviceInstance();
    int32_t v425 = XAie_StrmConnCctEnable(v424, v423, v13, v25, v12, v25);
    XAie_LocType v426 = XAie_TileLoc(v22, v8);
    XAie_DevInst* v427 = getOrCreateDeviceInstance();
    int32_t v428 = XAie_StrmConnCctEnable(v427, v426, v13, v25, v15, v25);
    XAie_LocType v429 = XAie_TileLoc(v22, v7);
    XAie_DevInst* v430 = getOrCreateDeviceInstance();
    int32_t v431 = XAie_StrmConnCctEnable(v430, v429, v17, v25, v15, v25);
    XAie_LocType v432 = XAie_TileLoc(v22, v6);
    XAie_DevInst* v433 = getOrCreateDeviceInstance();
    int32_t v434 = XAie_StrmConnCctEnable(v433, v432, v17, v25, v15, v25);
    XAie_LocType v435 = XAie_TileLoc(v22, v5);
    XAie_DevInst* v436 = getOrCreateDeviceInstance();
    int32_t v437 = XAie_StrmConnCctEnable(v436, v435, v17, v25, v15, v25);
    XAie_LocType v438 = XAie_TileLoc(v22, v4);
    XAie_DevInst* v439 = getOrCreateDeviceInstance();
    int32_t v440 = XAie_StrmConnCctEnable(v439, v438, v17, v25, v15, v25);
    XAie_LocType v441 = XAie_TileLoc(v22, v3);
    XAie_DevInst* v442 = getOrCreateDeviceInstance();
    int32_t v443 = XAie_StrmConnCctEnable(v442, v441, v17, v25, v15, v25);
    XAie_LocType v444 = XAie_TileLoc(v22, v2);
    XAie_DevInst* v445 = getOrCreateDeviceInstance();
    int32_t v446 = XAie_StrmConnCctEnable(v445, v444, v17, v25, v15, v25);
    XAie_LocType v447 = XAie_TileLoc(v22, v9);
    XAie_DevInst* v448 = getOrCreateDeviceInstance();
    int32_t v449 = XAie_StrmConnCctEnable(v448, v447, v17, v25, v15, v25);
    XAie_LocType v450 = XAie_TileLoc(v22, v10);
    XAie_DevInst* v451 = getOrCreateDeviceInstance();
    int32_t v452 = XAie_StrmConnCctEnable(v451, v450, v17, v25, v15, v24);
    XAie_LocType v453 = XAie_TileLoc(v22, v11);
    XAie_DevInst* v454 = getOrCreateDeviceInstance();
    int32_t v455 = XAie_StrmConnCctEnable(v454, v453, v17, v24, v15, v24);
    XAie_LocType v456 = XAie_TileLoc(v22, v14);
    XAie_DevInst* v457 = getOrCreateDeviceInstance();
    int32_t v458 = XAie_StrmConnCctEnable(v457, v456, v17, v24, v15, v24);
    XAie_LocType v459 = XAie_TileLoc(v22, v22);
    XAie_DevInst* v460 = getOrCreateDeviceInstance();
    int32_t v461 = XAie_StrmConnCctEnable(v460, v459, v17, v24, v15, v24);
    XAie_LocType v462 = XAie_TileLoc(v22, v23);
    XAie_DevInst* v463 = getOrCreateDeviceInstance();
    int32_t v464 = XAie_StrmConnCctEnable(v463, v462, v17, v24, v15, v24);
    XAie_LocType v465 = XAie_TileLoc(v22, v24);
    XAie_DevInst* v466 = getOrCreateDeviceInstance();
    int32_t v467 = XAie_StrmConnCctEnable(v466, v465, v17, v24, v15, v24);
    XAie_LocType v468 = XAie_TileLoc(v22, v25);
    XAie_DevInst* v469 = getOrCreateDeviceInstance();
    int32_t v470 = XAie_StrmConnCctEnable(v469, v468, v17, v24, v12, v25);
    XAie_LocType v471 = XAie_TileLoc(v22, v25);
    XAie_DevInst* v472 = getOrCreateDeviceInstance();
    int32_t v473 = XAie_StrmConnCctEnable(v472, v471, v17, v24, v19, v23);
    XAie_LocType v474 = XAie_TileLoc(v14, v25);
    XAie_DevInst* v475 = getOrCreateDeviceInstance();
    int32_t v476 = XAie_StrmConnCctEnable(v475, v474, v13, v25, v12, v25);
    XAie_LocType v477 = XAie_TileLoc(v14, v25);
    XAie_DevInst* v478 = getOrCreateDeviceInstance();
    int32_t v479 = XAie_StrmConnCctEnable(v478, v477, v13, v25, v19, v23);
    XAie_LocType v480 = XAie_TileLoc(v11, v25);
    XAie_DevInst* v481 = getOrCreateDeviceInstance();
    int32_t v482 = XAie_StrmConnCctEnable(v481, v480, v13, v25, v12, v25);
    XAie_LocType v483 = XAie_TileLoc(v11, v25);
    XAie_DevInst* v484 = getOrCreateDeviceInstance();
    int32_t v485 = XAie_StrmConnCctEnable(v484, v483, v13, v25, v19, v23);
    XAie_LocType v486 = XAie_TileLoc(v10, v25);
    XAie_DevInst* v487 = getOrCreateDeviceInstance();
    int32_t v488 = XAie_StrmConnCctEnable(v487, v486, v13, v25, v19, v23);
  }

  //round is 1 hw split in : col -----------
  if (v21) {
    XAie_LocType v489 = XAie_TileLoc(v25, v8);
    XAie_DevInst* v490 = getOrCreateDeviceInstance();
    int32_t v491 = XAie_EnableShimDmaToAieStrmPort(v490, v489, v9);
    XAie_LocType v492 = XAie_TileLoc(v25, v8);
    XAie_DevInst* v493 = getOrCreateDeviceInstance();
    int32_t v494 = XAie_StrmConnCctEnable(v493, v492, v13, v9, v12, v24);
    XAie_LocType v495 = XAie_TileLoc(v24, v8);
    XAie_DevInst* v496 = getOrCreateDeviceInstance();
    int32_t v497 = XAie_StrmConnCctEnable(v496, v495, v13, v24, v12, v24);
    XAie_LocType v498 = XAie_TileLoc(v23, v8);
    XAie_DevInst* v499 = getOrCreateDeviceInstance();
    int32_t v500 = XAie_StrmConnCctEnable(v499, v498, v13, v24, v12, v24);
    XAie_LocType v501 = XAie_TileLoc(v22, v8);
    XAie_DevInst* v502 = getOrCreateDeviceInstance();
    int32_t v503 = XAie_StrmConnCctEnable(v502, v501, v13, v24, v15, v24);
    XAie_LocType v504 = XAie_TileLoc(v22, v7);
    XAie_DevInst* v505 = getOrCreateDeviceInstance();
    int32_t v506 = XAie_StrmConnCctEnable(v505, v504, v17, v24, v15, v24);
    XAie_LocType v507 = XAie_TileLoc(v22, v6);
    XAie_DevInst* v508 = getOrCreateDeviceInstance();
    int32_t v509 = XAie_StrmConnCctEnable(v508, v507, v17, v24, v15, v24);
    XAie_LocType v510 = XAie_TileLoc(v22, v5);
    XAie_DevInst* v511 = getOrCreateDeviceInstance();
    int32_t v512 = XAie_StrmConnCctEnable(v511, v510, v17, v24, v15, v24);
    XAie_LocType v513 = XAie_TileLoc(v22, v4);
    XAie_DevInst* v514 = getOrCreateDeviceInstance();
    int32_t v515 = XAie_StrmConnCctEnable(v514, v513, v17, v24, v15, v24);
    XAie_LocType v516 = XAie_TileLoc(v22, v3);
    XAie_DevInst* v517 = getOrCreateDeviceInstance();
    int32_t v518 = XAie_StrmConnCctEnable(v517, v516, v17, v24, v15, v24);
    XAie_LocType v519 = XAie_TileLoc(v22, v2);
    XAie_DevInst* v520 = getOrCreateDeviceInstance();
    int32_t v521 = XAie_StrmConnCctEnable(v520, v519, v17, v24, v15, v24);
    XAie_LocType v522 = XAie_TileLoc(v22, v9);
    XAie_DevInst* v523 = getOrCreateDeviceInstance();
    int32_t v524 = XAie_StrmConnCctEnable(v523, v522, v17, v24, v15, v24);
    XAie_LocType v525 = XAie_TileLoc(v22, v10);
    XAie_DevInst* v526 = getOrCreateDeviceInstance();
    int32_t v527 = XAie_StrmConnCctEnable(v526, v525, v17, v24, v15, v23);
    XAie_LocType v528 = XAie_TileLoc(v22, v11);
    XAie_DevInst* v529 = getOrCreateDeviceInstance();
    int32_t v530 = XAie_StrmConnCctEnable(v529, v528, v17, v23, v15, v23);
    XAie_LocType v531 = XAie_TileLoc(v22, v14);
    XAie_DevInst* v532 = getOrCreateDeviceInstance();
    int32_t v533 = XAie_StrmConnCctEnable(v532, v531, v17, v23, v15, v23);
    XAie_LocType v534 = XAie_TileLoc(v22, v22);
    XAie_DevInst* v535 = getOrCreateDeviceInstance();
    int32_t v536 = XAie_StrmConnCctEnable(v535, v534, v17, v23, v15, v23);
    XAie_LocType v537 = XAie_TileLoc(v22, v23);
    XAie_DevInst* v538 = getOrCreateDeviceInstance();
    int32_t v539 = XAie_StrmConnCctEnable(v538, v537, v17, v23, v15, v23);
    XAie_LocType v540 = XAie_TileLoc(v22, v24);
    XAie_DevInst* v541 = getOrCreateDeviceInstance();
    int32_t v542 = XAie_StrmConnCctEnable(v541, v540, v17, v23, v12, v25);
    XAie_LocType v543 = XAie_TileLoc(v22, v24);
    XAie_DevInst* v544 = getOrCreateDeviceInstance();
    int32_t v545 = XAie_StrmConnCctEnable(v544, v543, v17, v23, v19, v23);
    XAie_LocType v546 = XAie_TileLoc(v14, v24);
    XAie_DevInst* v547 = getOrCreateDeviceInstance();
    int32_t v548 = XAie_StrmConnCctEnable(v547, v546, v13, v25, v12, v25);
    XAie_LocType v549 = XAie_TileLoc(v14, v24);
    XAie_DevInst* v550 = getOrCreateDeviceInstance();
    int32_t v551 = XAie_StrmConnCctEnable(v550, v549, v13, v25, v19, v23);
    XAie_LocType v552 = XAie_TileLoc(v11, v24);
    XAie_DevInst* v553 = getOrCreateDeviceInstance();
    int32_t v554 = XAie_StrmConnCctEnable(v553, v552, v13, v25, v12, v25);
    XAie_LocType v555 = XAie_TileLoc(v11, v24);
    XAie_DevInst* v556 = getOrCreateDeviceInstance();
    int32_t v557 = XAie_StrmConnCctEnable(v556, v555, v13, v25, v19, v23);
    XAie_LocType v558 = XAie_TileLoc(v10, v24);
    XAie_DevInst* v559 = getOrCreateDeviceInstance();
    int32_t v560 = XAie_StrmConnCctEnable(v559, v558, v13, v25, v19, v23);
  }

  //round is 2 hw split in : col -----------
  if (v21) {
    XAie_LocType v561 = XAie_TileLoc(v25, v1);
    XAie_DevInst* v562 = getOrCreateDeviceInstance();
    int32_t v563 = XAie_EnableShimDmaToAieStrmPort(v562, v561, v22);
    XAie_LocType v564 = XAie_TileLoc(v25, v1);
    XAie_DevInst* v565 = getOrCreateDeviceInstance();
    int32_t v566 = XAie_StrmConnCctEnable(v565, v564, v13, v22, v12, v25);
    XAie_LocType v567 = XAie_TileLoc(v24, v1);
    XAie_DevInst* v568 = getOrCreateDeviceInstance();
    int32_t v569 = XAie_StrmConnCctEnable(v568, v567, v13, v25, v12, v25);
    XAie_LocType v570 = XAie_TileLoc(v23, v1);
    XAie_DevInst* v571 = getOrCreateDeviceInstance();
    int32_t v572 = XAie_StrmConnCctEnable(v571, v570, v13, v25, v12, v25);
    XAie_LocType v573 = XAie_TileLoc(v22, v1);
    XAie_DevInst* v574 = getOrCreateDeviceInstance();
    int32_t v575 = XAie_StrmConnCctEnable(v574, v573, v13, v25, v15, v25);
    XAie_LocType v576 = XAie_TileLoc(v22, v8);
    XAie_DevInst* v577 = getOrCreateDeviceInstance();
    int32_t v578 = XAie_StrmConnCctEnable(v577, v576, v17, v25, v15, v23);
    XAie_LocType v579 = XAie_TileLoc(v22, v7);
    XAie_DevInst* v580 = getOrCreateDeviceInstance();
    int32_t v581 = XAie_StrmConnCctEnable(v580, v579, v17, v23, v15, v23);
    XAie_LocType v582 = XAie_TileLoc(v22, v6);
    XAie_DevInst* v583 = getOrCreateDeviceInstance();
    int32_t v584 = XAie_StrmConnCctEnable(v583, v582, v17, v23, v15, v23);
    XAie_LocType v585 = XAie_TileLoc(v22, v5);
    XAie_DevInst* v586 = getOrCreateDeviceInstance();
    int32_t v587 = XAie_StrmConnCctEnable(v586, v585, v17, v23, v15, v23);
    XAie_LocType v588 = XAie_TileLoc(v22, v4);
    XAie_DevInst* v589 = getOrCreateDeviceInstance();
    int32_t v590 = XAie_StrmConnCctEnable(v589, v588, v17, v23, v15, v23);
    XAie_LocType v591 = XAie_TileLoc(v22, v3);
    XAie_DevInst* v592 = getOrCreateDeviceInstance();
    int32_t v593 = XAie_StrmConnCctEnable(v592, v591, v17, v23, v15, v23);
    XAie_LocType v594 = XAie_TileLoc(v22, v2);
    XAie_DevInst* v595 = getOrCreateDeviceInstance();
    int32_t v596 = XAie_StrmConnCctEnable(v595, v594, v17, v23, v15, v23);
    XAie_LocType v597 = XAie_TileLoc(v22, v9);
    XAie_DevInst* v598 = getOrCreateDeviceInstance();
    int32_t v599 = XAie_StrmConnCctEnable(v598, v597, v17, v23, v15, v23);
    XAie_LocType v600 = XAie_TileLoc(v22, v10);
    XAie_DevInst* v601 = getOrCreateDeviceInstance();
    int32_t v602 = XAie_StrmConnCctEnable(v601, v600, v17, v23, v15, v22);
    XAie_LocType v603 = XAie_TileLoc(v22, v11);
    XAie_DevInst* v604 = getOrCreateDeviceInstance();
    int32_t v605 = XAie_StrmConnCctEnable(v604, v603, v17, v22, v15, v22);
    XAie_LocType v606 = XAie_TileLoc(v22, v14);
    XAie_DevInst* v607 = getOrCreateDeviceInstance();
    int32_t v608 = XAie_StrmConnCctEnable(v607, v606, v17, v22, v15, v22);
    XAie_LocType v609 = XAie_TileLoc(v22, v22);
    XAie_DevInst* v610 = getOrCreateDeviceInstance();
    int32_t v611 = XAie_StrmConnCctEnable(v610, v609, v17, v22, v15, v22);
    XAie_LocType v612 = XAie_TileLoc(v22, v23);
    XAie_DevInst* v613 = getOrCreateDeviceInstance();
    int32_t v614 = XAie_StrmConnCctEnable(v613, v612, v17, v22, v12, v25);
    XAie_LocType v615 = XAie_TileLoc(v22, v23);
    XAie_DevInst* v616 = getOrCreateDeviceInstance();
    int32_t v617 = XAie_StrmConnCctEnable(v616, v615, v17, v22, v19, v23);
    XAie_LocType v618 = XAie_TileLoc(v14, v23);
    XAie_DevInst* v619 = getOrCreateDeviceInstance();
    int32_t v620 = XAie_StrmConnCctEnable(v619, v618, v13, v25, v12, v25);
    XAie_LocType v621 = XAie_TileLoc(v14, v23);
    XAie_DevInst* v622 = getOrCreateDeviceInstance();
    int32_t v623 = XAie_StrmConnCctEnable(v622, v621, v13, v25, v19, v23);
    XAie_LocType v624 = XAie_TileLoc(v11, v23);
    XAie_DevInst* v625 = getOrCreateDeviceInstance();
    int32_t v626 = XAie_StrmConnCctEnable(v625, v624, v13, v25, v12, v25);
    XAie_LocType v627 = XAie_TileLoc(v11, v23);
    XAie_DevInst* v628 = getOrCreateDeviceInstance();
    int32_t v629 = XAie_StrmConnCctEnable(v628, v627, v13, v25, v19, v23);
    XAie_LocType v630 = XAie_TileLoc(v10, v23);
    XAie_DevInst* v631 = getOrCreateDeviceInstance();
    int32_t v632 = XAie_StrmConnCctEnable(v631, v630, v13, v25, v19, v23);
  }

  //round is 3 hw split in : col -----------
  if (v21) {
    XAie_LocType v633 = XAie_TileLoc(v25, v1);
    XAie_DevInst* v634 = getOrCreateDeviceInstance();
    int32_t v635 = XAie_EnableShimDmaToAieStrmPort(v634, v633, v9);
    XAie_LocType v636 = XAie_TileLoc(v25, v1);
    XAie_DevInst* v637 = getOrCreateDeviceInstance();
    int32_t v638 = XAie_StrmConnCctEnable(v637, v636, v13, v9, v12, v24);
    XAie_LocType v639 = XAie_TileLoc(v24, v1);
    XAie_DevInst* v640 = getOrCreateDeviceInstance();
    int32_t v641 = XAie_StrmConnCctEnable(v640, v639, v13, v24, v12, v24);
    XAie_LocType v642 = XAie_TileLoc(v23, v1);
    XAie_DevInst* v643 = getOrCreateDeviceInstance();
    int32_t v644 = XAie_StrmConnCctEnable(v643, v642, v13, v24, v15, v25);
    XAie_LocType v645 = XAie_TileLoc(v23, v8);
    XAie_DevInst* v646 = getOrCreateDeviceInstance();
    int32_t v647 = XAie_StrmConnCctEnable(v646, v645, v17, v25, v15, v25);
    XAie_LocType v648 = XAie_TileLoc(v23, v7);
    XAie_DevInst* v649 = getOrCreateDeviceInstance();
    int32_t v650 = XAie_StrmConnCctEnable(v649, v648, v17, v25, v15, v25);
    XAie_LocType v651 = XAie_TileLoc(v23, v6);
    XAie_DevInst* v652 = getOrCreateDeviceInstance();
    int32_t v653 = XAie_StrmConnCctEnable(v652, v651, v17, v25, v15, v25);
    XAie_LocType v654 = XAie_TileLoc(v23, v5);
    XAie_DevInst* v655 = getOrCreateDeviceInstance();
    int32_t v656 = XAie_StrmConnCctEnable(v655, v654, v17, v25, v15, v25);
    XAie_LocType v657 = XAie_TileLoc(v23, v4);
    XAie_DevInst* v658 = getOrCreateDeviceInstance();
    int32_t v659 = XAie_StrmConnCctEnable(v658, v657, v17, v25, v15, v25);
    XAie_LocType v660 = XAie_TileLoc(v23, v3);
    XAie_DevInst* v661 = getOrCreateDeviceInstance();
    int32_t v662 = XAie_StrmConnCctEnable(v661, v660, v17, v25, v15, v25);
    XAie_LocType v663 = XAie_TileLoc(v23, v2);
    XAie_DevInst* v664 = getOrCreateDeviceInstance();
    int32_t v665 = XAie_StrmConnCctEnable(v664, v663, v17, v25, v15, v25);
    XAie_LocType v666 = XAie_TileLoc(v23, v9);
    XAie_DevInst* v667 = getOrCreateDeviceInstance();
    int32_t v668 = XAie_StrmConnCctEnable(v667, v666, v17, v25, v15, v25);
    XAie_LocType v669 = XAie_TileLoc(v23, v10);
    XAie_DevInst* v670 = getOrCreateDeviceInstance();
    int32_t v671 = XAie_StrmConnCctEnable(v670, v669, v17, v25, v15, v25);
    XAie_LocType v672 = XAie_TileLoc(v23, v11);
    XAie_DevInst* v673 = getOrCreateDeviceInstance();
    int32_t v674 = XAie_StrmConnCctEnable(v673, v672, v17, v25, v15, v25);
    XAie_LocType v675 = XAie_TileLoc(v23, v14);
    XAie_DevInst* v676 = getOrCreateDeviceInstance();
    int32_t v677 = XAie_StrmConnCctEnable(v676, v675, v17, v25, v15, v25);
    XAie_LocType v678 = XAie_TileLoc(v23, v22);
    XAie_DevInst* v679 = getOrCreateDeviceInstance();
    int32_t v680 = XAie_StrmConnCctEnable(v679, v678, v17, v25, v12, v25);
    XAie_LocType v681 = XAie_TileLoc(v22, v22);
    XAie_DevInst* v682 = getOrCreateDeviceInstance();
    int32_t v683 = XAie_StrmConnCctEnable(v682, v681, v13, v25, v12, v25);
    XAie_LocType v684 = XAie_TileLoc(v22, v22);
    XAie_DevInst* v685 = getOrCreateDeviceInstance();
    int32_t v686 = XAie_StrmConnCctEnable(v685, v684, v13, v25, v19, v23);
    XAie_LocType v687 = XAie_TileLoc(v14, v22);
    XAie_DevInst* v688 = getOrCreateDeviceInstance();
    int32_t v689 = XAie_StrmConnCctEnable(v688, v687, v13, v25, v12, v25);
    XAie_LocType v690 = XAie_TileLoc(v14, v22);
    XAie_DevInst* v691 = getOrCreateDeviceInstance();
    int32_t v692 = XAie_StrmConnCctEnable(v691, v690, v13, v25, v19, v23);
    XAie_LocType v693 = XAie_TileLoc(v11, v22);
    XAie_DevInst* v694 = getOrCreateDeviceInstance();
    int32_t v695 = XAie_StrmConnCctEnable(v694, v693, v13, v25, v12, v25);
    XAie_LocType v696 = XAie_TileLoc(v11, v22);
    XAie_DevInst* v697 = getOrCreateDeviceInstance();
    int32_t v698 = XAie_StrmConnCctEnable(v697, v696, v13, v25, v19, v23);
    XAie_LocType v699 = XAie_TileLoc(v10, v22);
    XAie_DevInst* v700 = getOrCreateDeviceInstance();
    int32_t v701 = XAie_StrmConnCctEnable(v700, v699, v13, v25, v19, v23);
  }

  } //----routing creation in col ----end-------

  return;
}



// -----// IR Dump After RoutingHWLowerPass: //----- //
module attributes {codegen.headers = ["stdint.h", "stdio.h", "custom_lib.h"]} {
  emitc.include <"xaiengine.h">
  emitc.func private @XAie_TileLoc(i32, i32) -> !emitc.opaque<"XAie_LocType">
  emitc.func private @XAie_Packet(i32, i32) -> !emitc.opaque<"XAie_Packet">
  emitc.func private @getOrCreateDeviceInstance() -> !emitc.ptr<!emitc.opaque<"XAie_DevInst">>
  emitc.func private @XAie_EnableShimDmaToAieStrmPort(!emitc.ptr<!emitc.opaque<"XAie_DevInst">>, !emitc.opaque<"XAie_LocType">, i32) -> i32
  emitc.func private @XAie_EnableAieToShimDmaStrmPort(!emitc.ptr<!emitc.opaque<"XAie_DevInst">>, !emitc.opaque<"XAie_LocType">, i32) -> i32
  emitc.func private @XAie_StrmConnCctEnable(!emitc.ptr<!emitc.opaque<"XAie_DevInst">>, !emitc.opaque<"XAie_LocType">, !emitc.ptr<i8>, i32, !emitc.ptr<i8>, i32) -> i32
  emitc.func private @XAie_StrmPktSwSlaveSlotEnable(!emitc.ptr<!emitc.opaque<"XAie_DevInst">>, !emitc.opaque<"XAie_LocType">, !emitc.ptr<i8>, i32, i32, !emitc.opaque<"XAie_Packet">, i32, i32, i32) -> i32
  emitc.func private @XAie_StrmPktSwMstrPortEnable(!emitc.ptr<!emitc.opaque<"XAie_DevInst">>, !emitc.opaque<"XAie_LocType">, !emitc.ptr<i8>, i32, !emitc.ptr<i8>, i32, i32) -> i32
  func.func @main() {
    %0 = "emitc.constant"() <{value = 15 : i32}> : () -> i32
    %1 = "emitc.constant"() <{value = 8 : i32}> : () -> i32
    %2 = "emitc.constant"() <{value = 9 : i32}> : () -> i32
    %3 = "emitc.constant"() <{value = 10 : i32}> : () -> i32
    %4 = "emitc.constant"() <{value = 11 : i32}> : () -> i32
    %5 = "emitc.constant"() <{value = 12 : i32}> : () -> i32
    %6 = "emitc.constant"() <{value = 13 : i32}> : () -> i32
    %7 = "emitc.constant"() <{value = 14 : i32}> : () -> i32
    %8 = "emitc.constant"() <{value = 7 : i32}> : () -> i32
    %9 = "emitc.constant"() <{value = 6 : i32}> : () -> i32
    %10 = "emitc.constant"() <{value = 5 : i32}> : () -> i32
    %11 = "emitc.constant"() <{value = #emitc.opaque<"NORTH">}> : () -> !emitc.ptr<i8>
    %12 = "emitc.constant"() <{value = #emitc.opaque<"SOUTH">}> : () -> !emitc.ptr<i8>
    %13 = "emitc.constant"() <{value = 4 : i32}> : () -> i32
    %14 = "emitc.constant"() <{value = #emitc.opaque<"WEST">}> : () -> !emitc.ptr<i8>
    %15 = "emitc.constant"() <{value = #emitc.opaque<"XAIE_SS_PKT_DROP_HEADER">}> : () -> !emitc.ptr<i8>
    %16 = "emitc.constant"() <{value = #emitc.opaque<"EAST">}> : () -> !emitc.ptr<i8>
    %17 = "emitc.constant"() <{value = 31 : i32}> : () -> i32
    %18 = "emitc.constant"() <{value = #emitc.opaque<"DMA">}> : () -> !emitc.ptr<i8>
    %19 = "emitc.constant"() <{value = #emitc.opaque<"NONE">}> : () -> !emitc.ptr<i8>
    %20 = "emitc.constant"() <{value = true}> : () -> i1
    %21 = "emitc.constant"() <{value = 3 : i32}> : () -> i32
    %22 = "emitc.constant"() <{value = 2 : i32}> : () -> i32
    %23 = "emitc.constant"() <{value = 1 : i32}> : () -> i32
    %24 = "emitc.constant"() <{value = 0 : i32}> : () -> i32
    emitc.verbatim "\0A{ //----routing creation in row ----start-------"
    emitc.verbatim "\0A//round is 0 hw split in : row -----------"
    emitc.if %20 {
      %25 = emitc.call @XAie_TileLoc(%21, %24) : (i32, i32) -> !emitc.opaque<"XAie_LocType">
      %26 = emitc.call @getOrCreateDeviceInstance() : () -> !emitc.ptr<!emitc.opaque<"XAie_DevInst">>
      %27 = emitc.call @XAie_Packet(%24, %24) : (i32, i32) -> !emitc.opaque<"XAie_Packet">
      %28 = emitc.call @XAie_Packet(%23, %24) : (i32, i32) -> !emitc.opaque<"XAie_Packet">
      %29 = emitc.call @XAie_StrmPktSwSlaveSlotEnable(%26, %25, %18, %24, %24, %28, %17, %24, %24) : (!emitc.ptr<!emitc.opaque<"XAie_DevInst">>, !emitc.opaque<"XAie_LocType">, !emitc.ptr<i8>, i32, i32, !emitc.opaque<"XAie_Packet">, i32, i32, i32) -> i32
      %30 = emitc.call @XAie_StrmPktSwMstrPortEnable(%26, %25, %16, %24, %15, %24, %23) : (!emitc.ptr<!emitc.opaque<"XAie_DevInst">>, !emitc.opaque<"XAie_LocType">, !emitc.ptr<i8>, i32, !emitc.ptr<i8>, i32, i32) -> i32
      %31 = emitc.call @XAie_TileLoc(%21, %23) : (i32, i32) -> !emitc.opaque<"XAie_LocType">
      %32 = emitc.call @getOrCreateDeviceInstance() : () -> !emitc.ptr<!emitc.opaque<"XAie_DevInst">>
      %33 = emitc.call @XAie_Packet(%24, %24) : (i32, i32) -> !emitc.opaque<"XAie_Packet">
      %34 = emitc.call @XAie_Packet(%22, %24) : (i32, i32) -> !emitc.opaque<"XAie_Packet">
      %35 = emitc.call @XAie_StrmPktSwSlaveSlotEnable(%32, %31, %14, %24, %24, %33, %24, %24, %24) : (!emitc.ptr<!emitc.opaque<"XAie_DevInst">>, !emitc.opaque<"XAie_LocType">, !emitc.ptr<i8>, i32, i32, !emitc.opaque<"XAie_Packet">, i32, i32, i32) -> i32
      %36 = emitc.call @XAie_StrmPktSwSlaveSlotEnable(%32, %31, %18, %24, %24, %34, %17, %24, %24) : (!emitc.ptr<!emitc.opaque<"XAie_DevInst">>, !emitc.opaque<"XAie_LocType">, !emitc.ptr<i8>, i32, i32, !emitc.opaque<"XAie_Packet">, i32, i32, i32) -> i32
      %37 = emitc.call @XAie_StrmPktSwMstrPortEnable(%32, %31, %16, %24, %15, %24, %23) : (!emitc.ptr<!emitc.opaque<"XAie_DevInst">>, !emitc.opaque<"XAie_LocType">, !emitc.ptr<i8>, i32, !emitc.ptr<i8>, i32, i32) -> i32
      %38 = emitc.call @XAie_TileLoc(%21, %22) : (i32, i32) -> !emitc.opaque<"XAie_LocType">
      %39 = emitc.call @getOrCreateDeviceInstance() : () -> !emitc.ptr<!emitc.opaque<"XAie_DevInst">>
      %40 = emitc.call @XAie_Packet(%24, %24) : (i32, i32) -> !emitc.opaque<"XAie_Packet">
      %41 = emitc.call @XAie_Packet(%21, %24) : (i32, i32) -> !emitc.opaque<"XAie_Packet">
      %42 = emitc.call @XAie_StrmPktSwSlaveSlotEnable(%39, %38, %14, %24, %24, %40, %24, %24, %24) : (!emitc.ptr<!emitc.opaque<"XAie_DevInst">>, !emitc.opaque<"XAie_LocType">, !emitc.ptr<i8>, i32, i32, !emitc.opaque<"XAie_Packet">, i32, i32, i32) -> i32
      %43 = emitc.call @XAie_StrmPktSwSlaveSlotEnable(%39, %38, %18, %24, %24, %41, %17, %24, %24) : (!emitc.ptr<!emitc.opaque<"XAie_DevInst">>, !emitc.opaque<"XAie_LocType">, !emitc.ptr<i8>, i32, i32, !emitc.opaque<"XAie_Packet">, i32, i32, i32) -> i32
      %44 = emitc.call @XAie_StrmPktSwMstrPortEnable(%39, %38, %16, %24, %15, %24, %23) : (!emitc.ptr<!emitc.opaque<"XAie_DevInst">>, !emitc.opaque<"XAie_LocType">, !emitc.ptr<i8>, i32, !emitc.ptr<i8>, i32, i32) -> i32
      %45 = emitc.call @XAie_TileLoc(%21, %21) : (i32, i32) -> !emitc.opaque<"XAie_LocType">
      %46 = emitc.call @getOrCreateDeviceInstance() : () -> !emitc.ptr<!emitc.opaque<"XAie_DevInst">>
      %47 = emitc.call @XAie_Packet(%24, %24) : (i32, i32) -> !emitc.opaque<"XAie_Packet">
      %48 = emitc.call @XAie_Packet(%13, %24) : (i32, i32) -> !emitc.opaque<"XAie_Packet">
      %49 = emitc.call @XAie_StrmPktSwSlaveSlotEnable(%46, %45, %14, %24, %24, %47, %24, %24, %24) : (!emitc.ptr<!emitc.opaque<"XAie_DevInst">>, !emitc.opaque<"XAie_LocType">, !emitc.ptr<i8>, i32, i32, !emitc.opaque<"XAie_Packet">, i32, i32, i32) -> i32
      %50 = emitc.call @XAie_StrmPktSwSlaveSlotEnable(%46, %45, %18, %24, %24, %48, %17, %24, %24) : (!emitc.ptr<!emitc.opaque<"XAie_DevInst">>, !emitc.opaque<"XAie_LocType">, !emitc.ptr<i8>, i32, i32, !emitc.opaque<"XAie_Packet">, i32, i32, i32) -> i32
      %51 = emitc.call @XAie_TileLoc(%21, %21) : (i32, i32) -> !emitc.opaque<"XAie_LocType">
      %52 = emitc.call @getOrCreateDeviceInstance() : () -> !emitc.ptr<!emitc.opaque<"XAie_DevInst">>
      %53 = emitc.call @XAie_Packet(%24, %24) : (i32, i32) -> !emitc.opaque<"XAie_Packet">
      %54 = emitc.call @XAie_Packet(%24, %24) : (i32, i32) -> !emitc.opaque<"XAie_Packet">
      %55 = emitc.call @XAie_StrmPktSwMstrPortEnable(%52, %51, %12, %24, %15, %24, %23) : (!emitc.ptr<!emitc.opaque<"XAie_DevInst">>, !emitc.opaque<"XAie_LocType">, !emitc.ptr<i8>, i32, !emitc.ptr<i8>, i32, i32) -> i32
      %56 = emitc.call @XAie_TileLoc(%22, %21) : (i32, i32) -> !emitc.opaque<"XAie_LocType">
      %57 = emitc.call @getOrCreateDeviceInstance() : () -> !emitc.ptr<!emitc.opaque<"XAie_DevInst">>
      %58 = emitc.call @XAie_StrmConnCctEnable(%57, %56, %11, %24, %12, %24) : (!emitc.ptr<!emitc.opaque<"XAie_DevInst">>, !emitc.opaque<"XAie_LocType">, !emitc.ptr<i8>, i32, !emitc.ptr<i8>, i32) -> i32
      %59 = emitc.call @XAie_TileLoc(%23, %21) : (i32, i32) -> !emitc.opaque<"XAie_LocType">
      %60 = emitc.call @getOrCreateDeviceInstance() : () -> !emitc.ptr<!emitc.opaque<"XAie_DevInst">>
      %61 = emitc.call @XAie_StrmConnCctEnable(%60, %59, %11, %24, %12, %24) : (!emitc.ptr<!emitc.opaque<"XAie_DevInst">>, !emitc.opaque<"XAie_LocType">, !emitc.ptr<i8>, i32, !emitc.ptr<i8>, i32) -> i32
      %62 = emitc.call @XAie_TileLoc(%24, %21) : (i32, i32) -> !emitc.opaque<"XAie_LocType">
      %63 = emitc.call @getOrCreateDeviceInstance() : () -> !emitc.ptr<!emitc.opaque<"XAie_DevInst">>
      %64 = emitc.call @XAie_EnableAieToShimDmaStrmPort(%63, %62, %22) : (!emitc.ptr<!emitc.opaque<"XAie_DevInst">>, !emitc.opaque<"XAie_LocType">, i32) -> i32
      %65 = emitc.call @XAie_TileLoc(%24, %21) : (i32, i32) -> !emitc.opaque<"XAie_LocType">
      %66 = emitc.call @getOrCreateDeviceInstance() : () -> !emitc.ptr<!emitc.opaque<"XAie_DevInst">>
      %67 = emitc.call @XAie_StrmConnCctEnable(%66, %65, %12, %22, %12, %22) : (!emitc.ptr<!emitc.opaque<"XAie_DevInst">>, !emitc.opaque<"XAie_LocType">, !emitc.ptr<i8>, i32, !emitc.ptr<i8>, i32) -> i32
    }
    emitc.verbatim "\0A//round is 1 hw split in : row -----------"
    emitc.if %20 {
      %25 = emitc.call @XAie_TileLoc(%13, %24) : (i32, i32) -> !emitc.opaque<"XAie_LocType">
      %26 = emitc.call @getOrCreateDeviceInstance() : () -> !emitc.ptr<!emitc.opaque<"XAie_DevInst">>
      %27 = emitc.call @XAie_Packet(%24, %24) : (i32, i32) -> !emitc.opaque<"XAie_Packet">
      %28 = emitc.call @XAie_Packet(%23, %24) : (i32, i32) -> !emitc.opaque<"XAie_Packet">
      %29 = emitc.call @XAie_StrmPktSwSlaveSlotEnable(%26, %25, %18, %24, %24, %28, %17, %24, %24) : (!emitc.ptr<!emitc.opaque<"XAie_DevInst">>, !emitc.opaque<"XAie_LocType">, !emitc.ptr<i8>, i32, i32, !emitc.opaque<"XAie_Packet">, i32, i32, i32) -> i32
      %30 = emitc.call @XAie_StrmPktSwMstrPortEnable(%26, %25, %16, %24, %15, %24, %23) : (!emitc.ptr<!emitc.opaque<"XAie_DevInst">>, !emitc.opaque<"XAie_LocType">, !emitc.ptr<i8>, i32, !emitc.ptr<i8>, i32, i32) -> i32
      %31 = emitc.call @XAie_TileLoc(%13, %23) : (i32, i32) -> !emitc.opaque<"XAie_LocType">
      %32 = emitc.call @getOrCreateDeviceInstance() : () -> !emitc.ptr<!emitc.opaque<"XAie_DevInst">>
      %33 = emitc.call @XAie_Packet(%24, %24) : (i32, i32) -> !emitc.opaque<"XAie_Packet">
      %34 = emitc.call @XAie_Packet(%22, %24) : (i32, i32) -> !emitc.opaque<"XAie_Packet">
      %35 = emitc.call @XAie_StrmPktSwSlaveSlotEnable(%32, %31, %14, %24, %24, %33, %24, %24, %24) : (!emitc.ptr<!emitc.opaque<"XAie_DevInst">>, !emitc.opaque<"XAie_LocType">, !emitc.ptr<i8>, i32, i32, !emitc.opaque<"XAie_Packet">, i32, i32, i32) -> i32
      %36 = emitc.call @XAie_StrmPktSwSlaveSlotEnable(%32, %31, %18, %24, %24, %34, %17, %24, %24) : (!emitc.ptr<!emitc.opaque<"XAie_DevInst">>, !emitc.opaque<"XAie_LocType">, !emitc.ptr<i8>, i32, i32, !emitc.opaque<"XAie_Packet">, i32, i32, i32) -> i32
      %37 = emitc.call @XAie_StrmPktSwMstrPortEnable(%32, %31, %16, %24, %15, %24, %23) : (!emitc.ptr<!emitc.opaque<"XAie_DevInst">>, !emitc.opaque<"XAie_LocType">, !emitc.ptr<i8>, i32, !emitc.ptr<i8>, i32, i32) -> i32
      %38 = emitc.call @XAie_TileLoc(%13, %22) : (i32, i32) -> !emitc.opaque<"XAie_LocType">
      %39 = emitc.call @getOrCreateDeviceInstance() : () -> !emitc.ptr<!emitc.opaque<"XAie_DevInst">>
      %40 = emitc.call @XAie_Packet(%24, %24) : (i32, i32) -> !emitc.opaque<"XAie_Packet">
      %41 = emitc.call @XAie_Packet(%21, %24) : (i32, i32) -> !emitc.opaque<"XAie_Packet">
      %42 = emitc.call @XAie_StrmPktSwSlaveSlotEnable(%39, %38, %14, %24, %24, %40, %24, %24, %24) : (!emitc.ptr<!emitc.opaque<"XAie_DevInst">>, !emitc.opaque<"XAie_LocType">, !emitc.ptr<i8>, i32, i32, !emitc.opaque<"XAie_Packet">, i32, i32, i32) -> i32
      %43 = emitc.call @XAie_StrmPktSwSlaveSlotEnable(%39, %38, %18, %24, %24, %41, %17, %24, %24) : (!emitc.ptr<!emitc.opaque<"XAie_DevInst">>, !emitc.opaque<"XAie_LocType">, !emitc.ptr<i8>, i32, i32, !emitc.opaque<"XAie_Packet">, i32, i32, i32) -> i32
      %44 = emitc.call @XAie_StrmPktSwMstrPortEnable(%39, %38, %16, %24, %15, %24, %23) : (!emitc.ptr<!emitc.opaque<"XAie_DevInst">>, !emitc.opaque<"XAie_LocType">, !emitc.ptr<i8>, i32, !emitc.ptr<i8>, i32, i32) -> i32
      %45 = emitc.call @XAie_TileLoc(%13, %21) : (i32, i32) -> !emitc.opaque<"XAie_LocType">
      %46 = emitc.call @getOrCreateDeviceInstance() : () -> !emitc.ptr<!emitc.opaque<"XAie_DevInst">>
      %47 = emitc.call @XAie_Packet(%24, %24) : (i32, i32) -> !emitc.opaque<"XAie_Packet">
      %48 = emitc.call @XAie_Packet(%13, %24) : (i32, i32) -> !emitc.opaque<"XAie_Packet">
      %49 = emitc.call @XAie_StrmPktSwSlaveSlotEnable(%46, %45, %14, %24, %24, %47, %24, %24, %24) : (!emitc.ptr<!emitc.opaque<"XAie_DevInst">>, !emitc.opaque<"XAie_LocType">, !emitc.ptr<i8>, i32, i32, !emitc.opaque<"XAie_Packet">, i32, i32, i32) -> i32
      %50 = emitc.call @XAie_StrmPktSwSlaveSlotEnable(%46, %45, %18, %24, %24, %48, %17, %24, %24) : (!emitc.ptr<!emitc.opaque<"XAie_DevInst">>, !emitc.opaque<"XAie_LocType">, !emitc.ptr<i8>, i32, i32, !emitc.opaque<"XAie_Packet">, i32, i32, i32) -> i32
      %51 = emitc.call @XAie_TileLoc(%13, %21) : (i32, i32) -> !emitc.opaque<"XAie_LocType">
      %52 = emitc.call @getOrCreateDeviceInstance() : () -> !emitc.ptr<!emitc.opaque<"XAie_DevInst">>
      %53 = emitc.call @XAie_Packet(%24, %24) : (i32, i32) -> !emitc.opaque<"XAie_Packet">
      %54 = emitc.call @XAie_Packet(%24, %24) : (i32, i32) -> !emitc.opaque<"XAie_Packet">
      %55 = emitc.call @XAie_StrmPktSwMstrPortEnable(%52, %51, %12, %24, %15, %24, %23) : (!emitc.ptr<!emitc.opaque<"XAie_DevInst">>, !emitc.opaque<"XAie_LocType">, !emitc.ptr<i8>, i32, !emitc.ptr<i8>, i32, i32) -> i32
      %56 = emitc.call @XAie_TileLoc(%21, %21) : (i32, i32) -> !emitc.opaque<"XAie_LocType">
      %57 = emitc.call @getOrCreateDeviceInstance() : () -> !emitc.ptr<!emitc.opaque<"XAie_DevInst">>
      %58 = emitc.call @XAie_StrmConnCctEnable(%57, %56, %11, %24, %12, %23) : (!emitc.ptr<!emitc.opaque<"XAie_DevInst">>, !emitc.opaque<"XAie_LocType">, !emitc.ptr<i8>, i32, !emitc.ptr<i8>, i32) -> i32
      %59 = emitc.call @XAie_TileLoc(%22, %21) : (i32, i32) -> !emitc.opaque<"XAie_LocType">
      %60 = emitc.call @getOrCreateDeviceInstance() : () -> !emitc.ptr<!emitc.opaque<"XAie_DevInst">>
      %61 = emitc.call @XAie_StrmConnCctEnable(%60, %59, %11, %23, %12, %23) : (!emitc.ptr<!emitc.opaque<"XAie_DevInst">>, !emitc.opaque<"XAie_LocType">, !emitc.ptr<i8>, i32, !emitc.ptr<i8>, i32) -> i32
      %62 = emitc.call @XAie_TileLoc(%23, %21) : (i32, i32) -> !emitc.opaque<"XAie_LocType">
      %63 = emitc.call @getOrCreateDeviceInstance() : () -> !emitc.ptr<!emitc.opaque<"XAie_DevInst">>
      %64 = emitc.call @XAie_StrmConnCctEnable(%63, %62, %11, %23, %12, %23) : (!emitc.ptr<!emitc.opaque<"XAie_DevInst">>, !emitc.opaque<"XAie_LocType">, !emitc.ptr<i8>, i32, !emitc.ptr<i8>, i32) -> i32
      %65 = emitc.call @XAie_TileLoc(%24, %21) : (i32, i32) -> !emitc.opaque<"XAie_LocType">
      %66 = emitc.call @getOrCreateDeviceInstance() : () -> !emitc.ptr<!emitc.opaque<"XAie_DevInst">>
      %67 = emitc.call @XAie_EnableAieToShimDmaStrmPort(%66, %65, %21) : (!emitc.ptr<!emitc.opaque<"XAie_DevInst">>, !emitc.opaque<"XAie_LocType">, i32) -> i32
      %68 = emitc.call @XAie_TileLoc(%24, %21) : (i32, i32) -> !emitc.opaque<"XAie_LocType">
      %69 = emitc.call @getOrCreateDeviceInstance() : () -> !emitc.ptr<!emitc.opaque<"XAie_DevInst">>
      %70 = emitc.call @XAie_StrmConnCctEnable(%69, %68, %12, %21, %12, %21) : (!emitc.ptr<!emitc.opaque<"XAie_DevInst">>, !emitc.opaque<"XAie_LocType">, !emitc.ptr<i8>, i32, !emitc.ptr<i8>, i32) -> i32
    }
    emitc.verbatim "\0A//round is 2 hw split in : row -----------"
    emitc.if %20 {
      %25 = emitc.call @XAie_TileLoc(%10, %24) : (i32, i32) -> !emitc.opaque<"XAie_LocType">
      %26 = emitc.call @getOrCreateDeviceInstance() : () -> !emitc.ptr<!emitc.opaque<"XAie_DevInst">>
      %27 = emitc.call @XAie_Packet(%24, %24) : (i32, i32) -> !emitc.opaque<"XAie_Packet">
      %28 = emitc.call @XAie_Packet(%23, %24) : (i32, i32) -> !emitc.opaque<"XAie_Packet">
      %29 = emitc.call @XAie_StrmPktSwSlaveSlotEnable(%26, %25, %18, %24, %24, %28, %17, %24, %24) : (!emitc.ptr<!emitc.opaque<"XAie_DevInst">>, !emitc.opaque<"XAie_LocType">, !emitc.ptr<i8>, i32, i32, !emitc.opaque<"XAie_Packet">, i32, i32, i32) -> i32
      %30 = emitc.call @XAie_StrmPktSwMstrPortEnable(%26, %25, %16, %24, %15, %24, %23) : (!emitc.ptr<!emitc.opaque<"XAie_DevInst">>, !emitc.opaque<"XAie_LocType">, !emitc.ptr<i8>, i32, !emitc.ptr<i8>, i32, i32) -> i32
      %31 = emitc.call @XAie_TileLoc(%10, %23) : (i32, i32) -> !emitc.opaque<"XAie_LocType">
      %32 = emitc.call @getOrCreateDeviceInstance() : () -> !emitc.ptr<!emitc.opaque<"XAie_DevInst">>
      %33 = emitc.call @XAie_Packet(%24, %24) : (i32, i32) -> !emitc.opaque<"XAie_Packet">
      %34 = emitc.call @XAie_Packet(%22, %24) : (i32, i32) -> !emitc.opaque<"XAie_Packet">
      %35 = emitc.call @XAie_StrmPktSwSlaveSlotEnable(%32, %31, %14, %24, %24, %33, %24, %24, %24) : (!emitc.ptr<!emitc.opaque<"XAie_DevInst">>, !emitc.opaque<"XAie_LocType">, !emitc.ptr<i8>, i32, i32, !emitc.opaque<"XAie_Packet">, i32, i32, i32) -> i32
      %36 = emitc.call @XAie_StrmPktSwSlaveSlotEnable(%32, %31, %18, %24, %24, %34, %17, %24, %24) : (!emitc.ptr<!emitc.opaque<"XAie_DevInst">>, !emitc.opaque<"XAie_LocType">, !emitc.ptr<i8>, i32, i32, !emitc.opaque<"XAie_Packet">, i32, i32, i32) -> i32
      %37 = emitc.call @XAie_StrmPktSwMstrPortEnable(%32, %31, %16, %24, %15, %24, %23) : (!emitc.ptr<!emitc.opaque<"XAie_DevInst">>, !emitc.opaque<"XAie_LocType">, !emitc.ptr<i8>, i32, !emitc.ptr<i8>, i32, i32) -> i32
      %38 = emitc.call @XAie_TileLoc(%10, %22) : (i32, i32) -> !emitc.opaque<"XAie_LocType">
      %39 = emitc.call @getOrCreateDeviceInstance() : () -> !emitc.ptr<!emitc.opaque<"XAie_DevInst">>
      %40 = emitc.call @XAie_Packet(%24, %24) : (i32, i32) -> !emitc.opaque<"XAie_Packet">
      %41 = emitc.call @XAie_Packet(%21, %24) : (i32, i32) -> !emitc.opaque<"XAie_Packet">
      %42 = emitc.call @XAie_StrmPktSwSlaveSlotEnable(%39, %38, %14, %24, %24, %40, %24, %24, %24) : (!emitc.ptr<!emitc.opaque<"XAie_DevInst">>, !emitc.opaque<"XAie_LocType">, !emitc.ptr<i8>, i32, i32, !emitc.opaque<"XAie_Packet">, i32, i32, i32) -> i32
      %43 = emitc.call @XAie_StrmPktSwSlaveSlotEnable(%39, %38, %18, %24, %24, %41, %17, %24, %24) : (!emitc.ptr<!emitc.opaque<"XAie_DevInst">>, !emitc.opaque<"XAie_LocType">, !emitc.ptr<i8>, i32, i32, !emitc.opaque<"XAie_Packet">, i32, i32, i32) -> i32
      %44 = emitc.call @XAie_StrmPktSwMstrPortEnable(%39, %38, %16, %24, %15, %24, %23) : (!emitc.ptr<!emitc.opaque<"XAie_DevInst">>, !emitc.opaque<"XAie_LocType">, !emitc.ptr<i8>, i32, !emitc.ptr<i8>, i32, i32) -> i32
      %45 = emitc.call @XAie_TileLoc(%10, %21) : (i32, i32) -> !emitc.opaque<"XAie_LocType">
      %46 = emitc.call @getOrCreateDeviceInstance() : () -> !emitc.ptr<!emitc.opaque<"XAie_DevInst">>
      %47 = emitc.call @XAie_Packet(%24, %24) : (i32, i32) -> !emitc.opaque<"XAie_Packet">
      %48 = emitc.call @XAie_Packet(%13, %24) : (i32, i32) -> !emitc.opaque<"XAie_Packet">
      %49 = emitc.call @XAie_StrmPktSwSlaveSlotEnable(%46, %45, %14, %24, %24, %47, %24, %24, %24) : (!emitc.ptr<!emitc.opaque<"XAie_DevInst">>, !emitc.opaque<"XAie_LocType">, !emitc.ptr<i8>, i32, i32, !emitc.opaque<"XAie_Packet">, i32, i32, i32) -> i32
      %50 = emitc.call @XAie_StrmPktSwSlaveSlotEnable(%46, %45, %18, %24, %24, %48, %17, %24, %24) : (!emitc.ptr<!emitc.opaque<"XAie_DevInst">>, !emitc.opaque<"XAie_LocType">, !emitc.ptr<i8>, i32, i32, !emitc.opaque<"XAie_Packet">, i32, i32, i32) -> i32
      %51 = emitc.call @XAie_TileLoc(%10, %21) : (i32, i32) -> !emitc.opaque<"XAie_LocType">
      %52 = emitc.call @getOrCreateDeviceInstance() : () -> !emitc.ptr<!emitc.opaque<"XAie_DevInst">>
      %53 = emitc.call @XAie_Packet(%24, %24) : (i32, i32) -> !emitc.opaque<"XAie_Packet">
      %54 = emitc.call @XAie_Packet(%24, %24) : (i32, i32) -> !emitc.opaque<"XAie_Packet">
      %55 = emitc.call @XAie_StrmPktSwMstrPortEnable(%52, %51, %12, %24, %15, %24, %23) : (!emitc.ptr<!emitc.opaque<"XAie_DevInst">>, !emitc.opaque<"XAie_LocType">, !emitc.ptr<i8>, i32, !emitc.ptr<i8>, i32, i32) -> i32
      %56 = emitc.call @XAie_TileLoc(%13, %21) : (i32, i32) -> !emitc.opaque<"XAie_LocType">
      %57 = emitc.call @getOrCreateDeviceInstance() : () -> !emitc.ptr<!emitc.opaque<"XAie_DevInst">>
      %58 = emitc.call @XAie_StrmConnCctEnable(%57, %56, %11, %24, %12, %23) : (!emitc.ptr<!emitc.opaque<"XAie_DevInst">>, !emitc.opaque<"XAie_LocType">, !emitc.ptr<i8>, i32, !emitc.ptr<i8>, i32) -> i32
      %59 = emitc.call @XAie_TileLoc(%21, %21) : (i32, i32) -> !emitc.opaque<"XAie_LocType">
      %60 = emitc.call @getOrCreateDeviceInstance() : () -> !emitc.ptr<!emitc.opaque<"XAie_DevInst">>
      %61 = emitc.call @XAie_StrmConnCctEnable(%60, %59, %11, %23, %12, %22) : (!emitc.ptr<!emitc.opaque<"XAie_DevInst">>, !emitc.opaque<"XAie_LocType">, !emitc.ptr<i8>, i32, !emitc.ptr<i8>, i32) -> i32
      %62 = emitc.call @XAie_TileLoc(%22, %21) : (i32, i32) -> !emitc.opaque<"XAie_LocType">
      %63 = emitc.call @getOrCreateDeviceInstance() : () -> !emitc.ptr<!emitc.opaque<"XAie_DevInst">>
      %64 = emitc.call @XAie_StrmConnCctEnable(%63, %62, %11, %22, %12, %22) : (!emitc.ptr<!emitc.opaque<"XAie_DevInst">>, !emitc.opaque<"XAie_LocType">, !emitc.ptr<i8>, i32, !emitc.ptr<i8>, i32) -> i32
      %65 = emitc.call @XAie_TileLoc(%23, %21) : (i32, i32) -> !emitc.opaque<"XAie_LocType">
      %66 = emitc.call @getOrCreateDeviceInstance() : () -> !emitc.ptr<!emitc.opaque<"XAie_DevInst">>
      %67 = emitc.call @XAie_StrmConnCctEnable(%66, %65, %11, %22, %14, %24) : (!emitc.ptr<!emitc.opaque<"XAie_DevInst">>, !emitc.opaque<"XAie_LocType">, !emitc.ptr<i8>, i32, !emitc.ptr<i8>, i32) -> i32
      %68 = emitc.call @XAie_TileLoc(%23, %22) : (i32, i32) -> !emitc.opaque<"XAie_LocType">
      %69 = emitc.call @getOrCreateDeviceInstance() : () -> !emitc.ptr<!emitc.opaque<"XAie_DevInst">>
      %70 = emitc.call @XAie_StrmConnCctEnable(%69, %68, %16, %24, %12, %24) : (!emitc.ptr<!emitc.opaque<"XAie_DevInst">>, !emitc.opaque<"XAie_LocType">, !emitc.ptr<i8>, i32, !emitc.ptr<i8>, i32) -> i32
      %71 = emitc.call @XAie_TileLoc(%24, %22) : (i32, i32) -> !emitc.opaque<"XAie_LocType">
      %72 = emitc.call @getOrCreateDeviceInstance() : () -> !emitc.ptr<!emitc.opaque<"XAie_DevInst">>
      %73 = emitc.call @XAie_EnableAieToShimDmaStrmPort(%72, %71, %22) : (!emitc.ptr<!emitc.opaque<"XAie_DevInst">>, !emitc.opaque<"XAie_LocType">, i32) -> i32
      %74 = emitc.call @XAie_TileLoc(%24, %22) : (i32, i32) -> !emitc.opaque<"XAie_LocType">
      %75 = emitc.call @getOrCreateDeviceInstance() : () -> !emitc.ptr<!emitc.opaque<"XAie_DevInst">>
      %76 = emitc.call @XAie_StrmConnCctEnable(%75, %74, %12, %22, %12, %22) : (!emitc.ptr<!emitc.opaque<"XAie_DevInst">>, !emitc.opaque<"XAie_LocType">, !emitc.ptr<i8>, i32, !emitc.ptr<i8>, i32) -> i32
    }
    emitc.verbatim "\0A//round is 3 hw split in : row -----------"
    emitc.if %20 {
      %25 = emitc.call @XAie_TileLoc(%9, %24) : (i32, i32) -> !emitc.opaque<"XAie_LocType">
      %26 = emitc.call @getOrCreateDeviceInstance() : () -> !emitc.ptr<!emitc.opaque<"XAie_DevInst">>
      %27 = emitc.call @XAie_Packet(%24, %24) : (i32, i32) -> !emitc.opaque<"XAie_Packet">
      %28 = emitc.call @XAie_Packet(%23, %24) : (i32, i32) -> !emitc.opaque<"XAie_Packet">
      %29 = emitc.call @XAie_StrmPktSwSlaveSlotEnable(%26, %25, %18, %24, %24, %28, %17, %24, %24) : (!emitc.ptr<!emitc.opaque<"XAie_DevInst">>, !emitc.opaque<"XAie_LocType">, !emitc.ptr<i8>, i32, i32, !emitc.opaque<"XAie_Packet">, i32, i32, i32) -> i32
      %30 = emitc.call @XAie_StrmPktSwMstrPortEnable(%26, %25, %16, %24, %15, %24, %23) : (!emitc.ptr<!emitc.opaque<"XAie_DevInst">>, !emitc.opaque<"XAie_LocType">, !emitc.ptr<i8>, i32, !emitc.ptr<i8>, i32, i32) -> i32
      %31 = emitc.call @XAie_TileLoc(%9, %23) : (i32, i32) -> !emitc.opaque<"XAie_LocType">
      %32 = emitc.call @getOrCreateDeviceInstance() : () -> !emitc.ptr<!emitc.opaque<"XAie_DevInst">>
      %33 = emitc.call @XAie_Packet(%24, %24) : (i32, i32) -> !emitc.opaque<"XAie_Packet">
      %34 = emitc.call @XAie_Packet(%22, %24) : (i32, i32) -> !emitc.opaque<"XAie_Packet">
      %35 = emitc.call @XAie_StrmPktSwSlaveSlotEnable(%32, %31, %14, %24, %24, %33, %24, %24, %24) : (!emitc.ptr<!emitc.opaque<"XAie_DevInst">>, !emitc.opaque<"XAie_LocType">, !emitc.ptr<i8>, i32, i32, !emitc.opaque<"XAie_Packet">, i32, i32, i32) -> i32
      %36 = emitc.call @XAie_StrmPktSwSlaveSlotEnable(%32, %31, %18, %24, %24, %34, %17, %24, %24) : (!emitc.ptr<!emitc.opaque<"XAie_DevInst">>, !emitc.opaque<"XAie_LocType">, !emitc.ptr<i8>, i32, i32, !emitc.opaque<"XAie_Packet">, i32, i32, i32) -> i32
      %37 = emitc.call @XAie_StrmPktSwMstrPortEnable(%32, %31, %16, %24, %15, %24, %23) : (!emitc.ptr<!emitc.opaque<"XAie_DevInst">>, !emitc.opaque<"XAie_LocType">, !emitc.ptr<i8>, i32, !emitc.ptr<i8>, i32, i32) -> i32
      %38 = emitc.call @XAie_TileLoc(%9, %22) : (i32, i32) -> !emitc.opaque<"XAie_LocType">
      %39 = emitc.call @getOrCreateDeviceInstance() : () -> !emitc.ptr<!emitc.opaque<"XAie_DevInst">>
      %40 = emitc.call @XAie_Packet(%24, %24) : (i32, i32) -> !emitc.opaque<"XAie_Packet">
      %41 = emitc.call @XAie_Packet(%21, %24) : (i32, i32) -> !emitc.opaque<"XAie_Packet">
      %42 = emitc.call @XAie_StrmPktSwSlaveSlotEnable(%39, %38, %14, %24, %24, %40, %24, %24, %24) : (!emitc.ptr<!emitc.opaque<"XAie_DevInst">>, !emitc.opaque<"XAie_LocType">, !emitc.ptr<i8>, i32, i32, !emitc.opaque<"XAie_Packet">, i32, i32, i32) -> i32
      %43 = emitc.call @XAie_StrmPktSwSlaveSlotEnable(%39, %38, %18, %24, %24, %41, %17, %24, %24) : (!emitc.ptr<!emitc.opaque<"XAie_DevInst">>, !emitc.opaque<"XAie_LocType">, !emitc.ptr<i8>, i32, i32, !emitc.opaque<"XAie_Packet">, i32, i32, i32) -> i32
      %44 = emitc.call @XAie_StrmPktSwMstrPortEnable(%39, %38, %16, %24, %15, %24, %23) : (!emitc.ptr<!emitc.opaque<"XAie_DevInst">>, !emitc.opaque<"XAie_LocType">, !emitc.ptr<i8>, i32, !emitc.ptr<i8>, i32, i32) -> i32
      %45 = emitc.call @XAie_TileLoc(%9, %21) : (i32, i32) -> !emitc.opaque<"XAie_LocType">
      %46 = emitc.call @getOrCreateDeviceInstance() : () -> !emitc.ptr<!emitc.opaque<"XAie_DevInst">>
      %47 = emitc.call @XAie_Packet(%24, %24) : (i32, i32) -> !emitc.opaque<"XAie_Packet">
      %48 = emitc.call @XAie_Packet(%13, %24) : (i32, i32) -> !emitc.opaque<"XAie_Packet">
      %49 = emitc.call @XAie_StrmPktSwSlaveSlotEnable(%46, %45, %14, %24, %24, %47, %24, %24, %24) : (!emitc.ptr<!emitc.opaque<"XAie_DevInst">>, !emitc.opaque<"XAie_LocType">, !emitc.ptr<i8>, i32, i32, !emitc.opaque<"XAie_Packet">, i32, i32, i32) -> i32
      %50 = emitc.call @XAie_StrmPktSwSlaveSlotEnable(%46, %45, %18, %24, %24, %48, %17, %24, %24) : (!emitc.ptr<!emitc.opaque<"XAie_DevInst">>, !emitc.opaque<"XAie_LocType">, !emitc.ptr<i8>, i32, i32, !emitc.opaque<"XAie_Packet">, i32, i32, i32) -> i32
      %51 = emitc.call @XAie_TileLoc(%9, %21) : (i32, i32) -> !emitc.opaque<"XAie_LocType">
      %52 = emitc.call @getOrCreateDeviceInstance() : () -> !emitc.ptr<!emitc.opaque<"XAie_DevInst">>
      %53 = emitc.call @XAie_Packet(%24, %24) : (i32, i32) -> !emitc.opaque<"XAie_Packet">
      %54 = emitc.call @XAie_Packet(%24, %24) : (i32, i32) -> !emitc.opaque<"XAie_Packet">
      %55 = emitc.call @XAie_StrmPktSwMstrPortEnable(%52, %51, %12, %24, %15, %24, %23) : (!emitc.ptr<!emitc.opaque<"XAie_DevInst">>, !emitc.opaque<"XAie_LocType">, !emitc.ptr<i8>, i32, !emitc.ptr<i8>, i32, i32) -> i32
      %56 = emitc.call @XAie_TileLoc(%10, %21) : (i32, i32) -> !emitc.opaque<"XAie_LocType">
      %57 = emitc.call @getOrCreateDeviceInstance() : () -> !emitc.ptr<!emitc.opaque<"XAie_DevInst">>
      %58 = emitc.call @XAie_StrmConnCctEnable(%57, %56, %11, %24, %12, %23) : (!emitc.ptr<!emitc.opaque<"XAie_DevInst">>, !emitc.opaque<"XAie_LocType">, !emitc.ptr<i8>, i32, !emitc.ptr<i8>, i32) -> i32
      %59 = emitc.call @XAie_TileLoc(%13, %21) : (i32, i32) -> !emitc.opaque<"XAie_LocType">
      %60 = emitc.call @getOrCreateDeviceInstance() : () -> !emitc.ptr<!emitc.opaque<"XAie_DevInst">>
      %61 = emitc.call @XAie_StrmConnCctEnable(%60, %59, %11, %23, %12, %22) : (!emitc.ptr<!emitc.opaque<"XAie_DevInst">>, !emitc.opaque<"XAie_LocType">, !emitc.ptr<i8>, i32, !emitc.ptr<i8>, i32) -> i32
      %62 = emitc.call @XAie_TileLoc(%21, %21) : (i32, i32) -> !emitc.opaque<"XAie_LocType">
      %63 = emitc.call @getOrCreateDeviceInstance() : () -> !emitc.ptr<!emitc.opaque<"XAie_DevInst">>
      %64 = emitc.call @XAie_StrmConnCctEnable(%63, %62, %11, %22, %12, %21) : (!emitc.ptr<!emitc.opaque<"XAie_DevInst">>, !emitc.opaque<"XAie_LocType">, !emitc.ptr<i8>, i32, !emitc.ptr<i8>, i32) -> i32
      %65 = emitc.call @XAie_TileLoc(%22, %21) : (i32, i32) -> !emitc.opaque<"XAie_LocType">
      %66 = emitc.call @getOrCreateDeviceInstance() : () -> !emitc.ptr<!emitc.opaque<"XAie_DevInst">>
      %67 = emitc.call @XAie_StrmConnCctEnable(%66, %65, %11, %21, %12, %21) : (!emitc.ptr<!emitc.opaque<"XAie_DevInst">>, !emitc.opaque<"XAie_LocType">, !emitc.ptr<i8>, i32, !emitc.ptr<i8>, i32) -> i32
      %68 = emitc.call @XAie_TileLoc(%23, %21) : (i32, i32) -> !emitc.opaque<"XAie_LocType">
      %69 = emitc.call @getOrCreateDeviceInstance() : () -> !emitc.ptr<!emitc.opaque<"XAie_DevInst">>
      %70 = emitc.call @XAie_StrmConnCctEnable(%69, %68, %11, %21, %14, %23) : (!emitc.ptr<!emitc.opaque<"XAie_DevInst">>, !emitc.opaque<"XAie_LocType">, !emitc.ptr<i8>, i32, !emitc.ptr<i8>, i32) -> i32
      %71 = emitc.call @XAie_TileLoc(%23, %22) : (i32, i32) -> !emitc.opaque<"XAie_LocType">
      %72 = emitc.call @getOrCreateDeviceInstance() : () -> !emitc.ptr<!emitc.opaque<"XAie_DevInst">>
      %73 = emitc.call @XAie_StrmConnCctEnable(%72, %71, %16, %23, %12, %23) : (!emitc.ptr<!emitc.opaque<"XAie_DevInst">>, !emitc.opaque<"XAie_LocType">, !emitc.ptr<i8>, i32, !emitc.ptr<i8>, i32) -> i32
      %74 = emitc.call @XAie_TileLoc(%24, %22) : (i32, i32) -> !emitc.opaque<"XAie_LocType">
      %75 = emitc.call @getOrCreateDeviceInstance() : () -> !emitc.ptr<!emitc.opaque<"XAie_DevInst">>
      %76 = emitc.call @XAie_EnableAieToShimDmaStrmPort(%75, %74, %21) : (!emitc.ptr<!emitc.opaque<"XAie_DevInst">>, !emitc.opaque<"XAie_LocType">, i32) -> i32
      %77 = emitc.call @XAie_TileLoc(%24, %22) : (i32, i32) -> !emitc.opaque<"XAie_LocType">
      %78 = emitc.call @getOrCreateDeviceInstance() : () -> !emitc.ptr<!emitc.opaque<"XAie_DevInst">>
      %79 = emitc.call @XAie_StrmConnCctEnable(%78, %77, %12, %21, %12, %21) : (!emitc.ptr<!emitc.opaque<"XAie_DevInst">>, !emitc.opaque<"XAie_LocType">, !emitc.ptr<i8>, i32, !emitc.ptr<i8>, i32) -> i32
    }
    emitc.verbatim "\0A} //----routing creation in row ----end-------\0A"
    emitc.verbatim "\0A{ //----routing creation in row ----start-------"
    emitc.verbatim "\0A//round is 0 hw split in : row -----------"
    emitc.if %20 {
      %25 = emitc.call @XAie_TileLoc(%24, %9) : (i32, i32) -> !emitc.opaque<"XAie_LocType">
      %26 = emitc.call @getOrCreateDeviceInstance() : () -> !emitc.ptr<!emitc.opaque<"XAie_DevInst">>
      %27 = emitc.call @XAie_EnableShimDmaToAieStrmPort(%26, %25, %21) : (!emitc.ptr<!emitc.opaque<"XAie_DevInst">>, !emitc.opaque<"XAie_LocType">, i32) -> i32
      %28 = emitc.call @XAie_TileLoc(%24, %9) : (i32, i32) -> !emitc.opaque<"XAie_LocType">
      %29 = emitc.call @getOrCreateDeviceInstance() : () -> !emitc.ptr<!emitc.opaque<"XAie_DevInst">>
      %30 = emitc.call @XAie_StrmConnCctEnable(%29, %28, %12, %21, %11, %24) : (!emitc.ptr<!emitc.opaque<"XAie_DevInst">>, !emitc.opaque<"XAie_LocType">, !emitc.ptr<i8>, i32, !emitc.ptr<i8>, i32) -> i32
      %31 = emitc.call @XAie_TileLoc(%23, %9) : (i32, i32) -> !emitc.opaque<"XAie_LocType">
      %32 = emitc.call @getOrCreateDeviceInstance() : () -> !emitc.ptr<!emitc.opaque<"XAie_DevInst">>
      %33 = emitc.call @XAie_StrmConnCctEnable(%32, %31, %12, %24, %11, %24) : (!emitc.ptr<!emitc.opaque<"XAie_DevInst">>, !emitc.opaque<"XAie_LocType">, !emitc.ptr<i8>, i32, !emitc.ptr<i8>, i32) -> i32
      %34 = emitc.call @XAie_TileLoc(%22, %9) : (i32, i32) -> !emitc.opaque<"XAie_LocType">
      %35 = emitc.call @getOrCreateDeviceInstance() : () -> !emitc.ptr<!emitc.opaque<"XAie_DevInst">>
      %36 = emitc.call @XAie_StrmConnCctEnable(%35, %34, %12, %24, %11, %24) : (!emitc.ptr<!emitc.opaque<"XAie_DevInst">>, !emitc.opaque<"XAie_LocType">, !emitc.ptr<i8>, i32, !emitc.ptr<i8>, i32) -> i32
      %37 = emitc.call @XAie_TileLoc(%21, %9) : (i32, i32) -> !emitc.opaque<"XAie_LocType">
      %38 = emitc.call @getOrCreateDeviceInstance() : () -> !emitc.ptr<!emitc.opaque<"XAie_DevInst">>
      %39 = emitc.call @XAie_StrmConnCctEnable(%38, %37, %12, %24, %14, %24) : (!emitc.ptr<!emitc.opaque<"XAie_DevInst">>, !emitc.opaque<"XAie_LocType">, !emitc.ptr<i8>, i32, !emitc.ptr<i8>, i32) -> i32
      %40 = emitc.call @XAie_TileLoc(%21, %10) : (i32, i32) -> !emitc.opaque<"XAie_LocType">
      %41 = emitc.call @getOrCreateDeviceInstance() : () -> !emitc.ptr<!emitc.opaque<"XAie_DevInst">>
      %42 = emitc.call @XAie_StrmConnCctEnable(%41, %40, %16, %24, %14, %24) : (!emitc.ptr<!emitc.opaque<"XAie_DevInst">>, !emitc.opaque<"XAie_LocType">, !emitc.ptr<i8>, i32, !emitc.ptr<i8>, i32) -> i32
      %43 = emitc.call @XAie_TileLoc(%21, %13) : (i32, i32) -> !emitc.opaque<"XAie_LocType">
      %44 = emitc.call @getOrCreateDeviceInstance() : () -> !emitc.ptr<!emitc.opaque<"XAie_DevInst">>
      %45 = emitc.call @XAie_StrmConnCctEnable(%44, %43, %16, %24, %14, %24) : (!emitc.ptr<!emitc.opaque<"XAie_DevInst">>, !emitc.opaque<"XAie_LocType">, !emitc.ptr<i8>, i32, !emitc.ptr<i8>, i32) -> i32
      %46 = emitc.call @XAie_TileLoc(%21, %21) : (i32, i32) -> !emitc.opaque<"XAie_LocType">
      %47 = emitc.call @getOrCreateDeviceInstance() : () -> !emitc.ptr<!emitc.opaque<"XAie_DevInst">>
      %48 = emitc.call @XAie_StrmConnCctEnable(%47, %46, %16, %24, %14, %24) : (!emitc.ptr<!emitc.opaque<"XAie_DevInst">>, !emitc.opaque<"XAie_LocType">, !emitc.ptr<i8>, i32, !emitc.ptr<i8>, i32) -> i32
      %49 = emitc.call @XAie_TileLoc(%21, %21) : (i32, i32) -> !emitc.opaque<"XAie_LocType">
      %50 = emitc.call @getOrCreateDeviceInstance() : () -> !emitc.ptr<!emitc.opaque<"XAie_DevInst">>
      %51 = emitc.call @XAie_StrmConnCctEnable(%50, %49, %16, %24, %18, %23) : (!emitc.ptr<!emitc.opaque<"XAie_DevInst">>, !emitc.opaque<"XAie_LocType">, !emitc.ptr<i8>, i32, !emitc.ptr<i8>, i32) -> i32
      %52 = emitc.call @XAie_TileLoc(%21, %22) : (i32, i32) -> !emitc.opaque<"XAie_LocType">
      %53 = emitc.call @getOrCreateDeviceInstance() : () -> !emitc.ptr<!emitc.opaque<"XAie_DevInst">>
      %54 = emitc.call @XAie_StrmConnCctEnable(%53, %52, %16, %24, %14, %24) : (!emitc.ptr<!emitc.opaque<"XAie_DevInst">>, !emitc.opaque<"XAie_LocType">, !emitc.ptr<i8>, i32, !emitc.ptr<i8>, i32) -> i32
      %55 = emitc.call @XAie_TileLoc(%21, %22) : (i32, i32) -> !emitc.opaque<"XAie_LocType">
      %56 = emitc.call @getOrCreateDeviceInstance() : () -> !emitc.ptr<!emitc.opaque<"XAie_DevInst">>
      %57 = emitc.call @XAie_StrmConnCctEnable(%56, %55, %16, %24, %18, %23) : (!emitc.ptr<!emitc.opaque<"XAie_DevInst">>, !emitc.opaque<"XAie_LocType">, !emitc.ptr<i8>, i32, !emitc.ptr<i8>, i32) -> i32
      %58 = emitc.call @XAie_TileLoc(%21, %23) : (i32, i32) -> !emitc.opaque<"XAie_LocType">
      %59 = emitc.call @getOrCreateDeviceInstance() : () -> !emitc.ptr<!emitc.opaque<"XAie_DevInst">>
      %60 = emitc.call @XAie_StrmConnCctEnable(%59, %58, %16, %24, %14, %24) : (!emitc.ptr<!emitc.opaque<"XAie_DevInst">>, !emitc.opaque<"XAie_LocType">, !emitc.ptr<i8>, i32, !emitc.ptr<i8>, i32) -> i32
      %61 = emitc.call @XAie_TileLoc(%21, %23) : (i32, i32) -> !emitc.opaque<"XAie_LocType">
      %62 = emitc.call @getOrCreateDeviceInstance() : () -> !emitc.ptr<!emitc.opaque<"XAie_DevInst">>
      %63 = emitc.call @XAie_StrmConnCctEnable(%62, %61, %16, %24, %18, %23) : (!emitc.ptr<!emitc.opaque<"XAie_DevInst">>, !emitc.opaque<"XAie_LocType">, !emitc.ptr<i8>, i32, !emitc.ptr<i8>, i32) -> i32
      %64 = emitc.call @XAie_TileLoc(%21, %24) : (i32, i32) -> !emitc.opaque<"XAie_LocType">
      %65 = emitc.call @getOrCreateDeviceInstance() : () -> !emitc.ptr<!emitc.opaque<"XAie_DevInst">>
      %66 = emitc.call @XAie_StrmConnCctEnable(%65, %64, %16, %24, %18, %23) : (!emitc.ptr<!emitc.opaque<"XAie_DevInst">>, !emitc.opaque<"XAie_LocType">, !emitc.ptr<i8>, i32, !emitc.ptr<i8>, i32) -> i32
    }
    emitc.verbatim "\0A//round is 1 hw split in : row -----------"
    emitc.if %20 {
      %25 = emitc.call @XAie_TileLoc(%24, %9) : (i32, i32) -> !emitc.opaque<"XAie_LocType">
      %26 = emitc.call @getOrCreateDeviceInstance() : () -> !emitc.ptr<!emitc.opaque<"XAie_DevInst">>
      %27 = emitc.call @XAie_EnableShimDmaToAieStrmPort(%26, %25, %8) : (!emitc.ptr<!emitc.opaque<"XAie_DevInst">>, !emitc.opaque<"XAie_LocType">, i32) -> i32
      %28 = emitc.call @XAie_TileLoc(%24, %9) : (i32, i32) -> !emitc.opaque<"XAie_LocType">
      %29 = emitc.call @getOrCreateDeviceInstance() : () -> !emitc.ptr<!emitc.opaque<"XAie_DevInst">>
      %30 = emitc.call @XAie_StrmConnCctEnable(%29, %28, %12, %8, %11, %23) : (!emitc.ptr<!emitc.opaque<"XAie_DevInst">>, !emitc.opaque<"XAie_LocType">, !emitc.ptr<i8>, i32, !emitc.ptr<i8>, i32) -> i32
      %31 = emitc.call @XAie_TileLoc(%23, %9) : (i32, i32) -> !emitc.opaque<"XAie_LocType">
      %32 = emitc.call @getOrCreateDeviceInstance() : () -> !emitc.ptr<!emitc.opaque<"XAie_DevInst">>
      %33 = emitc.call @XAie_StrmConnCctEnable(%32, %31, %12, %23, %11, %23) : (!emitc.ptr<!emitc.opaque<"XAie_DevInst">>, !emitc.opaque<"XAie_LocType">, !emitc.ptr<i8>, i32, !emitc.ptr<i8>, i32) -> i32
      %34 = emitc.call @XAie_TileLoc(%22, %9) : (i32, i32) -> !emitc.opaque<"XAie_LocType">
      %35 = emitc.call @getOrCreateDeviceInstance() : () -> !emitc.ptr<!emitc.opaque<"XAie_DevInst">>
      %36 = emitc.call @XAie_StrmConnCctEnable(%35, %34, %12, %23, %11, %23) : (!emitc.ptr<!emitc.opaque<"XAie_DevInst">>, !emitc.opaque<"XAie_LocType">, !emitc.ptr<i8>, i32, !emitc.ptr<i8>, i32) -> i32
      %37 = emitc.call @XAie_TileLoc(%21, %9) : (i32, i32) -> !emitc.opaque<"XAie_LocType">
      %38 = emitc.call @getOrCreateDeviceInstance() : () -> !emitc.ptr<!emitc.opaque<"XAie_DevInst">>
      %39 = emitc.call @XAie_StrmConnCctEnable(%38, %37, %12, %23, %11, %24) : (!emitc.ptr<!emitc.opaque<"XAie_DevInst">>, !emitc.opaque<"XAie_LocType">, !emitc.ptr<i8>, i32, !emitc.ptr<i8>, i32) -> i32
      %40 = emitc.call @XAie_TileLoc(%13, %9) : (i32, i32) -> !emitc.opaque<"XAie_LocType">
      %41 = emitc.call @getOrCreateDeviceInstance() : () -> !emitc.ptr<!emitc.opaque<"XAie_DevInst">>
      %42 = emitc.call @XAie_StrmConnCctEnable(%41, %40, %12, %24, %14, %24) : (!emitc.ptr<!emitc.opaque<"XAie_DevInst">>, !emitc.opaque<"XAie_LocType">, !emitc.ptr<i8>, i32, !emitc.ptr<i8>, i32) -> i32
      %43 = emitc.call @XAie_TileLoc(%13, %10) : (i32, i32) -> !emitc.opaque<"XAie_LocType">
      %44 = emitc.call @getOrCreateDeviceInstance() : () -> !emitc.ptr<!emitc.opaque<"XAie_DevInst">>
      %45 = emitc.call @XAie_StrmConnCctEnable(%44, %43, %16, %24, %14, %24) : (!emitc.ptr<!emitc.opaque<"XAie_DevInst">>, !emitc.opaque<"XAie_LocType">, !emitc.ptr<i8>, i32, !emitc.ptr<i8>, i32) -> i32
      %46 = emitc.call @XAie_TileLoc(%13, %13) : (i32, i32) -> !emitc.opaque<"XAie_LocType">
      %47 = emitc.call @getOrCreateDeviceInstance() : () -> !emitc.ptr<!emitc.opaque<"XAie_DevInst">>
      %48 = emitc.call @XAie_StrmConnCctEnable(%47, %46, %16, %24, %14, %24) : (!emitc.ptr<!emitc.opaque<"XAie_DevInst">>, !emitc.opaque<"XAie_LocType">, !emitc.ptr<i8>, i32, !emitc.ptr<i8>, i32) -> i32
      %49 = emitc.call @XAie_TileLoc(%13, %21) : (i32, i32) -> !emitc.opaque<"XAie_LocType">
      %50 = emitc.call @getOrCreateDeviceInstance() : () -> !emitc.ptr<!emitc.opaque<"XAie_DevInst">>
      %51 = emitc.call @XAie_StrmConnCctEnable(%50, %49, %16, %24, %14, %24) : (!emitc.ptr<!emitc.opaque<"XAie_DevInst">>, !emitc.opaque<"XAie_LocType">, !emitc.ptr<i8>, i32, !emitc.ptr<i8>, i32) -> i32
      %52 = emitc.call @XAie_TileLoc(%13, %21) : (i32, i32) -> !emitc.opaque<"XAie_LocType">
      %53 = emitc.call @getOrCreateDeviceInstance() : () -> !emitc.ptr<!emitc.opaque<"XAie_DevInst">>
      %54 = emitc.call @XAie_StrmConnCctEnable(%53, %52, %16, %24, %18, %23) : (!emitc.ptr<!emitc.opaque<"XAie_DevInst">>, !emitc.opaque<"XAie_LocType">, !emitc.ptr<i8>, i32, !emitc.ptr<i8>, i32) -> i32
      %55 = emitc.call @XAie_TileLoc(%13, %22) : (i32, i32) -> !emitc.opaque<"XAie_LocType">
      %56 = emitc.call @getOrCreateDeviceInstance() : () -> !emitc.ptr<!emitc.opaque<"XAie_DevInst">>
      %57 = emitc.call @XAie_StrmConnCctEnable(%56, %55, %16, %24, %14, %24) : (!emitc.ptr<!emitc.opaque<"XAie_DevInst">>, !emitc.opaque<"XAie_LocType">, !emitc.ptr<i8>, i32, !emitc.ptr<i8>, i32) -> i32
      %58 = emitc.call @XAie_TileLoc(%13, %22) : (i32, i32) -> !emitc.opaque<"XAie_LocType">
      %59 = emitc.call @getOrCreateDeviceInstance() : () -> !emitc.ptr<!emitc.opaque<"XAie_DevInst">>
      %60 = emitc.call @XAie_StrmConnCctEnable(%59, %58, %16, %24, %18, %23) : (!emitc.ptr<!emitc.opaque<"XAie_DevInst">>, !emitc.opaque<"XAie_LocType">, !emitc.ptr<i8>, i32, !emitc.ptr<i8>, i32) -> i32
      %61 = emitc.call @XAie_TileLoc(%13, %23) : (i32, i32) -> !emitc.opaque<"XAie_LocType">
      %62 = emitc.call @getOrCreateDeviceInstance() : () -> !emitc.ptr<!emitc.opaque<"XAie_DevInst">>
      %63 = emitc.call @XAie_StrmConnCctEnable(%62, %61, %16, %24, %14, %24) : (!emitc.ptr<!emitc.opaque<"XAie_DevInst">>, !emitc.opaque<"XAie_LocType">, !emitc.ptr<i8>, i32, !emitc.ptr<i8>, i32) -> i32
      %64 = emitc.call @XAie_TileLoc(%13, %23) : (i32, i32) -> !emitc.opaque<"XAie_LocType">
      %65 = emitc.call @getOrCreateDeviceInstance() : () -> !emitc.ptr<!emitc.opaque<"XAie_DevInst">>
      %66 = emitc.call @XAie_StrmConnCctEnable(%65, %64, %16, %24, %18, %23) : (!emitc.ptr<!emitc.opaque<"XAie_DevInst">>, !emitc.opaque<"XAie_LocType">, !emitc.ptr<i8>, i32, !emitc.ptr<i8>, i32) -> i32
      %67 = emitc.call @XAie_TileLoc(%13, %24) : (i32, i32) -> !emitc.opaque<"XAie_LocType">
      %68 = emitc.call @getOrCreateDeviceInstance() : () -> !emitc.ptr<!emitc.opaque<"XAie_DevInst">>
      %69 = emitc.call @XAie_StrmConnCctEnable(%68, %67, %16, %24, %18, %23) : (!emitc.ptr<!emitc.opaque<"XAie_DevInst">>, !emitc.opaque<"XAie_LocType">, !emitc.ptr<i8>, i32, !emitc.ptr<i8>, i32) -> i32
    }
    emitc.verbatim "\0A//round is 2 hw split in : row -----------"
    emitc.if %20 {
      %25 = emitc.call @XAie_TileLoc(%24, %8) : (i32, i32) -> !emitc.opaque<"XAie_LocType">
      %26 = emitc.call @getOrCreateDeviceInstance() : () -> !emitc.ptr<!emitc.opaque<"XAie_DevInst">>
      %27 = emitc.call @XAie_EnableShimDmaToAieStrmPort(%26, %25, %21) : (!emitc.ptr<!emitc.opaque<"XAie_DevInst">>, !emitc.opaque<"XAie_LocType">, i32) -> i32
      %28 = emitc.call @XAie_TileLoc(%24, %8) : (i32, i32) -> !emitc.opaque<"XAie_LocType">
      %29 = emitc.call @getOrCreateDeviceInstance() : () -> !emitc.ptr<!emitc.opaque<"XAie_DevInst">>
      %30 = emitc.call @XAie_StrmConnCctEnable(%29, %28, %12, %21, %11, %24) : (!emitc.ptr<!emitc.opaque<"XAie_DevInst">>, !emitc.opaque<"XAie_LocType">, !emitc.ptr<i8>, i32, !emitc.ptr<i8>, i32) -> i32
      %31 = emitc.call @XAie_TileLoc(%23, %8) : (i32, i32) -> !emitc.opaque<"XAie_LocType">
      %32 = emitc.call @getOrCreateDeviceInstance() : () -> !emitc.ptr<!emitc.opaque<"XAie_DevInst">>
      %33 = emitc.call @XAie_StrmConnCctEnable(%32, %31, %12, %24, %11, %24) : (!emitc.ptr<!emitc.opaque<"XAie_DevInst">>, !emitc.opaque<"XAie_LocType">, !emitc.ptr<i8>, i32, !emitc.ptr<i8>, i32) -> i32
      %34 = emitc.call @XAie_TileLoc(%22, %8) : (i32, i32) -> !emitc.opaque<"XAie_LocType">
      %35 = emitc.call @getOrCreateDeviceInstance() : () -> !emitc.ptr<!emitc.opaque<"XAie_DevInst">>
      %36 = emitc.call @XAie_StrmConnCctEnable(%35, %34, %12, %24, %11, %24) : (!emitc.ptr<!emitc.opaque<"XAie_DevInst">>, !emitc.opaque<"XAie_LocType">, !emitc.ptr<i8>, i32, !emitc.ptr<i8>, i32) -> i32
      %37 = emitc.call @XAie_TileLoc(%21, %8) : (i32, i32) -> !emitc.opaque<"XAie_LocType">
      %38 = emitc.call @getOrCreateDeviceInstance() : () -> !emitc.ptr<!emitc.opaque<"XAie_DevInst">>
      %39 = emitc.call @XAie_StrmConnCctEnable(%38, %37, %12, %24, %11, %24) : (!emitc.ptr<!emitc.opaque<"XAie_DevInst">>, !emitc.opaque<"XAie_LocType">, !emitc.ptr<i8>, i32, !emitc.ptr<i8>, i32) -> i32
      %40 = emitc.call @XAie_TileLoc(%13, %8) : (i32, i32) -> !emitc.opaque<"XAie_LocType">
      %41 = emitc.call @getOrCreateDeviceInstance() : () -> !emitc.ptr<!emitc.opaque<"XAie_DevInst">>
      %42 = emitc.call @XAie_StrmConnCctEnable(%41, %40, %12, %24, %11, %24) : (!emitc.ptr<!emitc.opaque<"XAie_DevInst">>, !emitc.opaque<"XAie_LocType">, !emitc.ptr<i8>, i32, !emitc.ptr<i8>, i32) -> i32
      %43 = emitc.call @XAie_TileLoc(%10, %8) : (i32, i32) -> !emitc.opaque<"XAie_LocType">
      %44 = emitc.call @getOrCreateDeviceInstance() : () -> !emitc.ptr<!emitc.opaque<"XAie_DevInst">>
      %45 = emitc.call @XAie_StrmConnCctEnable(%44, %43, %12, %24, %14, %24) : (!emitc.ptr<!emitc.opaque<"XAie_DevInst">>, !emitc.opaque<"XAie_LocType">, !emitc.ptr<i8>, i32, !emitc.ptr<i8>, i32) -> i32
      %46 = emitc.call @XAie_TileLoc(%10, %9) : (i32, i32) -> !emitc.opaque<"XAie_LocType">
      %47 = emitc.call @getOrCreateDeviceInstance() : () -> !emitc.ptr<!emitc.opaque<"XAie_DevInst">>
      %48 = emitc.call @XAie_StrmConnCctEnable(%47, %46, %16, %24, %14, %24) : (!emitc.ptr<!emitc.opaque<"XAie_DevInst">>, !emitc.opaque<"XAie_LocType">, !emitc.ptr<i8>, i32, !emitc.ptr<i8>, i32) -> i32
      %49 = emitc.call @XAie_TileLoc(%10, %10) : (i32, i32) -> !emitc.opaque<"XAie_LocType">
      %50 = emitc.call @getOrCreateDeviceInstance() : () -> !emitc.ptr<!emitc.opaque<"XAie_DevInst">>
      %51 = emitc.call @XAie_StrmConnCctEnable(%50, %49, %16, %24, %14, %24) : (!emitc.ptr<!emitc.opaque<"XAie_DevInst">>, !emitc.opaque<"XAie_LocType">, !emitc.ptr<i8>, i32, !emitc.ptr<i8>, i32) -> i32
      %52 = emitc.call @XAie_TileLoc(%10, %13) : (i32, i32) -> !emitc.opaque<"XAie_LocType">
      %53 = emitc.call @getOrCreateDeviceInstance() : () -> !emitc.ptr<!emitc.opaque<"XAie_DevInst">>
      %54 = emitc.call @XAie_StrmConnCctEnable(%53, %52, %16, %24, %14, %24) : (!emitc.ptr<!emitc.opaque<"XAie_DevInst">>, !emitc.opaque<"XAie_LocType">, !emitc.ptr<i8>, i32, !emitc.ptr<i8>, i32) -> i32
      %55 = emitc.call @XAie_TileLoc(%10, %21) : (i32, i32) -> !emitc.opaque<"XAie_LocType">
      %56 = emitc.call @getOrCreateDeviceInstance() : () -> !emitc.ptr<!emitc.opaque<"XAie_DevInst">>
      %57 = emitc.call @XAie_StrmConnCctEnable(%56, %55, %16, %24, %14, %24) : (!emitc.ptr<!emitc.opaque<"XAie_DevInst">>, !emitc.opaque<"XAie_LocType">, !emitc.ptr<i8>, i32, !emitc.ptr<i8>, i32) -> i32
      %58 = emitc.call @XAie_TileLoc(%10, %21) : (i32, i32) -> !emitc.opaque<"XAie_LocType">
      %59 = emitc.call @getOrCreateDeviceInstance() : () -> !emitc.ptr<!emitc.opaque<"XAie_DevInst">>
      %60 = emitc.call @XAie_StrmConnCctEnable(%59, %58, %16, %24, %18, %23) : (!emitc.ptr<!emitc.opaque<"XAie_DevInst">>, !emitc.opaque<"XAie_LocType">, !emitc.ptr<i8>, i32, !emitc.ptr<i8>, i32) -> i32
      %61 = emitc.call @XAie_TileLoc(%10, %22) : (i32, i32) -> !emitc.opaque<"XAie_LocType">
      %62 = emitc.call @getOrCreateDeviceInstance() : () -> !emitc.ptr<!emitc.opaque<"XAie_DevInst">>
      %63 = emitc.call @XAie_StrmConnCctEnable(%62, %61, %16, %24, %14, %24) : (!emitc.ptr<!emitc.opaque<"XAie_DevInst">>, !emitc.opaque<"XAie_LocType">, !emitc.ptr<i8>, i32, !emitc.ptr<i8>, i32) -> i32
      %64 = emitc.call @XAie_TileLoc(%10, %22) : (i32, i32) -> !emitc.opaque<"XAie_LocType">
      %65 = emitc.call @getOrCreateDeviceInstance() : () -> !emitc.ptr<!emitc.opaque<"XAie_DevInst">>
      %66 = emitc.call @XAie_StrmConnCctEnable(%65, %64, %16, %24, %18, %23) : (!emitc.ptr<!emitc.opaque<"XAie_DevInst">>, !emitc.opaque<"XAie_LocType">, !emitc.ptr<i8>, i32, !emitc.ptr<i8>, i32) -> i32
      %67 = emitc.call @XAie_TileLoc(%10, %23) : (i32, i32) -> !emitc.opaque<"XAie_LocType">
      %68 = emitc.call @getOrCreateDeviceInstance() : () -> !emitc.ptr<!emitc.opaque<"XAie_DevInst">>
      %69 = emitc.call @XAie_StrmConnCctEnable(%68, %67, %16, %24, %14, %24) : (!emitc.ptr<!emitc.opaque<"XAie_DevInst">>, !emitc.opaque<"XAie_LocType">, !emitc.ptr<i8>, i32, !emitc.ptr<i8>, i32) -> i32
      %70 = emitc.call @XAie_TileLoc(%10, %23) : (i32, i32) -> !emitc.opaque<"XAie_LocType">
      %71 = emitc.call @getOrCreateDeviceInstance() : () -> !emitc.ptr<!emitc.opaque<"XAie_DevInst">>
      %72 = emitc.call @XAie_StrmConnCctEnable(%71, %70, %16, %24, %18, %23) : (!emitc.ptr<!emitc.opaque<"XAie_DevInst">>, !emitc.opaque<"XAie_LocType">, !emitc.ptr<i8>, i32, !emitc.ptr<i8>, i32) -> i32
      %73 = emitc.call @XAie_TileLoc(%10, %24) : (i32, i32) -> !emitc.opaque<"XAie_LocType">
      %74 = emitc.call @getOrCreateDeviceInstance() : () -> !emitc.ptr<!emitc.opaque<"XAie_DevInst">>
      %75 = emitc.call @XAie_StrmConnCctEnable(%74, %73, %16, %24, %18, %23) : (!emitc.ptr<!emitc.opaque<"XAie_DevInst">>, !emitc.opaque<"XAie_LocType">, !emitc.ptr<i8>, i32, !emitc.ptr<i8>, i32) -> i32
    }
    emitc.verbatim "\0A//round is 3 hw split in : row -----------"
    emitc.if %20 {
      %25 = emitc.call @XAie_TileLoc(%24, %8) : (i32, i32) -> !emitc.opaque<"XAie_LocType">
      %26 = emitc.call @getOrCreateDeviceInstance() : () -> !emitc.ptr<!emitc.opaque<"XAie_DevInst">>
      %27 = emitc.call @XAie_EnableShimDmaToAieStrmPort(%26, %25, %8) : (!emitc.ptr<!emitc.opaque<"XAie_DevInst">>, !emitc.opaque<"XAie_LocType">, i32) -> i32
      %28 = emitc.call @XAie_TileLoc(%24, %8) : (i32, i32) -> !emitc.opaque<"XAie_LocType">
      %29 = emitc.call @getOrCreateDeviceInstance() : () -> !emitc.ptr<!emitc.opaque<"XAie_DevInst">>
      %30 = emitc.call @XAie_StrmConnCctEnable(%29, %28, %12, %8, %11, %23) : (!emitc.ptr<!emitc.opaque<"XAie_DevInst">>, !emitc.opaque<"XAie_LocType">, !emitc.ptr<i8>, i32, !emitc.ptr<i8>, i32) -> i32
      %31 = emitc.call @XAie_TileLoc(%23, %8) : (i32, i32) -> !emitc.opaque<"XAie_LocType">
      %32 = emitc.call @getOrCreateDeviceInstance() : () -> !emitc.ptr<!emitc.opaque<"XAie_DevInst">>
      %33 = emitc.call @XAie_StrmConnCctEnable(%32, %31, %12, %23, %11, %23) : (!emitc.ptr<!emitc.opaque<"XAie_DevInst">>, !emitc.opaque<"XAie_LocType">, !emitc.ptr<i8>, i32, !emitc.ptr<i8>, i32) -> i32
      %34 = emitc.call @XAie_TileLoc(%22, %8) : (i32, i32) -> !emitc.opaque<"XAie_LocType">
      %35 = emitc.call @getOrCreateDeviceInstance() : () -> !emitc.ptr<!emitc.opaque<"XAie_DevInst">>
      %36 = emitc.call @XAie_StrmConnCctEnable(%35, %34, %12, %23, %11, %23) : (!emitc.ptr<!emitc.opaque<"XAie_DevInst">>, !emitc.opaque<"XAie_LocType">, !emitc.ptr<i8>, i32, !emitc.ptr<i8>, i32) -> i32
      %37 = emitc.call @XAie_TileLoc(%21, %8) : (i32, i32) -> !emitc.opaque<"XAie_LocType">
      %38 = emitc.call @getOrCreateDeviceInstance() : () -> !emitc.ptr<!emitc.opaque<"XAie_DevInst">>
      %39 = emitc.call @XAie_StrmConnCctEnable(%38, %37, %12, %23, %11, %23) : (!emitc.ptr<!emitc.opaque<"XAie_DevInst">>, !emitc.opaque<"XAie_LocType">, !emitc.ptr<i8>, i32, !emitc.ptr<i8>, i32) -> i32
      %40 = emitc.call @XAie_TileLoc(%13, %8) : (i32, i32) -> !emitc.opaque<"XAie_LocType">
      %41 = emitc.call @getOrCreateDeviceInstance() : () -> !emitc.ptr<!emitc.opaque<"XAie_DevInst">>
      %42 = emitc.call @XAie_StrmConnCctEnable(%41, %40, %12, %23, %11, %23) : (!emitc.ptr<!emitc.opaque<"XAie_DevInst">>, !emitc.opaque<"XAie_LocType">, !emitc.ptr<i8>, i32, !emitc.ptr<i8>, i32) -> i32
      %43 = emitc.call @XAie_TileLoc(%10, %8) : (i32, i32) -> !emitc.opaque<"XAie_LocType">
      %44 = emitc.call @getOrCreateDeviceInstance() : () -> !emitc.ptr<!emitc.opaque<"XAie_DevInst">>
      %45 = emitc.call @XAie_StrmConnCctEnable(%44, %43, %12, %23, %11, %24) : (!emitc.ptr<!emitc.opaque<"XAie_DevInst">>, !emitc.opaque<"XAie_LocType">, !emitc.ptr<i8>, i32, !emitc.ptr<i8>, i32) -> i32
      %46 = emitc.call @XAie_TileLoc(%9, %8) : (i32, i32) -> !emitc.opaque<"XAie_LocType">
      %47 = emitc.call @getOrCreateDeviceInstance() : () -> !emitc.ptr<!emitc.opaque<"XAie_DevInst">>
      %48 = emitc.call @XAie_StrmConnCctEnable(%47, %46, %12, %24, %14, %24) : (!emitc.ptr<!emitc.opaque<"XAie_DevInst">>, !emitc.opaque<"XAie_LocType">, !emitc.ptr<i8>, i32, !emitc.ptr<i8>, i32) -> i32
      %49 = emitc.call @XAie_TileLoc(%9, %9) : (i32, i32) -> !emitc.opaque<"XAie_LocType">
      %50 = emitc.call @getOrCreateDeviceInstance() : () -> !emitc.ptr<!emitc.opaque<"XAie_DevInst">>
      %51 = emitc.call @XAie_StrmConnCctEnable(%50, %49, %16, %24, %14, %24) : (!emitc.ptr<!emitc.opaque<"XAie_DevInst">>, !emitc.opaque<"XAie_LocType">, !emitc.ptr<i8>, i32, !emitc.ptr<i8>, i32) -> i32
      %52 = emitc.call @XAie_TileLoc(%9, %10) : (i32, i32) -> !emitc.opaque<"XAie_LocType">
      %53 = emitc.call @getOrCreateDeviceInstance() : () -> !emitc.ptr<!emitc.opaque<"XAie_DevInst">>
      %54 = emitc.call @XAie_StrmConnCctEnable(%53, %52, %16, %24, %14, %24) : (!emitc.ptr<!emitc.opaque<"XAie_DevInst">>, !emitc.opaque<"XAie_LocType">, !emitc.ptr<i8>, i32, !emitc.ptr<i8>, i32) -> i32
      %55 = emitc.call @XAie_TileLoc(%9, %13) : (i32, i32) -> !emitc.opaque<"XAie_LocType">
      %56 = emitc.call @getOrCreateDeviceInstance() : () -> !emitc.ptr<!emitc.opaque<"XAie_DevInst">>
      %57 = emitc.call @XAie_StrmConnCctEnable(%56, %55, %16, %24, %14, %24) : (!emitc.ptr<!emitc.opaque<"XAie_DevInst">>, !emitc.opaque<"XAie_LocType">, !emitc.ptr<i8>, i32, !emitc.ptr<i8>, i32) -> i32
      %58 = emitc.call @XAie_TileLoc(%9, %21) : (i32, i32) -> !emitc.opaque<"XAie_LocType">
      %59 = emitc.call @getOrCreateDeviceInstance() : () -> !emitc.ptr<!emitc.opaque<"XAie_DevInst">>
      %60 = emitc.call @XAie_StrmConnCctEnable(%59, %58, %16, %24, %14, %24) : (!emitc.ptr<!emitc.opaque<"XAie_DevInst">>, !emitc.opaque<"XAie_LocType">, !emitc.ptr<i8>, i32, !emitc.ptr<i8>, i32) -> i32
      %61 = emitc.call @XAie_TileLoc(%9, %21) : (i32, i32) -> !emitc.opaque<"XAie_LocType">
      %62 = emitc.call @getOrCreateDeviceInstance() : () -> !emitc.ptr<!emitc.opaque<"XAie_DevInst">>
      %63 = emitc.call @XAie_StrmConnCctEnable(%62, %61, %16, %24, %18, %23) : (!emitc.ptr<!emitc.opaque<"XAie_DevInst">>, !emitc.opaque<"XAie_LocType">, !emitc.ptr<i8>, i32, !emitc.ptr<i8>, i32) -> i32
      %64 = emitc.call @XAie_TileLoc(%9, %22) : (i32, i32) -> !emitc.opaque<"XAie_LocType">
      %65 = emitc.call @getOrCreateDeviceInstance() : () -> !emitc.ptr<!emitc.opaque<"XAie_DevInst">>
      %66 = emitc.call @XAie_StrmConnCctEnable(%65, %64, %16, %24, %14, %24) : (!emitc.ptr<!emitc.opaque<"XAie_DevInst">>, !emitc.opaque<"XAie_LocType">, !emitc.ptr<i8>, i32, !emitc.ptr<i8>, i32) -> i32
      %67 = emitc.call @XAie_TileLoc(%9, %22) : (i32, i32) -> !emitc.opaque<"XAie_LocType">
      %68 = emitc.call @getOrCreateDeviceInstance() : () -> !emitc.ptr<!emitc.opaque<"XAie_DevInst">>
      %69 = emitc.call @XAie_StrmConnCctEnable(%68, %67, %16, %24, %18, %23) : (!emitc.ptr<!emitc.opaque<"XAie_DevInst">>, !emitc.opaque<"XAie_LocType">, !emitc.ptr<i8>, i32, !emitc.ptr<i8>, i32) -> i32
      %70 = emitc.call @XAie_TileLoc(%9, %23) : (i32, i32) -> !emitc.opaque<"XAie_LocType">
      %71 = emitc.call @getOrCreateDeviceInstance() : () -> !emitc.ptr<!emitc.opaque<"XAie_DevInst">>
      %72 = emitc.call @XAie_StrmConnCctEnable(%71, %70, %16, %24, %14, %24) : (!emitc.ptr<!emitc.opaque<"XAie_DevInst">>, !emitc.opaque<"XAie_LocType">, !emitc.ptr<i8>, i32, !emitc.ptr<i8>, i32) -> i32
      %73 = emitc.call @XAie_TileLoc(%9, %23) : (i32, i32) -> !emitc.opaque<"XAie_LocType">
      %74 = emitc.call @getOrCreateDeviceInstance() : () -> !emitc.ptr<!emitc.opaque<"XAie_DevInst">>
      %75 = emitc.call @XAie_StrmConnCctEnable(%74, %73, %16, %24, %18, %23) : (!emitc.ptr<!emitc.opaque<"XAie_DevInst">>, !emitc.opaque<"XAie_LocType">, !emitc.ptr<i8>, i32, !emitc.ptr<i8>, i32) -> i32
      %76 = emitc.call @XAie_TileLoc(%9, %24) : (i32, i32) -> !emitc.opaque<"XAie_LocType">
      %77 = emitc.call @getOrCreateDeviceInstance() : () -> !emitc.ptr<!emitc.opaque<"XAie_DevInst">>
      %78 = emitc.call @XAie_StrmConnCctEnable(%77, %76, %16, %24, %18, %23) : (!emitc.ptr<!emitc.opaque<"XAie_DevInst">>, !emitc.opaque<"XAie_LocType">, !emitc.ptr<i8>, i32, !emitc.ptr<i8>, i32) -> i32
    }
    emitc.verbatim "\0A} //----routing creation in row ----end-------\0A"
    emitc.verbatim "\0A{ //----routing creation in col ----start-------"
    emitc.verbatim "\0A//round is 0 hw split in : col -----------"
    emitc.if %20 {
      %25 = emitc.call @XAie_TileLoc(%24, %7) : (i32, i32) -> !emitc.opaque<"XAie_LocType">
      %26 = emitc.call @getOrCreateDeviceInstance() : () -> !emitc.ptr<!emitc.opaque<"XAie_DevInst">>
      %27 = emitc.call @XAie_EnableShimDmaToAieStrmPort(%26, %25, %21) : (!emitc.ptr<!emitc.opaque<"XAie_DevInst">>, !emitc.opaque<"XAie_LocType">, i32) -> i32
      %28 = emitc.call @XAie_TileLoc(%24, %7) : (i32, i32) -> !emitc.opaque<"XAie_LocType">
      %29 = emitc.call @getOrCreateDeviceInstance() : () -> !emitc.ptr<!emitc.opaque<"XAie_DevInst">>
      %30 = emitc.call @XAie_StrmConnCctEnable(%29, %28, %12, %21, %11, %24) : (!emitc.ptr<!emitc.opaque<"XAie_DevInst">>, !emitc.opaque<"XAie_LocType">, !emitc.ptr<i8>, i32, !emitc.ptr<i8>, i32) -> i32
      %31 = emitc.call @XAie_TileLoc(%23, %7) : (i32, i32) -> !emitc.opaque<"XAie_LocType">
      %32 = emitc.call @getOrCreateDeviceInstance() : () -> !emitc.ptr<!emitc.opaque<"XAie_DevInst">>
      %33 = emitc.call @XAie_StrmConnCctEnable(%32, %31, %12, %24, %11, %24) : (!emitc.ptr<!emitc.opaque<"XAie_DevInst">>, !emitc.opaque<"XAie_LocType">, !emitc.ptr<i8>, i32, !emitc.ptr<i8>, i32) -> i32
      %34 = emitc.call @XAie_TileLoc(%22, %7) : (i32, i32) -> !emitc.opaque<"XAie_LocType">
      %35 = emitc.call @getOrCreateDeviceInstance() : () -> !emitc.ptr<!emitc.opaque<"XAie_DevInst">>
      %36 = emitc.call @XAie_StrmConnCctEnable(%35, %34, %12, %24, %11, %24) : (!emitc.ptr<!emitc.opaque<"XAie_DevInst">>, !emitc.opaque<"XAie_LocType">, !emitc.ptr<i8>, i32, !emitc.ptr<i8>, i32) -> i32
      %37 = emitc.call @XAie_TileLoc(%21, %7) : (i32, i32) -> !emitc.opaque<"XAie_LocType">
      %38 = emitc.call @getOrCreateDeviceInstance() : () -> !emitc.ptr<!emitc.opaque<"XAie_DevInst">>
      %39 = emitc.call @XAie_StrmConnCctEnable(%38, %37, %12, %24, %14, %24) : (!emitc.ptr<!emitc.opaque<"XAie_DevInst">>, !emitc.opaque<"XAie_LocType">, !emitc.ptr<i8>, i32, !emitc.ptr<i8>, i32) -> i32
      %40 = emitc.call @XAie_TileLoc(%21, %6) : (i32, i32) -> !emitc.opaque<"XAie_LocType">
      %41 = emitc.call @getOrCreateDeviceInstance() : () -> !emitc.ptr<!emitc.opaque<"XAie_DevInst">>
      %42 = emitc.call @XAie_StrmConnCctEnable(%41, %40, %16, %24, %14, %24) : (!emitc.ptr<!emitc.opaque<"XAie_DevInst">>, !emitc.opaque<"XAie_LocType">, !emitc.ptr<i8>, i32, !emitc.ptr<i8>, i32) -> i32
      %43 = emitc.call @XAie_TileLoc(%21, %5) : (i32, i32) -> !emitc.opaque<"XAie_LocType">
      %44 = emitc.call @getOrCreateDeviceInstance() : () -> !emitc.ptr<!emitc.opaque<"XAie_DevInst">>
      %45 = emitc.call @XAie_StrmConnCctEnable(%44, %43, %16, %24, %14, %24) : (!emitc.ptr<!emitc.opaque<"XAie_DevInst">>, !emitc.opaque<"XAie_LocType">, !emitc.ptr<i8>, i32, !emitc.ptr<i8>, i32) -> i32
      %46 = emitc.call @XAie_TileLoc(%21, %4) : (i32, i32) -> !emitc.opaque<"XAie_LocType">
      %47 = emitc.call @getOrCreateDeviceInstance() : () -> !emitc.ptr<!emitc.opaque<"XAie_DevInst">>
      %48 = emitc.call @XAie_StrmConnCctEnable(%47, %46, %16, %24, %14, %24) : (!emitc.ptr<!emitc.opaque<"XAie_DevInst">>, !emitc.opaque<"XAie_LocType">, !emitc.ptr<i8>, i32, !emitc.ptr<i8>, i32) -> i32
      %49 = emitc.call @XAie_TileLoc(%21, %3) : (i32, i32) -> !emitc.opaque<"XAie_LocType">
      %50 = emitc.call @getOrCreateDeviceInstance() : () -> !emitc.ptr<!emitc.opaque<"XAie_DevInst">>
      %51 = emitc.call @XAie_StrmConnCctEnable(%50, %49, %16, %24, %14, %24) : (!emitc.ptr<!emitc.opaque<"XAie_DevInst">>, !emitc.opaque<"XAie_LocType">, !emitc.ptr<i8>, i32, !emitc.ptr<i8>, i32) -> i32
      %52 = emitc.call @XAie_TileLoc(%21, %2) : (i32, i32) -> !emitc.opaque<"XAie_LocType">
      %53 = emitc.call @getOrCreateDeviceInstance() : () -> !emitc.ptr<!emitc.opaque<"XAie_DevInst">>
      %54 = emitc.call @XAie_StrmConnCctEnable(%53, %52, %16, %24, %14, %24) : (!emitc.ptr<!emitc.opaque<"XAie_DevInst">>, !emitc.opaque<"XAie_LocType">, !emitc.ptr<i8>, i32, !emitc.ptr<i8>, i32) -> i32
      %55 = emitc.call @XAie_TileLoc(%21, %1) : (i32, i32) -> !emitc.opaque<"XAie_LocType">
      %56 = emitc.call @getOrCreateDeviceInstance() : () -> !emitc.ptr<!emitc.opaque<"XAie_DevInst">>
      %57 = emitc.call @XAie_StrmConnCctEnable(%56, %55, %16, %24, %14, %24) : (!emitc.ptr<!emitc.opaque<"XAie_DevInst">>, !emitc.opaque<"XAie_LocType">, !emitc.ptr<i8>, i32, !emitc.ptr<i8>, i32) -> i32
      %58 = emitc.call @XAie_TileLoc(%21, %8) : (i32, i32) -> !emitc.opaque<"XAie_LocType">
      %59 = emitc.call @getOrCreateDeviceInstance() : () -> !emitc.ptr<!emitc.opaque<"XAie_DevInst">>
      %60 = emitc.call @XAie_StrmConnCctEnable(%59, %58, %16, %24, %14, %24) : (!emitc.ptr<!emitc.opaque<"XAie_DevInst">>, !emitc.opaque<"XAie_LocType">, !emitc.ptr<i8>, i32, !emitc.ptr<i8>, i32) -> i32
      %61 = emitc.call @XAie_TileLoc(%21, %9) : (i32, i32) -> !emitc.opaque<"XAie_LocType">
      %62 = emitc.call @getOrCreateDeviceInstance() : () -> !emitc.ptr<!emitc.opaque<"XAie_DevInst">>
      %63 = emitc.call @XAie_StrmConnCctEnable(%62, %61, %16, %24, %14, %23) : (!emitc.ptr<!emitc.opaque<"XAie_DevInst">>, !emitc.opaque<"XAie_LocType">, !emitc.ptr<i8>, i32, !emitc.ptr<i8>, i32) -> i32
      %64 = emitc.call @XAie_TileLoc(%21, %10) : (i32, i32) -> !emitc.opaque<"XAie_LocType">
      %65 = emitc.call @getOrCreateDeviceInstance() : () -> !emitc.ptr<!emitc.opaque<"XAie_DevInst">>
      %66 = emitc.call @XAie_StrmConnCctEnable(%65, %64, %16, %23, %14, %23) : (!emitc.ptr<!emitc.opaque<"XAie_DevInst">>, !emitc.opaque<"XAie_LocType">, !emitc.ptr<i8>, i32, !emitc.ptr<i8>, i32) -> i32
      %67 = emitc.call @XAie_TileLoc(%21, %13) : (i32, i32) -> !emitc.opaque<"XAie_LocType">
      %68 = emitc.call @getOrCreateDeviceInstance() : () -> !emitc.ptr<!emitc.opaque<"XAie_DevInst">>
      %69 = emitc.call @XAie_StrmConnCctEnable(%68, %67, %16, %23, %14, %23) : (!emitc.ptr<!emitc.opaque<"XAie_DevInst">>, !emitc.opaque<"XAie_LocType">, !emitc.ptr<i8>, i32, !emitc.ptr<i8>, i32) -> i32
      %70 = emitc.call @XAie_TileLoc(%21, %21) : (i32, i32) -> !emitc.opaque<"XAie_LocType">
      %71 = emitc.call @getOrCreateDeviceInstance() : () -> !emitc.ptr<!emitc.opaque<"XAie_DevInst">>
      %72 = emitc.call @XAie_StrmConnCctEnable(%71, %70, %16, %23, %14, %23) : (!emitc.ptr<!emitc.opaque<"XAie_DevInst">>, !emitc.opaque<"XAie_LocType">, !emitc.ptr<i8>, i32, !emitc.ptr<i8>, i32) -> i32
      %73 = emitc.call @XAie_TileLoc(%21, %22) : (i32, i32) -> !emitc.opaque<"XAie_LocType">
      %74 = emitc.call @getOrCreateDeviceInstance() : () -> !emitc.ptr<!emitc.opaque<"XAie_DevInst">>
      %75 = emitc.call @XAie_StrmConnCctEnable(%74, %73, %16, %23, %14, %23) : (!emitc.ptr<!emitc.opaque<"XAie_DevInst">>, !emitc.opaque<"XAie_LocType">, !emitc.ptr<i8>, i32, !emitc.ptr<i8>, i32) -> i32
      %76 = emitc.call @XAie_TileLoc(%21, %23) : (i32, i32) -> !emitc.opaque<"XAie_LocType">
      %77 = emitc.call @getOrCreateDeviceInstance() : () -> !emitc.ptr<!emitc.opaque<"XAie_DevInst">>
      %78 = emitc.call @XAie_StrmConnCctEnable(%77, %76, %16, %23, %14, %23) : (!emitc.ptr<!emitc.opaque<"XAie_DevInst">>, !emitc.opaque<"XAie_LocType">, !emitc.ptr<i8>, i32, !emitc.ptr<i8>, i32) -> i32
      %79 = emitc.call @XAie_TileLoc(%21, %24) : (i32, i32) -> !emitc.opaque<"XAie_LocType">
      %80 = emitc.call @getOrCreateDeviceInstance() : () -> !emitc.ptr<!emitc.opaque<"XAie_DevInst">>
      %81 = emitc.call @XAie_StrmConnCctEnable(%80, %79, %16, %23, %11, %24) : (!emitc.ptr<!emitc.opaque<"XAie_DevInst">>, !emitc.opaque<"XAie_LocType">, !emitc.ptr<i8>, i32, !emitc.ptr<i8>, i32) -> i32
      %82 = emitc.call @XAie_TileLoc(%21, %24) : (i32, i32) -> !emitc.opaque<"XAie_LocType">
      %83 = emitc.call @getOrCreateDeviceInstance() : () -> !emitc.ptr<!emitc.opaque<"XAie_DevInst">>
      %84 = emitc.call @XAie_StrmConnCctEnable(%83, %82, %16, %23, %18, %22) : (!emitc.ptr<!emitc.opaque<"XAie_DevInst">>, !emitc.opaque<"XAie_LocType">, !emitc.ptr<i8>, i32, !emitc.ptr<i8>, i32) -> i32
      %85 = emitc.call @XAie_TileLoc(%13, %24) : (i32, i32) -> !emitc.opaque<"XAie_LocType">
      %86 = emitc.call @getOrCreateDeviceInstance() : () -> !emitc.ptr<!emitc.opaque<"XAie_DevInst">>
      %87 = emitc.call @XAie_StrmConnCctEnable(%86, %85, %12, %24, %11, %24) : (!emitc.ptr<!emitc.opaque<"XAie_DevInst">>, !emitc.opaque<"XAie_LocType">, !emitc.ptr<i8>, i32, !emitc.ptr<i8>, i32) -> i32
      %88 = emitc.call @XAie_TileLoc(%13, %24) : (i32, i32) -> !emitc.opaque<"XAie_LocType">
      %89 = emitc.call @getOrCreateDeviceInstance() : () -> !emitc.ptr<!emitc.opaque<"XAie_DevInst">>
      %90 = emitc.call @XAie_StrmConnCctEnable(%89, %88, %12, %24, %18, %22) : (!emitc.ptr<!emitc.opaque<"XAie_DevInst">>, !emitc.opaque<"XAie_LocType">, !emitc.ptr<i8>, i32, !emitc.ptr<i8>, i32) -> i32
      %91 = emitc.call @XAie_TileLoc(%10, %24) : (i32, i32) -> !emitc.opaque<"XAie_LocType">
      %92 = emitc.call @getOrCreateDeviceInstance() : () -> !emitc.ptr<!emitc.opaque<"XAie_DevInst">>
      %93 = emitc.call @XAie_StrmConnCctEnable(%92, %91, %12, %24, %11, %24) : (!emitc.ptr<!emitc.opaque<"XAie_DevInst">>, !emitc.opaque<"XAie_LocType">, !emitc.ptr<i8>, i32, !emitc.ptr<i8>, i32) -> i32
      %94 = emitc.call @XAie_TileLoc(%10, %24) : (i32, i32) -> !emitc.opaque<"XAie_LocType">
      %95 = emitc.call @getOrCreateDeviceInstance() : () -> !emitc.ptr<!emitc.opaque<"XAie_DevInst">>
      %96 = emitc.call @XAie_StrmConnCctEnable(%95, %94, %12, %24, %18, %22) : (!emitc.ptr<!emitc.opaque<"XAie_DevInst">>, !emitc.opaque<"XAie_LocType">, !emitc.ptr<i8>, i32, !emitc.ptr<i8>, i32) -> i32
      %97 = emitc.call @XAie_TileLoc(%9, %24) : (i32, i32) -> !emitc.opaque<"XAie_LocType">
      %98 = emitc.call @getOrCreateDeviceInstance() : () -> !emitc.ptr<!emitc.opaque<"XAie_DevInst">>
      %99 = emitc.call @XAie_StrmConnCctEnable(%98, %97, %12, %24, %18, %22) : (!emitc.ptr<!emitc.opaque<"XAie_DevInst">>, !emitc.opaque<"XAie_LocType">, !emitc.ptr<i8>, i32, !emitc.ptr<i8>, i32) -> i32
    }
    emitc.verbatim "\0A//round is 1 hw split in : col -----------"
    emitc.if %20 {
      %25 = emitc.call @XAie_TileLoc(%24, %7) : (i32, i32) -> !emitc.opaque<"XAie_LocType">
      %26 = emitc.call @getOrCreateDeviceInstance() : () -> !emitc.ptr<!emitc.opaque<"XAie_DevInst">>
      %27 = emitc.call @XAie_EnableShimDmaToAieStrmPort(%26, %25, %8) : (!emitc.ptr<!emitc.opaque<"XAie_DevInst">>, !emitc.opaque<"XAie_LocType">, i32) -> i32
      %28 = emitc.call @XAie_TileLoc(%24, %7) : (i32, i32) -> !emitc.opaque<"XAie_LocType">
      %29 = emitc.call @getOrCreateDeviceInstance() : () -> !emitc.ptr<!emitc.opaque<"XAie_DevInst">>
      %30 = emitc.call @XAie_StrmConnCctEnable(%29, %28, %12, %8, %11, %23) : (!emitc.ptr<!emitc.opaque<"XAie_DevInst">>, !emitc.opaque<"XAie_LocType">, !emitc.ptr<i8>, i32, !emitc.ptr<i8>, i32) -> i32
      %31 = emitc.call @XAie_TileLoc(%23, %7) : (i32, i32) -> !emitc.opaque<"XAie_LocType">
      %32 = emitc.call @getOrCreateDeviceInstance() : () -> !emitc.ptr<!emitc.opaque<"XAie_DevInst">>
      %33 = emitc.call @XAie_StrmConnCctEnable(%32, %31, %12, %23, %11, %23) : (!emitc.ptr<!emitc.opaque<"XAie_DevInst">>, !emitc.opaque<"XAie_LocType">, !emitc.ptr<i8>, i32, !emitc.ptr<i8>, i32) -> i32
      %34 = emitc.call @XAie_TileLoc(%22, %7) : (i32, i32) -> !emitc.opaque<"XAie_LocType">
      %35 = emitc.call @getOrCreateDeviceInstance() : () -> !emitc.ptr<!emitc.opaque<"XAie_DevInst">>
      %36 = emitc.call @XAie_StrmConnCctEnable(%35, %34, %12, %23, %11, %23) : (!emitc.ptr<!emitc.opaque<"XAie_DevInst">>, !emitc.opaque<"XAie_LocType">, !emitc.ptr<i8>, i32, !emitc.ptr<i8>, i32) -> i32
      %37 = emitc.call @XAie_TileLoc(%21, %7) : (i32, i32) -> !emitc.opaque<"XAie_LocType">
      %38 = emitc.call @getOrCreateDeviceInstance() : () -> !emitc.ptr<!emitc.opaque<"XAie_DevInst">>
      %39 = emitc.call @XAie_StrmConnCctEnable(%38, %37, %12, %23, %14, %23) : (!emitc.ptr<!emitc.opaque<"XAie_DevInst">>, !emitc.opaque<"XAie_LocType">, !emitc.ptr<i8>, i32, !emitc.ptr<i8>, i32) -> i32
      %40 = emitc.call @XAie_TileLoc(%21, %6) : (i32, i32) -> !emitc.opaque<"XAie_LocType">
      %41 = emitc.call @getOrCreateDeviceInstance() : () -> !emitc.ptr<!emitc.opaque<"XAie_DevInst">>
      %42 = emitc.call @XAie_StrmConnCctEnable(%41, %40, %16, %23, %14, %23) : (!emitc.ptr<!emitc.opaque<"XAie_DevInst">>, !emitc.opaque<"XAie_LocType">, !emitc.ptr<i8>, i32, !emitc.ptr<i8>, i32) -> i32
      %43 = emitc.call @XAie_TileLoc(%21, %5) : (i32, i32) -> !emitc.opaque<"XAie_LocType">
      %44 = emitc.call @getOrCreateDeviceInstance() : () -> !emitc.ptr<!emitc.opaque<"XAie_DevInst">>
      %45 = emitc.call @XAie_StrmConnCctEnable(%44, %43, %16, %23, %14, %23) : (!emitc.ptr<!emitc.opaque<"XAie_DevInst">>, !emitc.opaque<"XAie_LocType">, !emitc.ptr<i8>, i32, !emitc.ptr<i8>, i32) -> i32
      %46 = emitc.call @XAie_TileLoc(%21, %4) : (i32, i32) -> !emitc.opaque<"XAie_LocType">
      %47 = emitc.call @getOrCreateDeviceInstance() : () -> !emitc.ptr<!emitc.opaque<"XAie_DevInst">>
      %48 = emitc.call @XAie_StrmConnCctEnable(%47, %46, %16, %23, %14, %23) : (!emitc.ptr<!emitc.opaque<"XAie_DevInst">>, !emitc.opaque<"XAie_LocType">, !emitc.ptr<i8>, i32, !emitc.ptr<i8>, i32) -> i32
      %49 = emitc.call @XAie_TileLoc(%21, %3) : (i32, i32) -> !emitc.opaque<"XAie_LocType">
      %50 = emitc.call @getOrCreateDeviceInstance() : () -> !emitc.ptr<!emitc.opaque<"XAie_DevInst">>
      %51 = emitc.call @XAie_StrmConnCctEnable(%50, %49, %16, %23, %14, %23) : (!emitc.ptr<!emitc.opaque<"XAie_DevInst">>, !emitc.opaque<"XAie_LocType">, !emitc.ptr<i8>, i32, !emitc.ptr<i8>, i32) -> i32
      %52 = emitc.call @XAie_TileLoc(%21, %2) : (i32, i32) -> !emitc.opaque<"XAie_LocType">
      %53 = emitc.call @getOrCreateDeviceInstance() : () -> !emitc.ptr<!emitc.opaque<"XAie_DevInst">>
      %54 = emitc.call @XAie_StrmConnCctEnable(%53, %52, %16, %23, %14, %23) : (!emitc.ptr<!emitc.opaque<"XAie_DevInst">>, !emitc.opaque<"XAie_LocType">, !emitc.ptr<i8>, i32, !emitc.ptr<i8>, i32) -> i32
      %55 = emitc.call @XAie_TileLoc(%21, %1) : (i32, i32) -> !emitc.opaque<"XAie_LocType">
      %56 = emitc.call @getOrCreateDeviceInstance() : () -> !emitc.ptr<!emitc.opaque<"XAie_DevInst">>
      %57 = emitc.call @XAie_StrmConnCctEnable(%56, %55, %16, %23, %14, %23) : (!emitc.ptr<!emitc.opaque<"XAie_DevInst">>, !emitc.opaque<"XAie_LocType">, !emitc.ptr<i8>, i32, !emitc.ptr<i8>, i32) -> i32
      %58 = emitc.call @XAie_TileLoc(%21, %8) : (i32, i32) -> !emitc.opaque<"XAie_LocType">
      %59 = emitc.call @getOrCreateDeviceInstance() : () -> !emitc.ptr<!emitc.opaque<"XAie_DevInst">>
      %60 = emitc.call @XAie_StrmConnCctEnable(%59, %58, %16, %23, %14, %23) : (!emitc.ptr<!emitc.opaque<"XAie_DevInst">>, !emitc.opaque<"XAie_LocType">, !emitc.ptr<i8>, i32, !emitc.ptr<i8>, i32) -> i32
      %61 = emitc.call @XAie_TileLoc(%21, %9) : (i32, i32) -> !emitc.opaque<"XAie_LocType">
      %62 = emitc.call @getOrCreateDeviceInstance() : () -> !emitc.ptr<!emitc.opaque<"XAie_DevInst">>
      %63 = emitc.call @XAie_StrmConnCctEnable(%62, %61, %16, %23, %14, %22) : (!emitc.ptr<!emitc.opaque<"XAie_DevInst">>, !emitc.opaque<"XAie_LocType">, !emitc.ptr<i8>, i32, !emitc.ptr<i8>, i32) -> i32
      %64 = emitc.call @XAie_TileLoc(%21, %10) : (i32, i32) -> !emitc.opaque<"XAie_LocType">
      %65 = emitc.call @getOrCreateDeviceInstance() : () -> !emitc.ptr<!emitc.opaque<"XAie_DevInst">>
      %66 = emitc.call @XAie_StrmConnCctEnable(%65, %64, %16, %22, %14, %22) : (!emitc.ptr<!emitc.opaque<"XAie_DevInst">>, !emitc.opaque<"XAie_LocType">, !emitc.ptr<i8>, i32, !emitc.ptr<i8>, i32) -> i32
      %67 = emitc.call @XAie_TileLoc(%21, %13) : (i32, i32) -> !emitc.opaque<"XAie_LocType">
      %68 = emitc.call @getOrCreateDeviceInstance() : () -> !emitc.ptr<!emitc.opaque<"XAie_DevInst">>
      %69 = emitc.call @XAie_StrmConnCctEnable(%68, %67, %16, %22, %14, %22) : (!emitc.ptr<!emitc.opaque<"XAie_DevInst">>, !emitc.opaque<"XAie_LocType">, !emitc.ptr<i8>, i32, !emitc.ptr<i8>, i32) -> i32
      %70 = emitc.call @XAie_TileLoc(%21, %21) : (i32, i32) -> !emitc.opaque<"XAie_LocType">
      %71 = emitc.call @getOrCreateDeviceInstance() : () -> !emitc.ptr<!emitc.opaque<"XAie_DevInst">>
      %72 = emitc.call @XAie_StrmConnCctEnable(%71, %70, %16, %22, %14, %22) : (!emitc.ptr<!emitc.opaque<"XAie_DevInst">>, !emitc.opaque<"XAie_LocType">, !emitc.ptr<i8>, i32, !emitc.ptr<i8>, i32) -> i32
      %73 = emitc.call @XAie_TileLoc(%21, %22) : (i32, i32) -> !emitc.opaque<"XAie_LocType">
      %74 = emitc.call @getOrCreateDeviceInstance() : () -> !emitc.ptr<!emitc.opaque<"XAie_DevInst">>
      %75 = emitc.call @XAie_StrmConnCctEnable(%74, %73, %16, %22, %14, %22) : (!emitc.ptr<!emitc.opaque<"XAie_DevInst">>, !emitc.opaque<"XAie_LocType">, !emitc.ptr<i8>, i32, !emitc.ptr<i8>, i32) -> i32
      %76 = emitc.call @XAie_TileLoc(%21, %23) : (i32, i32) -> !emitc.opaque<"XAie_LocType">
      %77 = emitc.call @getOrCreateDeviceInstance() : () -> !emitc.ptr<!emitc.opaque<"XAie_DevInst">>
      %78 = emitc.call @XAie_StrmConnCctEnable(%77, %76, %16, %22, %11, %24) : (!emitc.ptr<!emitc.opaque<"XAie_DevInst">>, !emitc.opaque<"XAie_LocType">, !emitc.ptr<i8>, i32, !emitc.ptr<i8>, i32) -> i32
      %79 = emitc.call @XAie_TileLoc(%21, %23) : (i32, i32) -> !emitc.opaque<"XAie_LocType">
      %80 = emitc.call @getOrCreateDeviceInstance() : () -> !emitc.ptr<!emitc.opaque<"XAie_DevInst">>
      %81 = emitc.call @XAie_StrmConnCctEnable(%80, %79, %16, %22, %18, %22) : (!emitc.ptr<!emitc.opaque<"XAie_DevInst">>, !emitc.opaque<"XAie_LocType">, !emitc.ptr<i8>, i32, !emitc.ptr<i8>, i32) -> i32
      %82 = emitc.call @XAie_TileLoc(%13, %23) : (i32, i32) -> !emitc.opaque<"XAie_LocType">
      %83 = emitc.call @getOrCreateDeviceInstance() : () -> !emitc.ptr<!emitc.opaque<"XAie_DevInst">>
      %84 = emitc.call @XAie_StrmConnCctEnable(%83, %82, %12, %24, %11, %24) : (!emitc.ptr<!emitc.opaque<"XAie_DevInst">>, !emitc.opaque<"XAie_LocType">, !emitc.ptr<i8>, i32, !emitc.ptr<i8>, i32) -> i32
      %85 = emitc.call @XAie_TileLoc(%13, %23) : (i32, i32) -> !emitc.opaque<"XAie_LocType">
      %86 = emitc.call @getOrCreateDeviceInstance() : () -> !emitc.ptr<!emitc.opaque<"XAie_DevInst">>
      %87 = emitc.call @XAie_StrmConnCctEnable(%86, %85, %12, %24, %18, %22) : (!emitc.ptr<!emitc.opaque<"XAie_DevInst">>, !emitc.opaque<"XAie_LocType">, !emitc.ptr<i8>, i32, !emitc.ptr<i8>, i32) -> i32
      %88 = emitc.call @XAie_TileLoc(%10, %23) : (i32, i32) -> !emitc.opaque<"XAie_LocType">
      %89 = emitc.call @getOrCreateDeviceInstance() : () -> !emitc.ptr<!emitc.opaque<"XAie_DevInst">>
      %90 = emitc.call @XAie_StrmConnCctEnable(%89, %88, %12, %24, %11, %24) : (!emitc.ptr<!emitc.opaque<"XAie_DevInst">>, !emitc.opaque<"XAie_LocType">, !emitc.ptr<i8>, i32, !emitc.ptr<i8>, i32) -> i32
      %91 = emitc.call @XAie_TileLoc(%10, %23) : (i32, i32) -> !emitc.opaque<"XAie_LocType">
      %92 = emitc.call @getOrCreateDeviceInstance() : () -> !emitc.ptr<!emitc.opaque<"XAie_DevInst">>
      %93 = emitc.call @XAie_StrmConnCctEnable(%92, %91, %12, %24, %18, %22) : (!emitc.ptr<!emitc.opaque<"XAie_DevInst">>, !emitc.opaque<"XAie_LocType">, !emitc.ptr<i8>, i32, !emitc.ptr<i8>, i32) -> i32
      %94 = emitc.call @XAie_TileLoc(%9, %23) : (i32, i32) -> !emitc.opaque<"XAie_LocType">
      %95 = emitc.call @getOrCreateDeviceInstance() : () -> !emitc.ptr<!emitc.opaque<"XAie_DevInst">>
      %96 = emitc.call @XAie_StrmConnCctEnable(%95, %94, %12, %24, %18, %22) : (!emitc.ptr<!emitc.opaque<"XAie_DevInst">>, !emitc.opaque<"XAie_LocType">, !emitc.ptr<i8>, i32, !emitc.ptr<i8>, i32) -> i32
    }
    emitc.verbatim "\0A//round is 2 hw split in : col -----------"
    emitc.if %20 {
      %25 = emitc.call @XAie_TileLoc(%24, %0) : (i32, i32) -> !emitc.opaque<"XAie_LocType">
      %26 = emitc.call @getOrCreateDeviceInstance() : () -> !emitc.ptr<!emitc.opaque<"XAie_DevInst">>
      %27 = emitc.call @XAie_EnableShimDmaToAieStrmPort(%26, %25, %21) : (!emitc.ptr<!emitc.opaque<"XAie_DevInst">>, !emitc.opaque<"XAie_LocType">, i32) -> i32
      %28 = emitc.call @XAie_TileLoc(%24, %0) : (i32, i32) -> !emitc.opaque<"XAie_LocType">
      %29 = emitc.call @getOrCreateDeviceInstance() : () -> !emitc.ptr<!emitc.opaque<"XAie_DevInst">>
      %30 = emitc.call @XAie_StrmConnCctEnable(%29, %28, %12, %21, %11, %24) : (!emitc.ptr<!emitc.opaque<"XAie_DevInst">>, !emitc.opaque<"XAie_LocType">, !emitc.ptr<i8>, i32, !emitc.ptr<i8>, i32) -> i32
      %31 = emitc.call @XAie_TileLoc(%23, %0) : (i32, i32) -> !emitc.opaque<"XAie_LocType">
      %32 = emitc.call @getOrCreateDeviceInstance() : () -> !emitc.ptr<!emitc.opaque<"XAie_DevInst">>
      %33 = emitc.call @XAie_StrmConnCctEnable(%32, %31, %12, %24, %11, %24) : (!emitc.ptr<!emitc.opaque<"XAie_DevInst">>, !emitc.opaque<"XAie_LocType">, !emitc.ptr<i8>, i32, !emitc.ptr<i8>, i32) -> i32
      %34 = emitc.call @XAie_TileLoc(%22, %0) : (i32, i32) -> !emitc.opaque<"XAie_LocType">
      %35 = emitc.call @getOrCreateDeviceInstance() : () -> !emitc.ptr<!emitc.opaque<"XAie_DevInst">>
      %36 = emitc.call @XAie_StrmConnCctEnable(%35, %34, %12, %24, %11, %24) : (!emitc.ptr<!emitc.opaque<"XAie_DevInst">>, !emitc.opaque<"XAie_LocType">, !emitc.ptr<i8>, i32, !emitc.ptr<i8>, i32) -> i32
      %37 = emitc.call @XAie_TileLoc(%21, %0) : (i32, i32) -> !emitc.opaque<"XAie_LocType">
      %38 = emitc.call @getOrCreateDeviceInstance() : () -> !emitc.ptr<!emitc.opaque<"XAie_DevInst">>
      %39 = emitc.call @XAie_StrmConnCctEnable(%38, %37, %12, %24, %14, %24) : (!emitc.ptr<!emitc.opaque<"XAie_DevInst">>, !emitc.opaque<"XAie_LocType">, !emitc.ptr<i8>, i32, !emitc.ptr<i8>, i32) -> i32
      %40 = emitc.call @XAie_TileLoc(%21, %7) : (i32, i32) -> !emitc.opaque<"XAie_LocType">
      %41 = emitc.call @getOrCreateDeviceInstance() : () -> !emitc.ptr<!emitc.opaque<"XAie_DevInst">>
      %42 = emitc.call @XAie_StrmConnCctEnable(%41, %40, %16, %24, %14, %22) : (!emitc.ptr<!emitc.opaque<"XAie_DevInst">>, !emitc.opaque<"XAie_LocType">, !emitc.ptr<i8>, i32, !emitc.ptr<i8>, i32) -> i32
      %43 = emitc.call @XAie_TileLoc(%21, %6) : (i32, i32) -> !emitc.opaque<"XAie_LocType">
      %44 = emitc.call @getOrCreateDeviceInstance() : () -> !emitc.ptr<!emitc.opaque<"XAie_DevInst">>
      %45 = emitc.call @XAie_StrmConnCctEnable(%44, %43, %16, %22, %14, %22) : (!emitc.ptr<!emitc.opaque<"XAie_DevInst">>, !emitc.opaque<"XAie_LocType">, !emitc.ptr<i8>, i32, !emitc.ptr<i8>, i32) -> i32
      %46 = emitc.call @XAie_TileLoc(%21, %5) : (i32, i32) -> !emitc.opaque<"XAie_LocType">
      %47 = emitc.call @getOrCreateDeviceInstance() : () -> !emitc.ptr<!emitc.opaque<"XAie_DevInst">>
      %48 = emitc.call @XAie_StrmConnCctEnable(%47, %46, %16, %22, %14, %22) : (!emitc.ptr<!emitc.opaque<"XAie_DevInst">>, !emitc.opaque<"XAie_LocType">, !emitc.ptr<i8>, i32, !emitc.ptr<i8>, i32) -> i32
      %49 = emitc.call @XAie_TileLoc(%21, %4) : (i32, i32) -> !emitc.opaque<"XAie_LocType">
      %50 = emitc.call @getOrCreateDeviceInstance() : () -> !emitc.ptr<!emitc.opaque<"XAie_DevInst">>
      %51 = emitc.call @XAie_StrmConnCctEnable(%50, %49, %16, %22, %14, %22) : (!emitc.ptr<!emitc.opaque<"XAie_DevInst">>, !emitc.opaque<"XAie_LocType">, !emitc.ptr<i8>, i32, !emitc.ptr<i8>, i32) -> i32
      %52 = emitc.call @XAie_TileLoc(%21, %3) : (i32, i32) -> !emitc.opaque<"XAie_LocType">
      %53 = emitc.call @getOrCreateDeviceInstance() : () -> !emitc.ptr<!emitc.opaque<"XAie_DevInst">>
      %54 = emitc.call @XAie_StrmConnCctEnable(%53, %52, %16, %22, %14, %22) : (!emitc.ptr<!emitc.opaque<"XAie_DevInst">>, !emitc.opaque<"XAie_LocType">, !emitc.ptr<i8>, i32, !emitc.ptr<i8>, i32) -> i32
      %55 = emitc.call @XAie_TileLoc(%21, %2) : (i32, i32) -> !emitc.opaque<"XAie_LocType">
      %56 = emitc.call @getOrCreateDeviceInstance() : () -> !emitc.ptr<!emitc.opaque<"XAie_DevInst">>
      %57 = emitc.call @XAie_StrmConnCctEnable(%56, %55, %16, %22, %14, %22) : (!emitc.ptr<!emitc.opaque<"XAie_DevInst">>, !emitc.opaque<"XAie_LocType">, !emitc.ptr<i8>, i32, !emitc.ptr<i8>, i32) -> i32
      %58 = emitc.call @XAie_TileLoc(%21, %1) : (i32, i32) -> !emitc.opaque<"XAie_LocType">
      %59 = emitc.call @getOrCreateDeviceInstance() : () -> !emitc.ptr<!emitc.opaque<"XAie_DevInst">>
      %60 = emitc.call @XAie_StrmConnCctEnable(%59, %58, %16, %22, %14, %22) : (!emitc.ptr<!emitc.opaque<"XAie_DevInst">>, !emitc.opaque<"XAie_LocType">, !emitc.ptr<i8>, i32, !emitc.ptr<i8>, i32) -> i32
      %61 = emitc.call @XAie_TileLoc(%21, %8) : (i32, i32) -> !emitc.opaque<"XAie_LocType">
      %62 = emitc.call @getOrCreateDeviceInstance() : () -> !emitc.ptr<!emitc.opaque<"XAie_DevInst">>
      %63 = emitc.call @XAie_StrmConnCctEnable(%62, %61, %16, %22, %14, %22) : (!emitc.ptr<!emitc.opaque<"XAie_DevInst">>, !emitc.opaque<"XAie_LocType">, !emitc.ptr<i8>, i32, !emitc.ptr<i8>, i32) -> i32
      %64 = emitc.call @XAie_TileLoc(%21, %9) : (i32, i32) -> !emitc.opaque<"XAie_LocType">
      %65 = emitc.call @getOrCreateDeviceInstance() : () -> !emitc.ptr<!emitc.opaque<"XAie_DevInst">>
      %66 = emitc.call @XAie_StrmConnCctEnable(%65, %64, %16, %22, %14, %21) : (!emitc.ptr<!emitc.opaque<"XAie_DevInst">>, !emitc.opaque<"XAie_LocType">, !emitc.ptr<i8>, i32, !emitc.ptr<i8>, i32) -> i32
      %67 = emitc.call @XAie_TileLoc(%21, %10) : (i32, i32) -> !emitc.opaque<"XAie_LocType">
      %68 = emitc.call @getOrCreateDeviceInstance() : () -> !emitc.ptr<!emitc.opaque<"XAie_DevInst">>
      %69 = emitc.call @XAie_StrmConnCctEnable(%68, %67, %16, %21, %14, %21) : (!emitc.ptr<!emitc.opaque<"XAie_DevInst">>, !emitc.opaque<"XAie_LocType">, !emitc.ptr<i8>, i32, !emitc.ptr<i8>, i32) -> i32
      %70 = emitc.call @XAie_TileLoc(%21, %13) : (i32, i32) -> !emitc.opaque<"XAie_LocType">
      %71 = emitc.call @getOrCreateDeviceInstance() : () -> !emitc.ptr<!emitc.opaque<"XAie_DevInst">>
      %72 = emitc.call @XAie_StrmConnCctEnable(%71, %70, %16, %21, %14, %21) : (!emitc.ptr<!emitc.opaque<"XAie_DevInst">>, !emitc.opaque<"XAie_LocType">, !emitc.ptr<i8>, i32, !emitc.ptr<i8>, i32) -> i32
      %73 = emitc.call @XAie_TileLoc(%21, %21) : (i32, i32) -> !emitc.opaque<"XAie_LocType">
      %74 = emitc.call @getOrCreateDeviceInstance() : () -> !emitc.ptr<!emitc.opaque<"XAie_DevInst">>
      %75 = emitc.call @XAie_StrmConnCctEnable(%74, %73, %16, %21, %14, %21) : (!emitc.ptr<!emitc.opaque<"XAie_DevInst">>, !emitc.opaque<"XAie_LocType">, !emitc.ptr<i8>, i32, !emitc.ptr<i8>, i32) -> i32
      %76 = emitc.call @XAie_TileLoc(%21, %22) : (i32, i32) -> !emitc.opaque<"XAie_LocType">
      %77 = emitc.call @getOrCreateDeviceInstance() : () -> !emitc.ptr<!emitc.opaque<"XAie_DevInst">>
      %78 = emitc.call @XAie_StrmConnCctEnable(%77, %76, %16, %21, %11, %24) : (!emitc.ptr<!emitc.opaque<"XAie_DevInst">>, !emitc.opaque<"XAie_LocType">, !emitc.ptr<i8>, i32, !emitc.ptr<i8>, i32) -> i32
      %79 = emitc.call @XAie_TileLoc(%21, %22) : (i32, i32) -> !emitc.opaque<"XAie_LocType">
      %80 = emitc.call @getOrCreateDeviceInstance() : () -> !emitc.ptr<!emitc.opaque<"XAie_DevInst">>
      %81 = emitc.call @XAie_StrmConnCctEnable(%80, %79, %16, %21, %18, %22) : (!emitc.ptr<!emitc.opaque<"XAie_DevInst">>, !emitc.opaque<"XAie_LocType">, !emitc.ptr<i8>, i32, !emitc.ptr<i8>, i32) -> i32
      %82 = emitc.call @XAie_TileLoc(%13, %22) : (i32, i32) -> !emitc.opaque<"XAie_LocType">
      %83 = emitc.call @getOrCreateDeviceInstance() : () -> !emitc.ptr<!emitc.opaque<"XAie_DevInst">>
      %84 = emitc.call @XAie_StrmConnCctEnable(%83, %82, %12, %24, %11, %24) : (!emitc.ptr<!emitc.opaque<"XAie_DevInst">>, !emitc.opaque<"XAie_LocType">, !emitc.ptr<i8>, i32, !emitc.ptr<i8>, i32) -> i32
      %85 = emitc.call @XAie_TileLoc(%13, %22) : (i32, i32) -> !emitc.opaque<"XAie_LocType">
      %86 = emitc.call @getOrCreateDeviceInstance() : () -> !emitc.ptr<!emitc.opaque<"XAie_DevInst">>
      %87 = emitc.call @XAie_StrmConnCctEnable(%86, %85, %12, %24, %18, %22) : (!emitc.ptr<!emitc.opaque<"XAie_DevInst">>, !emitc.opaque<"XAie_LocType">, !emitc.ptr<i8>, i32, !emitc.ptr<i8>, i32) -> i32
      %88 = emitc.call @XAie_TileLoc(%10, %22) : (i32, i32) -> !emitc.opaque<"XAie_LocType">
      %89 = emitc.call @getOrCreateDeviceInstance() : () -> !emitc.ptr<!emitc.opaque<"XAie_DevInst">>
      %90 = emitc.call @XAie_StrmConnCctEnable(%89, %88, %12, %24, %11, %24) : (!emitc.ptr<!emitc.opaque<"XAie_DevInst">>, !emitc.opaque<"XAie_LocType">, !emitc.ptr<i8>, i32, !emitc.ptr<i8>, i32) -> i32
      %91 = emitc.call @XAie_TileLoc(%10, %22) : (i32, i32) -> !emitc.opaque<"XAie_LocType">
      %92 = emitc.call @getOrCreateDeviceInstance() : () -> !emitc.ptr<!emitc.opaque<"XAie_DevInst">>
      %93 = emitc.call @XAie_StrmConnCctEnable(%92, %91, %12, %24, %18, %22) : (!emitc.ptr<!emitc.opaque<"XAie_DevInst">>, !emitc.opaque<"XAie_LocType">, !emitc.ptr<i8>, i32, !emitc.ptr<i8>, i32) -> i32
      %94 = emitc.call @XAie_TileLoc(%9, %22) : (i32, i32) -> !emitc.opaque<"XAie_LocType">
      %95 = emitc.call @getOrCreateDeviceInstance() : () -> !emitc.ptr<!emitc.opaque<"XAie_DevInst">>
      %96 = emitc.call @XAie_StrmConnCctEnable(%95, %94, %12, %24, %18, %22) : (!emitc.ptr<!emitc.opaque<"XAie_DevInst">>, !emitc.opaque<"XAie_LocType">, !emitc.ptr<i8>, i32, !emitc.ptr<i8>, i32) -> i32
    }
    emitc.verbatim "\0A//round is 3 hw split in : col -----------"
    emitc.if %20 {
      %25 = emitc.call @XAie_TileLoc(%24, %0) : (i32, i32) -> !emitc.opaque<"XAie_LocType">
      %26 = emitc.call @getOrCreateDeviceInstance() : () -> !emitc.ptr<!emitc.opaque<"XAie_DevInst">>
      %27 = emitc.call @XAie_EnableShimDmaToAieStrmPort(%26, %25, %8) : (!emitc.ptr<!emitc.opaque<"XAie_DevInst">>, !emitc.opaque<"XAie_LocType">, i32) -> i32
      %28 = emitc.call @XAie_TileLoc(%24, %0) : (i32, i32) -> !emitc.opaque<"XAie_LocType">
      %29 = emitc.call @getOrCreateDeviceInstance() : () -> !emitc.ptr<!emitc.opaque<"XAie_DevInst">>
      %30 = emitc.call @XAie_StrmConnCctEnable(%29, %28, %12, %8, %11, %23) : (!emitc.ptr<!emitc.opaque<"XAie_DevInst">>, !emitc.opaque<"XAie_LocType">, !emitc.ptr<i8>, i32, !emitc.ptr<i8>, i32) -> i32
      %31 = emitc.call @XAie_TileLoc(%23, %0) : (i32, i32) -> !emitc.opaque<"XAie_LocType">
      %32 = emitc.call @getOrCreateDeviceInstance() : () -> !emitc.ptr<!emitc.opaque<"XAie_DevInst">>
      %33 = emitc.call @XAie_StrmConnCctEnable(%32, %31, %12, %23, %11, %23) : (!emitc.ptr<!emitc.opaque<"XAie_DevInst">>, !emitc.opaque<"XAie_LocType">, !emitc.ptr<i8>, i32, !emitc.ptr<i8>, i32) -> i32
      %34 = emitc.call @XAie_TileLoc(%22, %0) : (i32, i32) -> !emitc.opaque<"XAie_LocType">
      %35 = emitc.call @getOrCreateDeviceInstance() : () -> !emitc.ptr<!emitc.opaque<"XAie_DevInst">>
      %36 = emitc.call @XAie_StrmConnCctEnable(%35, %34, %12, %23, %14, %24) : (!emitc.ptr<!emitc.opaque<"XAie_DevInst">>, !emitc.opaque<"XAie_LocType">, !emitc.ptr<i8>, i32, !emitc.ptr<i8>, i32) -> i32
      %37 = emitc.call @XAie_TileLoc(%22, %7) : (i32, i32) -> !emitc.opaque<"XAie_LocType">
      %38 = emitc.call @getOrCreateDeviceInstance() : () -> !emitc.ptr<!emitc.opaque<"XAie_DevInst">>
      %39 = emitc.call @XAie_StrmConnCctEnable(%38, %37, %16, %24, %14, %24) : (!emitc.ptr<!emitc.opaque<"XAie_DevInst">>, !emitc.opaque<"XAie_LocType">, !emitc.ptr<i8>, i32, !emitc.ptr<i8>, i32) -> i32
      %40 = emitc.call @XAie_TileLoc(%22, %6) : (i32, i32) -> !emitc.opaque<"XAie_LocType">
      %41 = emitc.call @getOrCreateDeviceInstance() : () -> !emitc.ptr<!emitc.opaque<"XAie_DevInst">>
      %42 = emitc.call @XAie_StrmConnCctEnable(%41, %40, %16, %24, %14, %24) : (!emitc.ptr<!emitc.opaque<"XAie_DevInst">>, !emitc.opaque<"XAie_LocType">, !emitc.ptr<i8>, i32, !emitc.ptr<i8>, i32) -> i32
      %43 = emitc.call @XAie_TileLoc(%22, %5) : (i32, i32) -> !emitc.opaque<"XAie_LocType">
      %44 = emitc.call @getOrCreateDeviceInstance() : () -> !emitc.ptr<!emitc.opaque<"XAie_DevInst">>
      %45 = emitc.call @XAie_StrmConnCctEnable(%44, %43, %16, %24, %14, %24) : (!emitc.ptr<!emitc.opaque<"XAie_DevInst">>, !emitc.opaque<"XAie_LocType">, !emitc.ptr<i8>, i32, !emitc.ptr<i8>, i32) -> i32
      %46 = emitc.call @XAie_TileLoc(%22, %4) : (i32, i32) -> !emitc.opaque<"XAie_LocType">
      %47 = emitc.call @getOrCreateDeviceInstance() : () -> !emitc.ptr<!emitc.opaque<"XAie_DevInst">>
      %48 = emitc.call @XAie_StrmConnCctEnable(%47, %46, %16, %24, %14, %24) : (!emitc.ptr<!emitc.opaque<"XAie_DevInst">>, !emitc.opaque<"XAie_LocType">, !emitc.ptr<i8>, i32, !emitc.ptr<i8>, i32) -> i32
      %49 = emitc.call @XAie_TileLoc(%22, %3) : (i32, i32) -> !emitc.opaque<"XAie_LocType">
      %50 = emitc.call @getOrCreateDeviceInstance() : () -> !emitc.ptr<!emitc.opaque<"XAie_DevInst">>
      %51 = emitc.call @XAie_StrmConnCctEnable(%50, %49, %16, %24, %14, %24) : (!emitc.ptr<!emitc.opaque<"XAie_DevInst">>, !emitc.opaque<"XAie_LocType">, !emitc.ptr<i8>, i32, !emitc.ptr<i8>, i32) -> i32
      %52 = emitc.call @XAie_TileLoc(%22, %2) : (i32, i32) -> !emitc.opaque<"XAie_LocType">
      %53 = emitc.call @getOrCreateDeviceInstance() : () -> !emitc.ptr<!emitc.opaque<"XAie_DevInst">>
      %54 = emitc.call @XAie_StrmConnCctEnable(%53, %52, %16, %24, %14, %24) : (!emitc.ptr<!emitc.opaque<"XAie_DevInst">>, !emitc.opaque<"XAie_LocType">, !emitc.ptr<i8>, i32, !emitc.ptr<i8>, i32) -> i32
      %55 = emitc.call @XAie_TileLoc(%22, %1) : (i32, i32) -> !emitc.opaque<"XAie_LocType">
      %56 = emitc.call @getOrCreateDeviceInstance() : () -> !emitc.ptr<!emitc.opaque<"XAie_DevInst">>
      %57 = emitc.call @XAie_StrmConnCctEnable(%56, %55, %16, %24, %14, %24) : (!emitc.ptr<!emitc.opaque<"XAie_DevInst">>, !emitc.opaque<"XAie_LocType">, !emitc.ptr<i8>, i32, !emitc.ptr<i8>, i32) -> i32
      %58 = emitc.call @XAie_TileLoc(%22, %8) : (i32, i32) -> !emitc.opaque<"XAie_LocType">
      %59 = emitc.call @getOrCreateDeviceInstance() : () -> !emitc.ptr<!emitc.opaque<"XAie_DevInst">>
      %60 = emitc.call @XAie_StrmConnCctEnable(%59, %58, %16, %24, %14, %24) : (!emitc.ptr<!emitc.opaque<"XAie_DevInst">>, !emitc.opaque<"XAie_LocType">, !emitc.ptr<i8>, i32, !emitc.ptr<i8>, i32) -> i32
      %61 = emitc.call @XAie_TileLoc(%22, %9) : (i32, i32) -> !emitc.opaque<"XAie_LocType">
      %62 = emitc.call @getOrCreateDeviceInstance() : () -> !emitc.ptr<!emitc.opaque<"XAie_DevInst">>
      %63 = emitc.call @XAie_StrmConnCctEnable(%62, %61, %16, %24, %14, %24) : (!emitc.ptr<!emitc.opaque<"XAie_DevInst">>, !emitc.opaque<"XAie_LocType">, !emitc.ptr<i8>, i32, !emitc.ptr<i8>, i32) -> i32
      %64 = emitc.call @XAie_TileLoc(%22, %10) : (i32, i32) -> !emitc.opaque<"XAie_LocType">
      %65 = emitc.call @getOrCreateDeviceInstance() : () -> !emitc.ptr<!emitc.opaque<"XAie_DevInst">>
      %66 = emitc.call @XAie_StrmConnCctEnable(%65, %64, %16, %24, %14, %24) : (!emitc.ptr<!emitc.opaque<"XAie_DevInst">>, !emitc.opaque<"XAie_LocType">, !emitc.ptr<i8>, i32, !emitc.ptr<i8>, i32) -> i32
      %67 = emitc.call @XAie_TileLoc(%22, %13) : (i32, i32) -> !emitc.opaque<"XAie_LocType">
      %68 = emitc.call @getOrCreateDeviceInstance() : () -> !emitc.ptr<!emitc.opaque<"XAie_DevInst">>
      %69 = emitc.call @XAie_StrmConnCctEnable(%68, %67, %16, %24, %14, %24) : (!emitc.ptr<!emitc.opaque<"XAie_DevInst">>, !emitc.opaque<"XAie_LocType">, !emitc.ptr<i8>, i32, !emitc.ptr<i8>, i32) -> i32
      %70 = emitc.call @XAie_TileLoc(%22, %21) : (i32, i32) -> !emitc.opaque<"XAie_LocType">
      %71 = emitc.call @getOrCreateDeviceInstance() : () -> !emitc.ptr<!emitc.opaque<"XAie_DevInst">>
      %72 = emitc.call @XAie_StrmConnCctEnable(%71, %70, %16, %24, %11, %24) : (!emitc.ptr<!emitc.opaque<"XAie_DevInst">>, !emitc.opaque<"XAie_LocType">, !emitc.ptr<i8>, i32, !emitc.ptr<i8>, i32) -> i32
      %73 = emitc.call @XAie_TileLoc(%21, %21) : (i32, i32) -> !emitc.opaque<"XAie_LocType">
      %74 = emitc.call @getOrCreateDeviceInstance() : () -> !emitc.ptr<!emitc.opaque<"XAie_DevInst">>
      %75 = emitc.call @XAie_StrmConnCctEnable(%74, %73, %12, %24, %11, %24) : (!emitc.ptr<!emitc.opaque<"XAie_DevInst">>, !emitc.opaque<"XAie_LocType">, !emitc.ptr<i8>, i32, !emitc.ptr<i8>, i32) -> i32
      %76 = emitc.call @XAie_TileLoc(%21, %21) : (i32, i32) -> !emitc.opaque<"XAie_LocType">
      %77 = emitc.call @getOrCreateDeviceInstance() : () -> !emitc.ptr<!emitc.opaque<"XAie_DevInst">>
      %78 = emitc.call @XAie_StrmConnCctEnable(%77, %76, %12, %24, %18, %22) : (!emitc.ptr<!emitc.opaque<"XAie_DevInst">>, !emitc.opaque<"XAie_LocType">, !emitc.ptr<i8>, i32, !emitc.ptr<i8>, i32) -> i32
      %79 = emitc.call @XAie_TileLoc(%13, %21) : (i32, i32) -> !emitc.opaque<"XAie_LocType">
      %80 = emitc.call @getOrCreateDeviceInstance() : () -> !emitc.ptr<!emitc.opaque<"XAie_DevInst">>
      %81 = emitc.call @XAie_StrmConnCctEnable(%80, %79, %12, %24, %11, %24) : (!emitc.ptr<!emitc.opaque<"XAie_DevInst">>, !emitc.opaque<"XAie_LocType">, !emitc.ptr<i8>, i32, !emitc.ptr<i8>, i32) -> i32
      %82 = emitc.call @XAie_TileLoc(%13, %21) : (i32, i32) -> !emitc.opaque<"XAie_LocType">
      %83 = emitc.call @getOrCreateDeviceInstance() : () -> !emitc.ptr<!emitc.opaque<"XAie_DevInst">>
      %84 = emitc.call @XAie_StrmConnCctEnable(%83, %82, %12, %24, %18, %22) : (!emitc.ptr<!emitc.opaque<"XAie_DevInst">>, !emitc.opaque<"XAie_LocType">, !emitc.ptr<i8>, i32, !emitc.ptr<i8>, i32) -> i32
      %85 = emitc.call @XAie_TileLoc(%10, %21) : (i32, i32) -> !emitc.opaque<"XAie_LocType">
      %86 = emitc.call @getOrCreateDeviceInstance() : () -> !emitc.ptr<!emitc.opaque<"XAie_DevInst">>
      %87 = emitc.call @XAie_StrmConnCctEnable(%86, %85, %12, %24, %11, %24) : (!emitc.ptr<!emitc.opaque<"XAie_DevInst">>, !emitc.opaque<"XAie_LocType">, !emitc.ptr<i8>, i32, !emitc.ptr<i8>, i32) -> i32
      %88 = emitc.call @XAie_TileLoc(%10, %21) : (i32, i32) -> !emitc.opaque<"XAie_LocType">
      %89 = emitc.call @getOrCreateDeviceInstance() : () -> !emitc.ptr<!emitc.opaque<"XAie_DevInst">>
      %90 = emitc.call @XAie_StrmConnCctEnable(%89, %88, %12, %24, %18, %22) : (!emitc.ptr<!emitc.opaque<"XAie_DevInst">>, !emitc.opaque<"XAie_LocType">, !emitc.ptr<i8>, i32, !emitc.ptr<i8>, i32) -> i32
      %91 = emitc.call @XAie_TileLoc(%9, %21) : (i32, i32) -> !emitc.opaque<"XAie_LocType">
      %92 = emitc.call @getOrCreateDeviceInstance() : () -> !emitc.ptr<!emitc.opaque<"XAie_DevInst">>
      %93 = emitc.call @XAie_StrmConnCctEnable(%92, %91, %12, %24, %18, %22) : (!emitc.ptr<!emitc.opaque<"XAie_DevInst">>, !emitc.opaque<"XAie_LocType">, !emitc.ptr<i8>, i32, !emitc.ptr<i8>, i32) -> i32
    }
    emitc.verbatim "\0A} //----routing creation in col ----end-------\0A"
    return
  }
}
// -----// IR Dump After RoutingDeadArgPass: //----- //
module attributes {codegen.headers = ["stdint.h", "stdio.h", "custom_lib.h"]} {
  emitc.include <"xaiengine.h">
  emitc.func private @XAie_TileLoc(i32, i32) -> !emitc.opaque<"XAie_LocType">
  emitc.func private @XAie_Packet(i32, i32) -> !emitc.opaque<"XAie_Packet">
  emitc.func private @getOrCreateDeviceInstance() -> !emitc.ptr<!emitc.opaque<"XAie_DevInst">>
  emitc.func private @XAie_EnableShimDmaToAieStrmPort(!emitc.ptr<!emitc.opaque<"XAie_DevInst">>, !emitc.opaque<"XAie_LocType">, i32) -> i32
  emitc.func private @XAie_EnableAieToShimDmaStrmPort(!emitc.ptr<!emitc.opaque<"XAie_DevInst">>, !emitc.opaque<"XAie_LocType">, i32) -> i32
  emitc.func private @XAie_StrmConnCctEnable(!emitc.ptr<!emitc.opaque<"XAie_DevInst">>, !emitc.opaque<"XAie_LocType">, !emitc.ptr<i8>, i32, !emitc.ptr<i8>, i32) -> i32
  emitc.func private @XAie_StrmPktSwSlaveSlotEnable(!emitc.ptr<!emitc.opaque<"XAie_DevInst">>, !emitc.opaque<"XAie_LocType">, !emitc.ptr<i8>, i32, i32, !emitc.opaque<"XAie_Packet">, i32, i32, i32) -> i32
  emitc.func private @XAie_StrmPktSwMstrPortEnable(!emitc.ptr<!emitc.opaque<"XAie_DevInst">>, !emitc.opaque<"XAie_LocType">, !emitc.ptr<i8>, i32, !emitc.ptr<i8>, i32, i32) -> i32
  func.func @main() {
    %0 = "emitc.constant"() <{value = 15 : i32}> : () -> i32
    %1 = "emitc.constant"() <{value = 8 : i32}> : () -> i32
    %2 = "emitc.constant"() <{value = 9 : i32}> : () -> i32
    %3 = "emitc.constant"() <{value = 10 : i32}> : () -> i32
    %4 = "emitc.constant"() <{value = 11 : i32}> : () -> i32
    %5 = "emitc.constant"() <{value = 12 : i32}> : () -> i32
    %6 = "emitc.constant"() <{value = 13 : i32}> : () -> i32
    %7 = "emitc.constant"() <{value = 14 : i32}> : () -> i32
    %8 = "emitc.constant"() <{value = 7 : i32}> : () -> i32
    %9 = "emitc.constant"() <{value = 6 : i32}> : () -> i32
    %10 = "emitc.constant"() <{value = 5 : i32}> : () -> i32
    %11 = "emitc.constant"() <{value = #emitc.opaque<"NORTH">}> : () -> !emitc.ptr<i8>
    %12 = "emitc.constant"() <{value = #emitc.opaque<"SOUTH">}> : () -> !emitc.ptr<i8>
    %13 = "emitc.constant"() <{value = 4 : i32}> : () -> i32
    %14 = "emitc.constant"() <{value = #emitc.opaque<"WEST">}> : () -> !emitc.ptr<i8>
    %15 = "emitc.constant"() <{value = #emitc.opaque<"XAIE_SS_PKT_DROP_HEADER">}> : () -> !emitc.ptr<i8>
    %16 = "emitc.constant"() <{value = #emitc.opaque<"EAST">}> : () -> !emitc.ptr<i8>
    %17 = "emitc.constant"() <{value = 31 : i32}> : () -> i32
    %18 = "emitc.constant"() <{value = #emitc.opaque<"DMA">}> : () -> !emitc.ptr<i8>
    %19 = "emitc.constant"() <{value = #emitc.opaque<"NONE">}> : () -> !emitc.ptr<i8>
    %20 = "emitc.constant"() <{value = true}> : () -> i1
    %21 = "emitc.constant"() <{value = 3 : i32}> : () -> i32
    %22 = "emitc.constant"() <{value = 2 : i32}> : () -> i32
    %23 = "emitc.constant"() <{value = 1 : i32}> : () -> i32
    %24 = "emitc.constant"() <{value = 0 : i32}> : () -> i32
    emitc.verbatim "\0A{ //----routing creation in row ----start-------"
    emitc.verbatim "\0A//round is 0 hw split in : row -----------"
    emitc.if %20 {
      %25 = emitc.call @XAie_TileLoc(%21, %24) : (i32, i32) -> !emitc.opaque<"XAie_LocType">
      %26 = emitc.call @getOrCreateDeviceInstance() : () -> !emitc.ptr<!emitc.opaque<"XAie_DevInst">>
      %27 = emitc.call @XAie_Packet(%24, %24) : (i32, i32) -> !emitc.opaque<"XAie_Packet">
      %28 = emitc.call @XAie_Packet(%23, %24) : (i32, i32) -> !emitc.opaque<"XAie_Packet">
      %29 = emitc.call @XAie_StrmPktSwSlaveSlotEnable(%26, %25, %18, %24, %24, %28, %17, %24, %24) : (!emitc.ptr<!emitc.opaque<"XAie_DevInst">>, !emitc.opaque<"XAie_LocType">, !emitc.ptr<i8>, i32, i32, !emitc.opaque<"XAie_Packet">, i32, i32, i32) -> i32
      %30 = emitc.call @XAie_StrmPktSwMstrPortEnable(%26, %25, %16, %24, %15, %24, %23) : (!emitc.ptr<!emitc.opaque<"XAie_DevInst">>, !emitc.opaque<"XAie_LocType">, !emitc.ptr<i8>, i32, !emitc.ptr<i8>, i32, i32) -> i32
      %31 = emitc.call @XAie_TileLoc(%21, %23) : (i32, i32) -> !emitc.opaque<"XAie_LocType">
      %32 = emitc.call @getOrCreateDeviceInstance() : () -> !emitc.ptr<!emitc.opaque<"XAie_DevInst">>
      %33 = emitc.call @XAie_Packet(%24, %24) : (i32, i32) -> !emitc.opaque<"XAie_Packet">
      %34 = emitc.call @XAie_Packet(%22, %24) : (i32, i32) -> !emitc.opaque<"XAie_Packet">
      %35 = emitc.call @XAie_StrmPktSwSlaveSlotEnable(%32, %31, %14, %24, %24, %33, %24, %24, %24) : (!emitc.ptr<!emitc.opaque<"XAie_DevInst">>, !emitc.opaque<"XAie_LocType">, !emitc.ptr<i8>, i32, i32, !emitc.opaque<"XAie_Packet">, i32, i32, i32) -> i32
      %36 = emitc.call @XAie_StrmPktSwSlaveSlotEnable(%32, %31, %18, %24, %24, %34, %17, %24, %24) : (!emitc.ptr<!emitc.opaque<"XAie_DevInst">>, !emitc.opaque<"XAie_LocType">, !emitc.ptr<i8>, i32, i32, !emitc.opaque<"XAie_Packet">, i32, i32, i32) -> i32
      %37 = emitc.call @XAie_StrmPktSwMstrPortEnable(%32, %31, %16, %24, %15, %24, %23) : (!emitc.ptr<!emitc.opaque<"XAie_DevInst">>, !emitc.opaque<"XAie_LocType">, !emitc.ptr<i8>, i32, !emitc.ptr<i8>, i32, i32) -> i32
      %38 = emitc.call @XAie_TileLoc(%21, %22) : (i32, i32) -> !emitc.opaque<"XAie_LocType">
      %39 = emitc.call @getOrCreateDeviceInstance() : () -> !emitc.ptr<!emitc.opaque<"XAie_DevInst">>
      %40 = emitc.call @XAie_Packet(%24, %24) : (i32, i32) -> !emitc.opaque<"XAie_Packet">
      %41 = emitc.call @XAie_Packet(%21, %24) : (i32, i32) -> !emitc.opaque<"XAie_Packet">
      %42 = emitc.call @XAie_StrmPktSwSlaveSlotEnable(%39, %38, %14, %24, %24, %40, %24, %24, %24) : (!emitc.ptr<!emitc.opaque<"XAie_DevInst">>, !emitc.opaque<"XAie_LocType">, !emitc.ptr<i8>, i32, i32, !emitc.opaque<"XAie_Packet">, i32, i32, i32) -> i32
      %43 = emitc.call @XAie_StrmPktSwSlaveSlotEnable(%39, %38, %18, %24, %24, %41, %17, %24, %24) : (!emitc.ptr<!emitc.opaque<"XAie_DevInst">>, !emitc.opaque<"XAie_LocType">, !emitc.ptr<i8>, i32, i32, !emitc.opaque<"XAie_Packet">, i32, i32, i32) -> i32
      %44 = emitc.call @XAie_StrmPktSwMstrPortEnable(%39, %38, %16, %24, %15, %24, %23) : (!emitc.ptr<!emitc.opaque<"XAie_DevInst">>, !emitc.opaque<"XAie_LocType">, !emitc.ptr<i8>, i32, !emitc.ptr<i8>, i32, i32) -> i32
      %45 = emitc.call @XAie_TileLoc(%21, %21) : (i32, i32) -> !emitc.opaque<"XAie_LocType">
      %46 = emitc.call @getOrCreateDeviceInstance() : () -> !emitc.ptr<!emitc.opaque<"XAie_DevInst">>
      %47 = emitc.call @XAie_Packet(%24, %24) : (i32, i32) -> !emitc.opaque<"XAie_Packet">
      %48 = emitc.call @XAie_Packet(%13, %24) : (i32, i32) -> !emitc.opaque<"XAie_Packet">
      %49 = emitc.call @XAie_StrmPktSwSlaveSlotEnable(%46, %45, %14, %24, %24, %47, %24, %24, %24) : (!emitc.ptr<!emitc.opaque<"XAie_DevInst">>, !emitc.opaque<"XAie_LocType">, !emitc.ptr<i8>, i32, i32, !emitc.opaque<"XAie_Packet">, i32, i32, i32) -> i32
      %50 = emitc.call @XAie_StrmPktSwSlaveSlotEnable(%46, %45, %18, %24, %24, %48, %17, %24, %24) : (!emitc.ptr<!emitc.opaque<"XAie_DevInst">>, !emitc.opaque<"XAie_LocType">, !emitc.ptr<i8>, i32, i32, !emitc.opaque<"XAie_Packet">, i32, i32, i32) -> i32
      %51 = emitc.call @XAie_TileLoc(%21, %21) : (i32, i32) -> !emitc.opaque<"XAie_LocType">
      %52 = emitc.call @getOrCreateDeviceInstance() : () -> !emitc.ptr<!emitc.opaque<"XAie_DevInst">>
      %53 = emitc.call @XAie_Packet(%24, %24) : (i32, i32) -> !emitc.opaque<"XAie_Packet">
      %54 = emitc.call @XAie_Packet(%24, %24) : (i32, i32) -> !emitc.opaque<"XAie_Packet">
      %55 = emitc.call @XAie_StrmPktSwMstrPortEnable(%52, %51, %12, %24, %15, %24, %23) : (!emitc.ptr<!emitc.opaque<"XAie_DevInst">>, !emitc.opaque<"XAie_LocType">, !emitc.ptr<i8>, i32, !emitc.ptr<i8>, i32, i32) -> i32
      %56 = emitc.call @XAie_TileLoc(%22, %21) : (i32, i32) -> !emitc.opaque<"XAie_LocType">
      %57 = emitc.call @getOrCreateDeviceInstance() : () -> !emitc.ptr<!emitc.opaque<"XAie_DevInst">>
      %58 = emitc.call @XAie_StrmConnCctEnable(%57, %56, %11, %24, %12, %24) : (!emitc.ptr<!emitc.opaque<"XAie_DevInst">>, !emitc.opaque<"XAie_LocType">, !emitc.ptr<i8>, i32, !emitc.ptr<i8>, i32) -> i32
      %59 = emitc.call @XAie_TileLoc(%23, %21) : (i32, i32) -> !emitc.opaque<"XAie_LocType">
      %60 = emitc.call @getOrCreateDeviceInstance() : () -> !emitc.ptr<!emitc.opaque<"XAie_DevInst">>
      %61 = emitc.call @XAie_StrmConnCctEnable(%60, %59, %11, %24, %12, %24) : (!emitc.ptr<!emitc.opaque<"XAie_DevInst">>, !emitc.opaque<"XAie_LocType">, !emitc.ptr<i8>, i32, !emitc.ptr<i8>, i32) -> i32
      %62 = emitc.call @XAie_TileLoc(%24, %21) : (i32, i32) -> !emitc.opaque<"XAie_LocType">
      %63 = emitc.call @getOrCreateDeviceInstance() : () -> !emitc.ptr<!emitc.opaque<"XAie_DevInst">>
      %64 = emitc.call @XAie_EnableAieToShimDmaStrmPort(%63, %62, %22) : (!emitc.ptr<!emitc.opaque<"XAie_DevInst">>, !emitc.opaque<"XAie_LocType">, i32) -> i32
      %65 = emitc.call @XAie_TileLoc(%24, %21) : (i32, i32) -> !emitc.opaque<"XAie_LocType">
      %66 = emitc.call @getOrCreateDeviceInstance() : () -> !emitc.ptr<!emitc.opaque<"XAie_DevInst">>
      %67 = emitc.call @XAie_StrmConnCctEnable(%66, %65, %12, %22, %12, %22) : (!emitc.ptr<!emitc.opaque<"XAie_DevInst">>, !emitc.opaque<"XAie_LocType">, !emitc.ptr<i8>, i32, !emitc.ptr<i8>, i32) -> i32
    }
    emitc.verbatim "\0A//round is 1 hw split in : row -----------"
    emitc.if %20 {
      %25 = emitc.call @XAie_TileLoc(%13, %24) : (i32, i32) -> !emitc.opaque<"XAie_LocType">
      %26 = emitc.call @getOrCreateDeviceInstance() : () -> !emitc.ptr<!emitc.opaque<"XAie_DevInst">>
      %27 = emitc.call @XAie_Packet(%24, %24) : (i32, i32) -> !emitc.opaque<"XAie_Packet">
      %28 = emitc.call @XAie_Packet(%23, %24) : (i32, i32) -> !emitc.opaque<"XAie_Packet">
      %29 = emitc.call @XAie_StrmPktSwSlaveSlotEnable(%26, %25, %18, %24, %24, %28, %17, %24, %24) : (!emitc.ptr<!emitc.opaque<"XAie_DevInst">>, !emitc.opaque<"XAie_LocType">, !emitc.ptr<i8>, i32, i32, !emitc.opaque<"XAie_Packet">, i32, i32, i32) -> i32
      %30 = emitc.call @XAie_StrmPktSwMstrPortEnable(%26, %25, %16, %24, %15, %24, %23) : (!emitc.ptr<!emitc.opaque<"XAie_DevInst">>, !emitc.opaque<"XAie_LocType">, !emitc.ptr<i8>, i32, !emitc.ptr<i8>, i32, i32) -> i32
      %31 = emitc.call @XAie_TileLoc(%13, %23) : (i32, i32) -> !emitc.opaque<"XAie_LocType">
      %32 = emitc.call @getOrCreateDeviceInstance() : () -> !emitc.ptr<!emitc.opaque<"XAie_DevInst">>
      %33 = emitc.call @XAie_Packet(%24, %24) : (i32, i32) -> !emitc.opaque<"XAie_Packet">
      %34 = emitc.call @XAie_Packet(%22, %24) : (i32, i32) -> !emitc.opaque<"XAie_Packet">
      %35 = emitc.call @XAie_StrmPktSwSlaveSlotEnable(%32, %31, %14, %24, %24, %33, %24, %24, %24) : (!emitc.ptr<!emitc.opaque<"XAie_DevInst">>, !emitc.opaque<"XAie_LocType">, !emitc.ptr<i8>, i32, i32, !emitc.opaque<"XAie_Packet">, i32, i32, i32) -> i32
      %36 = emitc.call @XAie_StrmPktSwSlaveSlotEnable(%32, %31, %18, %24, %24, %34, %17, %24, %24) : (!emitc.ptr<!emitc.opaque<"XAie_DevInst">>, !emitc.opaque<"XAie_LocType">, !emitc.ptr<i8>, i32, i32, !emitc.opaque<"XAie_Packet">, i32, i32, i32) -> i32
      %37 = emitc.call @XAie_StrmPktSwMstrPortEnable(%32, %31, %16, %24, %15, %24, %23) : (!emitc.ptr<!emitc.opaque<"XAie_DevInst">>, !emitc.opaque<"XAie_LocType">, !emitc.ptr<i8>, i32, !emitc.ptr<i8>, i32, i32) -> i32
      %38 = emitc.call @XAie_TileLoc(%13, %22) : (i32, i32) -> !emitc.opaque<"XAie_LocType">
      %39 = emitc.call @getOrCreateDeviceInstance() : () -> !emitc.ptr<!emitc.opaque<"XAie_DevInst">>
      %40 = emitc.call @XAie_Packet(%24, %24) : (i32, i32) -> !emitc.opaque<"XAie_Packet">
      %41 = emitc.call @XAie_Packet(%21, %24) : (i32, i32) -> !emitc.opaque<"XAie_Packet">
      %42 = emitc.call @XAie_StrmPktSwSlaveSlotEnable(%39, %38, %14, %24, %24, %40, %24, %24, %24) : (!emitc.ptr<!emitc.opaque<"XAie_DevInst">>, !emitc.opaque<"XAie_LocType">, !emitc.ptr<i8>, i32, i32, !emitc.opaque<"XAie_Packet">, i32, i32, i32) -> i32
      %43 = emitc.call @XAie_StrmPktSwSlaveSlotEnable(%39, %38, %18, %24, %24, %41, %17, %24, %24) : (!emitc.ptr<!emitc.opaque<"XAie_DevInst">>, !emitc.opaque<"XAie_LocType">, !emitc.ptr<i8>, i32, i32, !emitc.opaque<"XAie_Packet">, i32, i32, i32) -> i32
      %44 = emitc.call @XAie_StrmPktSwMstrPortEnable(%39, %38, %16, %24, %15, %24, %23) : (!emitc.ptr<!emitc.opaque<"XAie_DevInst">>, !emitc.opaque<"XAie_LocType">, !emitc.ptr<i8>, i32, !emitc.ptr<i8>, i32, i32) -> i32
      %45 = emitc.call @XAie_TileLoc(%13, %21) : (i32, i32) -> !emitc.opaque<"XAie_LocType">
      %46 = emitc.call @getOrCreateDeviceInstance() : () -> !emitc.ptr<!emitc.opaque<"XAie_DevInst">>
      %47 = emitc.call @XAie_Packet(%24, %24) : (i32, i32) -> !emitc.opaque<"XAie_Packet">
      %48 = emitc.call @XAie_Packet(%13, %24) : (i32, i32) -> !emitc.opaque<"XAie_Packet">
      %49 = emitc.call @XAie_StrmPktSwSlaveSlotEnable(%46, %45, %14, %24, %24, %47, %24, %24, %24) : (!emitc.ptr<!emitc.opaque<"XAie_DevInst">>, !emitc.opaque<"XAie_LocType">, !emitc.ptr<i8>, i32, i32, !emitc.opaque<"XAie_Packet">, i32, i32, i32) -> i32
      %50 = emitc.call @XAie_StrmPktSwSlaveSlotEnable(%46, %45, %18, %24, %24, %48, %17, %24, %24) : (!emitc.ptr<!emitc.opaque<"XAie_DevInst">>, !emitc.opaque<"XAie_LocType">, !emitc.ptr<i8>, i32, i32, !emitc.opaque<"XAie_Packet">, i32, i32, i32) -> i32
      %51 = emitc.call @XAie_TileLoc(%13, %21) : (i32, i32) -> !emitc.opaque<"XAie_LocType">
      %52 = emitc.call @getOrCreateDeviceInstance() : () -> !emitc.ptr<!emitc.opaque<"XAie_DevInst">>
      %53 = emitc.call @XAie_Packet(%24, %24) : (i32, i32) -> !emitc.opaque<"XAie_Packet">
      %54 = emitc.call @XAie_Packet(%24, %24) : (i32, i32) -> !emitc.opaque<"XAie_Packet">
      %55 = emitc.call @XAie_StrmPktSwMstrPortEnable(%52, %51, %12, %24, %15, %24, %23) : (!emitc.ptr<!emitc.opaque<"XAie_DevInst">>, !emitc.opaque<"XAie_LocType">, !emitc.ptr<i8>, i32, !emitc.ptr<i8>, i32, i32) -> i32
      %56 = emitc.call @XAie_TileLoc(%21, %21) : (i32, i32) -> !emitc.opaque<"XAie_LocType">
      %57 = emitc.call @getOrCreateDeviceInstance() : () -> !emitc.ptr<!emitc.opaque<"XAie_DevInst">>
      %58 = emitc.call @XAie_StrmConnCctEnable(%57, %56, %11, %24, %12, %23) : (!emitc.ptr<!emitc.opaque<"XAie_DevInst">>, !emitc.opaque<"XAie_LocType">, !emitc.ptr<i8>, i32, !emitc.ptr<i8>, i32) -> i32
      %59 = emitc.call @XAie_TileLoc(%22, %21) : (i32, i32) -> !emitc.opaque<"XAie_LocType">
      %60 = emitc.call @getOrCreateDeviceInstance() : () -> !emitc.ptr<!emitc.opaque<"XAie_DevInst">>
      %61 = emitc.call @XAie_StrmConnCctEnable(%60, %59, %11, %23, %12, %23) : (!emitc.ptr<!emitc.opaque<"XAie_DevInst">>, !emitc.opaque<"XAie_LocType">, !emitc.ptr<i8>, i32, !emitc.ptr<i8>, i32) -> i32
      %62 = emitc.call @XAie_TileLoc(%23, %21) : (i32, i32) -> !emitc.opaque<"XAie_LocType">
      %63 = emitc.call @getOrCreateDeviceInstance() : () -> !emitc.ptr<!emitc.opaque<"XAie_DevInst">>
      %64 = emitc.call @XAie_StrmConnCctEnable(%63, %62, %11, %23, %12, %23) : (!emitc.ptr<!emitc.opaque<"XAie_DevInst">>, !emitc.opaque<"XAie_LocType">, !emitc.ptr<i8>, i32, !emitc.ptr<i8>, i32) -> i32
      %65 = emitc.call @XAie_TileLoc(%24, %21) : (i32, i32) -> !emitc.opaque<"XAie_LocType">
      %66 = emitc.call @getOrCreateDeviceInstance() : () -> !emitc.ptr<!emitc.opaque<"XAie_DevInst">>
      %67 = emitc.call @XAie_EnableAieToShimDmaStrmPort(%66, %65, %21) : (!emitc.ptr<!emitc.opaque<"XAie_DevInst">>, !emitc.opaque<"XAie_LocType">, i32) -> i32
      %68 = emitc.call @XAie_TileLoc(%24, %21) : (i32, i32) -> !emitc.opaque<"XAie_LocType">
      %69 = emitc.call @getOrCreateDeviceInstance() : () -> !emitc.ptr<!emitc.opaque<"XAie_DevInst">>
      %70 = emitc.call @XAie_StrmConnCctEnable(%69, %68, %12, %21, %12, %21) : (!emitc.ptr<!emitc.opaque<"XAie_DevInst">>, !emitc.opaque<"XAie_LocType">, !emitc.ptr<i8>, i32, !emitc.ptr<i8>, i32) -> i32
    }
    emitc.verbatim "\0A//round is 2 hw split in : row -----------"
    emitc.if %20 {
      %25 = emitc.call @XAie_TileLoc(%10, %24) : (i32, i32) -> !emitc.opaque<"XAie_LocType">
      %26 = emitc.call @getOrCreateDeviceInstance() : () -> !emitc.ptr<!emitc.opaque<"XAie_DevInst">>
      %27 = emitc.call @XAie_Packet(%24, %24) : (i32, i32) -> !emitc.opaque<"XAie_Packet">
      %28 = emitc.call @XAie_Packet(%23, %24) : (i32, i32) -> !emitc.opaque<"XAie_Packet">
      %29 = emitc.call @XAie_StrmPktSwSlaveSlotEnable(%26, %25, %18, %24, %24, %28, %17, %24, %24) : (!emitc.ptr<!emitc.opaque<"XAie_DevInst">>, !emitc.opaque<"XAie_LocType">, !emitc.ptr<i8>, i32, i32, !emitc.opaque<"XAie_Packet">, i32, i32, i32) -> i32
      %30 = emitc.call @XAie_StrmPktSwMstrPortEnable(%26, %25, %16, %24, %15, %24, %23) : (!emitc.ptr<!emitc.opaque<"XAie_DevInst">>, !emitc.opaque<"XAie_LocType">, !emitc.ptr<i8>, i32, !emitc.ptr<i8>, i32, i32) -> i32
      %31 = emitc.call @XAie_TileLoc(%10, %23) : (i32, i32) -> !emitc.opaque<"XAie_LocType">
      %32 = emitc.call @getOrCreateDeviceInstance() : () -> !emitc.ptr<!emitc.opaque<"XAie_DevInst">>
      %33 = emitc.call @XAie_Packet(%24, %24) : (i32, i32) -> !emitc.opaque<"XAie_Packet">
      %34 = emitc.call @XAie_Packet(%22, %24) : (i32, i32) -> !emitc.opaque<"XAie_Packet">
      %35 = emitc.call @XAie_StrmPktSwSlaveSlotEnable(%32, %31, %14, %24, %24, %33, %24, %24, %24) : (!emitc.ptr<!emitc.opaque<"XAie_DevInst">>, !emitc.opaque<"XAie_LocType">, !emitc.ptr<i8>, i32, i32, !emitc.opaque<"XAie_Packet">, i32, i32, i32) -> i32
      %36 = emitc.call @XAie_StrmPktSwSlaveSlotEnable(%32, %31, %18, %24, %24, %34, %17, %24, %24) : (!emitc.ptr<!emitc.opaque<"XAie_DevInst">>, !emitc.opaque<"XAie_LocType">, !emitc.ptr<i8>, i32, i32, !emitc.opaque<"XAie_Packet">, i32, i32, i32) -> i32
      %37 = emitc.call @XAie_StrmPktSwMstrPortEnable(%32, %31, %16, %24, %15, %24, %23) : (!emitc.ptr<!emitc.opaque<"XAie_DevInst">>, !emitc.opaque<"XAie_LocType">, !emitc.ptr<i8>, i32, !emitc.ptr<i8>, i32, i32) -> i32
      %38 = emitc.call @XAie_TileLoc(%10, %22) : (i32, i32) -> !emitc.opaque<"XAie_LocType">
      %39 = emitc.call @getOrCreateDeviceInstance() : () -> !emitc.ptr<!emitc.opaque<"XAie_DevInst">>
      %40 = emitc.call @XAie_Packet(%24, %24) : (i32, i32) -> !emitc.opaque<"XAie_Packet">
      %41 = emitc.call @XAie_Packet(%21, %24) : (i32, i32) -> !emitc.opaque<"XAie_Packet">
      %42 = emitc.call @XAie_StrmPktSwSlaveSlotEnable(%39, %38, %14, %24, %24, %40, %24, %24, %24) : (!emitc.ptr<!emitc.opaque<"XAie_DevInst">>, !emitc.opaque<"XAie_LocType">, !emitc.ptr<i8>, i32, i32, !emitc.opaque<"XAie_Packet">, i32, i32, i32) -> i32
      %43 = emitc.call @XAie_StrmPktSwSlaveSlotEnable(%39, %38, %18, %24, %24, %41, %17, %24, %24) : (!emitc.ptr<!emitc.opaque<"XAie_DevInst">>, !emitc.opaque<"XAie_LocType">, !emitc.ptr<i8>, i32, i32, !emitc.opaque<"XAie_Packet">, i32, i32, i32) -> i32
      %44 = emitc.call @XAie_StrmPktSwMstrPortEnable(%39, %38, %16, %24, %15, %24, %23) : (!emitc.ptr<!emitc.opaque<"XAie_DevInst">>, !emitc.opaque<"XAie_LocType">, !emitc.ptr<i8>, i32, !emitc.ptr<i8>, i32, i32) -> i32
      %45 = emitc.call @XAie_TileLoc(%10, %21) : (i32, i32) -> !emitc.opaque<"XAie_LocType">
      %46 = emitc.call @getOrCreateDeviceInstance() : () -> !emitc.ptr<!emitc.opaque<"XAie_DevInst">>
      %47 = emitc.call @XAie_Packet(%24, %24) : (i32, i32) -> !emitc.opaque<"XAie_Packet">
      %48 = emitc.call @XAie_Packet(%13, %24) : (i32, i32) -> !emitc.opaque<"XAie_Packet">
      %49 = emitc.call @XAie_StrmPktSwSlaveSlotEnable(%46, %45, %14, %24, %24, %47, %24, %24, %24) : (!emitc.ptr<!emitc.opaque<"XAie_DevInst">>, !emitc.opaque<"XAie_LocType">, !emitc.ptr<i8>, i32, i32, !emitc.opaque<"XAie_Packet">, i32, i32, i32) -> i32
      %50 = emitc.call @XAie_StrmPktSwSlaveSlotEnable(%46, %45, %18, %24, %24, %48, %17, %24, %24) : (!emitc.ptr<!emitc.opaque<"XAie_DevInst">>, !emitc.opaque<"XAie_LocType">, !emitc.ptr<i8>, i32, i32, !emitc.opaque<"XAie_Packet">, i32, i32, i32) -> i32
      %51 = emitc.call @XAie_TileLoc(%10, %21) : (i32, i32) -> !emitc.opaque<"XAie_LocType">
      %52 = emitc.call @getOrCreateDeviceInstance() : () -> !emitc.ptr<!emitc.opaque<"XAie_DevInst">>
      %53 = emitc.call @XAie_Packet(%24, %24) : (i32, i32) -> !emitc.opaque<"XAie_Packet">
      %54 = emitc.call @XAie_Packet(%24, %24) : (i32, i32) -> !emitc.opaque<"XAie_Packet">
      %55 = emitc.call @XAie_StrmPktSwMstrPortEnable(%52, %51, %12, %24, %15, %24, %23) : (!emitc.ptr<!emitc.opaque<"XAie_DevInst">>, !emitc.opaque<"XAie_LocType">, !emitc.ptr<i8>, i32, !emitc.ptr<i8>, i32, i32) -> i32
      %56 = emitc.call @XAie_TileLoc(%13, %21) : (i32, i32) -> !emitc.opaque<"XAie_LocType">
      %57 = emitc.call @getOrCreateDeviceInstance() : () -> !emitc.ptr<!emitc.opaque<"XAie_DevInst">>
      %58 = emitc.call @XAie_StrmConnCctEnable(%57, %56, %11, %24, %12, %23) : (!emitc.ptr<!emitc.opaque<"XAie_DevInst">>, !emitc.opaque<"XAie_LocType">, !emitc.ptr<i8>, i32, !emitc.ptr<i8>, i32) -> i32
      %59 = emitc.call @XAie_TileLoc(%21, %21) : (i32, i32) -> !emitc.opaque<"XAie_LocType">
      %60 = emitc.call @getOrCreateDeviceInstance() : () -> !emitc.ptr<!emitc.opaque<"XAie_DevInst">>
      %61 = emitc.call @XAie_StrmConnCctEnable(%60, %59, %11, %23, %12, %22) : (!emitc.ptr<!emitc.opaque<"XAie_DevInst">>, !emitc.opaque<"XAie_LocType">, !emitc.ptr<i8>, i32, !emitc.ptr<i8>, i32) -> i32
      %62 = emitc.call @XAie_TileLoc(%22, %21) : (i32, i32) -> !emitc.opaque<"XAie_LocType">
      %63 = emitc.call @getOrCreateDeviceInstance() : () -> !emitc.ptr<!emitc.opaque<"XAie_DevInst">>
      %64 = emitc.call @XAie_StrmConnCctEnable(%63, %62, %11, %22, %12, %22) : (!emitc.ptr<!emitc.opaque<"XAie_DevInst">>, !emitc.opaque<"XAie_LocType">, !emitc.ptr<i8>, i32, !emitc.ptr<i8>, i32) -> i32
      %65 = emitc.call @XAie_TileLoc(%23, %21) : (i32, i32) -> !emitc.opaque<"XAie_LocType">
      %66 = emitc.call @getOrCreateDeviceInstance() : () -> !emitc.ptr<!emitc.opaque<"XAie_DevInst">>
      %67 = emitc.call @XAie_StrmConnCctEnable(%66, %65, %11, %22, %14, %24) : (!emitc.ptr<!emitc.opaque<"XAie_DevInst">>, !emitc.opaque<"XAie_LocType">, !emitc.ptr<i8>, i32, !emitc.ptr<i8>, i32) -> i32
      %68 = emitc.call @XAie_TileLoc(%23, %22) : (i32, i32) -> !emitc.opaque<"XAie_LocType">
      %69 = emitc.call @getOrCreateDeviceInstance() : () -> !emitc.ptr<!emitc.opaque<"XAie_DevInst">>
      %70 = emitc.call @XAie_StrmConnCctEnable(%69, %68, %16, %24, %12, %24) : (!emitc.ptr<!emitc.opaque<"XAie_DevInst">>, !emitc.opaque<"XAie_LocType">, !emitc.ptr<i8>, i32, !emitc.ptr<i8>, i32) -> i32
      %71 = emitc.call @XAie_TileLoc(%24, %22) : (i32, i32) -> !emitc.opaque<"XAie_LocType">
      %72 = emitc.call @getOrCreateDeviceInstance() : () -> !emitc.ptr<!emitc.opaque<"XAie_DevInst">>
      %73 = emitc.call @XAie_EnableAieToShimDmaStrmPort(%72, %71, %22) : (!emitc.ptr<!emitc.opaque<"XAie_DevInst">>, !emitc.opaque<"XAie_LocType">, i32) -> i32
      %74 = emitc.call @XAie_TileLoc(%24, %22) : (i32, i32) -> !emitc.opaque<"XAie_LocType">
      %75 = emitc.call @getOrCreateDeviceInstance() : () -> !emitc.ptr<!emitc.opaque<"XAie_DevInst">>
      %76 = emitc.call @XAie_StrmConnCctEnable(%75, %74, %12, %22, %12, %22) : (!emitc.ptr<!emitc.opaque<"XAie_DevInst">>, !emitc.opaque<"XAie_LocType">, !emitc.ptr<i8>, i32, !emitc.ptr<i8>, i32) -> i32
    }
    emitc.verbatim "\0A//round is 3 hw split in : row -----------"
    emitc.if %20 {
      %25 = emitc.call @XAie_TileLoc(%9, %24) : (i32, i32) -> !emitc.opaque<"XAie_LocType">
      %26 = emitc.call @getOrCreateDeviceInstance() : () -> !emitc.ptr<!emitc.opaque<"XAie_DevInst">>
      %27 = emitc.call @XAie_Packet(%24, %24) : (i32, i32) -> !emitc.opaque<"XAie_Packet">
      %28 = emitc.call @XAie_Packet(%23, %24) : (i32, i32) -> !emitc.opaque<"XAie_Packet">
      %29 = emitc.call @XAie_StrmPktSwSlaveSlotEnable(%26, %25, %18, %24, %24, %28, %17, %24, %24) : (!emitc.ptr<!emitc.opaque<"XAie_DevInst">>, !emitc.opaque<"XAie_LocType">, !emitc.ptr<i8>, i32, i32, !emitc.opaque<"XAie_Packet">, i32, i32, i32) -> i32
      %30 = emitc.call @XAie_StrmPktSwMstrPortEnable(%26, %25, %16, %24, %15, %24, %23) : (!emitc.ptr<!emitc.opaque<"XAie_DevInst">>, !emitc.opaque<"XAie_LocType">, !emitc.ptr<i8>, i32, !emitc.ptr<i8>, i32, i32) -> i32
      %31 = emitc.call @XAie_TileLoc(%9, %23) : (i32, i32) -> !emitc.opaque<"XAie_LocType">
      %32 = emitc.call @getOrCreateDeviceInstance() : () -> !emitc.ptr<!emitc.opaque<"XAie_DevInst">>
      %33 = emitc.call @XAie_Packet(%24, %24) : (i32, i32) -> !emitc.opaque<"XAie_Packet">
      %34 = emitc.call @XAie_Packet(%22, %24) : (i32, i32) -> !emitc.opaque<"XAie_Packet">
      %35 = emitc.call @XAie_StrmPktSwSlaveSlotEnable(%32, %31, %14, %24, %24, %33, %24, %24, %24) : (!emitc.ptr<!emitc.opaque<"XAie_DevInst">>, !emitc.opaque<"XAie_LocType">, !emitc.ptr<i8>, i32, i32, !emitc.opaque<"XAie_Packet">, i32, i32, i32) -> i32
      %36 = emitc.call @XAie_StrmPktSwSlaveSlotEnable(%32, %31, %18, %24, %24, %34, %17, %24, %24) : (!emitc.ptr<!emitc.opaque<"XAie_DevInst">>, !emitc.opaque<"XAie_LocType">, !emitc.ptr<i8>, i32, i32, !emitc.opaque<"XAie_Packet">, i32, i32, i32) -> i32
      %37 = emitc.call @XAie_StrmPktSwMstrPortEnable(%32, %31, %16, %24, %15, %24, %23) : (!emitc.ptr<!emitc.opaque<"XAie_DevInst">>, !emitc.opaque<"XAie_LocType">, !emitc.ptr<i8>, i32, !emitc.ptr<i8>, i32, i32) -> i32
      %38 = emitc.call @XAie_TileLoc(%9, %22) : (i32, i32) -> !emitc.opaque<"XAie_LocType">
      %39 = emitc.call @getOrCreateDeviceInstance() : () -> !emitc.ptr<!emitc.opaque<"XAie_DevInst">>
      %40 = emitc.call @XAie_Packet(%24, %24) : (i32, i32) -> !emitc.opaque<"XAie_Packet">
      %41 = emitc.call @XAie_Packet(%21, %24) : (i32, i32) -> !emitc.opaque<"XAie_Packet">
      %42 = emitc.call @XAie_StrmPktSwSlaveSlotEnable(%39, %38, %14, %24, %24, %40, %24, %24, %24) : (!emitc.ptr<!emitc.opaque<"XAie_DevInst">>, !emitc.opaque<"XAie_LocType">, !emitc.ptr<i8>, i32, i32, !emitc.opaque<"XAie_Packet">, i32, i32, i32) -> i32
      %43 = emitc.call @XAie_StrmPktSwSlaveSlotEnable(%39, %38, %18, %24, %24, %41, %17, %24, %24) : (!emitc.ptr<!emitc.opaque<"XAie_DevInst">>, !emitc.opaque<"XAie_LocType">, !emitc.ptr<i8>, i32, i32, !emitc.opaque<"XAie_Packet">, i32, i32, i32) -> i32
      %44 = emitc.call @XAie_StrmPktSwMstrPortEnable(%39, %38, %16, %24, %15, %24, %23) : (!emitc.ptr<!emitc.opaque<"XAie_DevInst">>, !emitc.opaque<"XAie_LocType">, !emitc.ptr<i8>, i32, !emitc.ptr<i8>, i32, i32) -> i32
      %45 = emitc.call @XAie_TileLoc(%9, %21) : (i32, i32) -> !emitc.opaque<"XAie_LocType">
      %46 = emitc.call @getOrCreateDeviceInstance() : () -> !emitc.ptr<!emitc.opaque<"XAie_DevInst">>
      %47 = emitc.call @XAie_Packet(%24, %24) : (i32, i32) -> !emitc.opaque<"XAie_Packet">
      %48 = emitc.call @XAie_Packet(%13, %24) : (i32, i32) -> !emitc.opaque<"XAie_Packet">
      %49 = emitc.call @XAie_StrmPktSwSlaveSlotEnable(%46, %45, %14, %24, %24, %47, %24, %24, %24) : (!emitc.ptr<!emitc.opaque<"XAie_DevInst">>, !emitc.opaque<"XAie_LocType">, !emitc.ptr<i8>, i32, i32, !emitc.opaque<"XAie_Packet">, i32, i32, i32) -> i32
      %50 = emitc.call @XAie_StrmPktSwSlaveSlotEnable(%46, %45, %18, %24, %24, %48, %17, %24, %24) : (!emitc.ptr<!emitc.opaque<"XAie_DevInst">>, !emitc.opaque<"XAie_LocType">, !emitc.ptr<i8>, i32, i32, !emitc.opaque<"XAie_Packet">, i32, i32, i32) -> i32
      %51 = emitc.call @XAie_TileLoc(%9, %21) : (i32, i32) -> !emitc.opaque<"XAie_LocType">
      %52 = emitc.call @getOrCreateDeviceInstance() : () -> !emitc.ptr<!emitc.opaque<"XAie_DevInst">>
      %53 = emitc.call @XAie_Packet(%24, %24) : (i32, i32) -> !emitc.opaque<"XAie_Packet">
      %54 = emitc.call @XAie_Packet(%24, %24) : (i32, i32) -> !emitc.opaque<"XAie_Packet">
      %55 = emitc.call @XAie_StrmPktSwMstrPortEnable(%52, %51, %12, %24, %15, %24, %23) : (!emitc.ptr<!emitc.opaque<"XAie_DevInst">>, !emitc.opaque<"XAie_LocType">, !emitc.ptr<i8>, i32, !emitc.ptr<i8>, i32, i32) -> i32
      %56 = emitc.call @XAie_TileLoc(%10, %21) : (i32, i32) -> !emitc.opaque<"XAie_LocType">
      %57 = emitc.call @getOrCreateDeviceInstance() : () -> !emitc.ptr<!emitc.opaque<"XAie_DevInst">>
      %58 = emitc.call @XAie_StrmConnCctEnable(%57, %56, %11, %24, %12, %23) : (!emitc.ptr<!emitc.opaque<"XAie_DevInst">>, !emitc.opaque<"XAie_LocType">, !emitc.ptr<i8>, i32, !emitc.ptr<i8>, i32) -> i32
      %59 = emitc.call @XAie_TileLoc(%13, %21) : (i32, i32) -> !emitc.opaque<"XAie_LocType">
      %60 = emitc.call @getOrCreateDeviceInstance() : () -> !emitc.ptr<!emitc.opaque<"XAie_DevInst">>
      %61 = emitc.call @XAie_StrmConnCctEnable(%60, %59, %11, %23, %12, %22) : (!emitc.ptr<!emitc.opaque<"XAie_DevInst">>, !emitc.opaque<"XAie_LocType">, !emitc.ptr<i8>, i32, !emitc.ptr<i8>, i32) -> i32
      %62 = emitc.call @XAie_TileLoc(%21, %21) : (i32, i32) -> !emitc.opaque<"XAie_LocType">
      %63 = emitc.call @getOrCreateDeviceInstance() : () -> !emitc.ptr<!emitc.opaque<"XAie_DevInst">>
      %64 = emitc.call @XAie_StrmConnCctEnable(%63, %62, %11, %22, %12, %21) : (!emitc.ptr<!emitc.opaque<"XAie_DevInst">>, !emitc.opaque<"XAie_LocType">, !emitc.ptr<i8>, i32, !emitc.ptr<i8>, i32) -> i32
      %65 = emitc.call @XAie_TileLoc(%22, %21) : (i32, i32) -> !emitc.opaque<"XAie_LocType">
      %66 = emitc.call @getOrCreateDeviceInstance() : () -> !emitc.ptr<!emitc.opaque<"XAie_DevInst">>
      %67 = emitc.call @XAie_StrmConnCctEnable(%66, %65, %11, %21, %12, %21) : (!emitc.ptr<!emitc.opaque<"XAie_DevInst">>, !emitc.opaque<"XAie_LocType">, !emitc.ptr<i8>, i32, !emitc.ptr<i8>, i32) -> i32
      %68 = emitc.call @XAie_TileLoc(%23, %21) : (i32, i32) -> !emitc.opaque<"XAie_LocType">
      %69 = emitc.call @getOrCreateDeviceInstance() : () -> !emitc.ptr<!emitc.opaque<"XAie_DevInst">>
      %70 = emitc.call @XAie_StrmConnCctEnable(%69, %68, %11, %21, %14, %23) : (!emitc.ptr<!emitc.opaque<"XAie_DevInst">>, !emitc.opaque<"XAie_LocType">, !emitc.ptr<i8>, i32, !emitc.ptr<i8>, i32) -> i32
      %71 = emitc.call @XAie_TileLoc(%23, %22) : (i32, i32) -> !emitc.opaque<"XAie_LocType">
      %72 = emitc.call @getOrCreateDeviceInstance() : () -> !emitc.ptr<!emitc.opaque<"XAie_DevInst">>
      %73 = emitc.call @XAie_StrmConnCctEnable(%72, %71, %16, %23, %12, %23) : (!emitc.ptr<!emitc.opaque<"XAie_DevInst">>, !emitc.opaque<"XAie_LocType">, !emitc.ptr<i8>, i32, !emitc.ptr<i8>, i32) -> i32
      %74 = emitc.call @XAie_TileLoc(%24, %22) : (i32, i32) -> !emitc.opaque<"XAie_LocType">
      %75 = emitc.call @getOrCreateDeviceInstance() : () -> !emitc.ptr<!emitc.opaque<"XAie_DevInst">>
      %76 = emitc.call @XAie_EnableAieToShimDmaStrmPort(%75, %74, %21) : (!emitc.ptr<!emitc.opaque<"XAie_DevInst">>, !emitc.opaque<"XAie_LocType">, i32) -> i32
      %77 = emitc.call @XAie_TileLoc(%24, %22) : (i32, i32) -> !emitc.opaque<"XAie_LocType">
      %78 = emitc.call @getOrCreateDeviceInstance() : () -> !emitc.ptr<!emitc.opaque<"XAie_DevInst">>
      %79 = emitc.call @XAie_StrmConnCctEnable(%78, %77, %12, %21, %12, %21) : (!emitc.ptr<!emitc.opaque<"XAie_DevInst">>, !emitc.opaque<"XAie_LocType">, !emitc.ptr<i8>, i32, !emitc.ptr<i8>, i32) -> i32
    }
    emitc.verbatim "\0A} //----routing creation in row ----end-------\0A"
    emitc.verbatim "\0A{ //----routing creation in row ----start-------"
    emitc.verbatim "\0A//round is 0 hw split in : row -----------"
    emitc.if %20 {
      %25 = emitc.call @XAie_TileLoc(%24, %9) : (i32, i32) -> !emitc.opaque<"XAie_LocType">
      %26 = emitc.call @getOrCreateDeviceInstance() : () -> !emitc.ptr<!emitc.opaque<"XAie_DevInst">>
      %27 = emitc.call @XAie_EnableShimDmaToAieStrmPort(%26, %25, %21) : (!emitc.ptr<!emitc.opaque<"XAie_DevInst">>, !emitc.opaque<"XAie_LocType">, i32) -> i32
      %28 = emitc.call @XAie_TileLoc(%24, %9) : (i32, i32) -> !emitc.opaque<"XAie_LocType">
      %29 = emitc.call @getOrCreateDeviceInstance() : () -> !emitc.ptr<!emitc.opaque<"XAie_DevInst">>
      %30 = emitc.call @XAie_StrmConnCctEnable(%29, %28, %12, %21, %11, %24) : (!emitc.ptr<!emitc.opaque<"XAie_DevInst">>, !emitc.opaque<"XAie_LocType">, !emitc.ptr<i8>, i32, !emitc.ptr<i8>, i32) -> i32
      %31 = emitc.call @XAie_TileLoc(%23, %9) : (i32, i32) -> !emitc.opaque<"XAie_LocType">
      %32 = emitc.call @getOrCreateDeviceInstance() : () -> !emitc.ptr<!emitc.opaque<"XAie_DevInst">>
      %33 = emitc.call @XAie_StrmConnCctEnable(%32, %31, %12, %24, %11, %24) : (!emitc.ptr<!emitc.opaque<"XAie_DevInst">>, !emitc.opaque<"XAie_LocType">, !emitc.ptr<i8>, i32, !emitc.ptr<i8>, i32) -> i32
      %34 = emitc.call @XAie_TileLoc(%22, %9) : (i32, i32) -> !emitc.opaque<"XAie_LocType">
      %35 = emitc.call @getOrCreateDeviceInstance() : () -> !emitc.ptr<!emitc.opaque<"XAie_DevInst">>
      %36 = emitc.call @XAie_StrmConnCctEnable(%35, %34, %12, %24, %11, %24) : (!emitc.ptr<!emitc.opaque<"XAie_DevInst">>, !emitc.opaque<"XAie_LocType">, !emitc.ptr<i8>, i32, !emitc.ptr<i8>, i32) -> i32
      %37 = emitc.call @XAie_TileLoc(%21, %9) : (i32, i32) -> !emitc.opaque<"XAie_LocType">
      %38 = emitc.call @getOrCreateDeviceInstance() : () -> !emitc.ptr<!emitc.opaque<"XAie_DevInst">>
      %39 = emitc.call @XAie_StrmConnCctEnable(%38, %37, %12, %24, %14, %24) : (!emitc.ptr<!emitc.opaque<"XAie_DevInst">>, !emitc.opaque<"XAie_LocType">, !emitc.ptr<i8>, i32, !emitc.ptr<i8>, i32) -> i32
      %40 = emitc.call @XAie_TileLoc(%21, %10) : (i32, i32) -> !emitc.opaque<"XAie_LocType">
      %41 = emitc.call @getOrCreateDeviceInstance() : () -> !emitc.ptr<!emitc.opaque<"XAie_DevInst">>
      %42 = emitc.call @XAie_StrmConnCctEnable(%41, %40, %16, %24, %14, %24) : (!emitc.ptr<!emitc.opaque<"XAie_DevInst">>, !emitc.opaque<"XAie_LocType">, !emitc.ptr<i8>, i32, !emitc.ptr<i8>, i32) -> i32
      %43 = emitc.call @XAie_TileLoc(%21, %13) : (i32, i32) -> !emitc.opaque<"XAie_LocType">
      %44 = emitc.call @getOrCreateDeviceInstance() : () -> !emitc.ptr<!emitc.opaque<"XAie_DevInst">>
      %45 = emitc.call @XAie_StrmConnCctEnable(%44, %43, %16, %24, %14, %24) : (!emitc.ptr<!emitc.opaque<"XAie_DevInst">>, !emitc.opaque<"XAie_LocType">, !emitc.ptr<i8>, i32, !emitc.ptr<i8>, i32) -> i32
      %46 = emitc.call @XAie_TileLoc(%21, %21) : (i32, i32) -> !emitc.opaque<"XAie_LocType">
      %47 = emitc.call @getOrCreateDeviceInstance() : () -> !emitc.ptr<!emitc.opaque<"XAie_DevInst">>
      %48 = emitc.call @XAie_StrmConnCctEnable(%47, %46, %16, %24, %14, %24) : (!emitc.ptr<!emitc.opaque<"XAie_DevInst">>, !emitc.opaque<"XAie_LocType">, !emitc.ptr<i8>, i32, !emitc.ptr<i8>, i32) -> i32
      %49 = emitc.call @XAie_TileLoc(%21, %21) : (i32, i32) -> !emitc.opaque<"XAie_LocType">
      %50 = emitc.call @getOrCreateDeviceInstance() : () -> !emitc.ptr<!emitc.opaque<"XAie_DevInst">>
      %51 = emitc.call @XAie_StrmConnCctEnable(%50, %49, %16, %24, %18, %23) : (!emitc.ptr<!emitc.opaque<"XAie_DevInst">>, !emitc.opaque<"XAie_LocType">, !emitc.ptr<i8>, i32, !emitc.ptr<i8>, i32) -> i32
      %52 = emitc.call @XAie_TileLoc(%21, %22) : (i32, i32) -> !emitc.opaque<"XAie_LocType">
      %53 = emitc.call @getOrCreateDeviceInstance() : () -> !emitc.ptr<!emitc.opaque<"XAie_DevInst">>
      %54 = emitc.call @XAie_StrmConnCctEnable(%53, %52, %16, %24, %14, %24) : (!emitc.ptr<!emitc.opaque<"XAie_DevInst">>, !emitc.opaque<"XAie_LocType">, !emitc.ptr<i8>, i32, !emitc.ptr<i8>, i32) -> i32
      %55 = emitc.call @XAie_TileLoc(%21, %22) : (i32, i32) -> !emitc.opaque<"XAie_LocType">
      %56 = emitc.call @getOrCreateDeviceInstance() : () -> !emitc.ptr<!emitc.opaque<"XAie_DevInst">>
      %57 = emitc.call @XAie_StrmConnCctEnable(%56, %55, %16, %24, %18, %23) : (!emitc.ptr<!emitc.opaque<"XAie_DevInst">>, !emitc.opaque<"XAie_LocType">, !emitc.ptr<i8>, i32, !emitc.ptr<i8>, i32) -> i32
      %58 = emitc.call @XAie_TileLoc(%21, %23) : (i32, i32) -> !emitc.opaque<"XAie_LocType">
      %59 = emitc.call @getOrCreateDeviceInstance() : () -> !emitc.ptr<!emitc.opaque<"XAie_DevInst">>
      %60 = emitc.call @XAie_StrmConnCctEnable(%59, %58, %16, %24, %14, %24) : (!emitc.ptr<!emitc.opaque<"XAie_DevInst">>, !emitc.opaque<"XAie_LocType">, !emitc.ptr<i8>, i32, !emitc.ptr<i8>, i32) -> i32
      %61 = emitc.call @XAie_TileLoc(%21, %23) : (i32, i32) -> !emitc.opaque<"XAie_LocType">
      %62 = emitc.call @getOrCreateDeviceInstance() : () -> !emitc.ptr<!emitc.opaque<"XAie_DevInst">>
      %63 = emitc.call @XAie_StrmConnCctEnable(%62, %61, %16, %24, %18, %23) : (!emitc.ptr<!emitc.opaque<"XAie_DevInst">>, !emitc.opaque<"XAie_LocType">, !emitc.ptr<i8>, i32, !emitc.ptr<i8>, i32) -> i32
      %64 = emitc.call @XAie_TileLoc(%21, %24) : (i32, i32) -> !emitc.opaque<"XAie_LocType">
      %65 = emitc.call @getOrCreateDeviceInstance() : () -> !emitc.ptr<!emitc.opaque<"XAie_DevInst">>
      %66 = emitc.call @XAie_StrmConnCctEnable(%65, %64, %16, %24, %18, %23) : (!emitc.ptr<!emitc.opaque<"XAie_DevInst">>, !emitc.opaque<"XAie_LocType">, !emitc.ptr<i8>, i32, !emitc.ptr<i8>, i32) -> i32
    }
    emitc.verbatim "\0A//round is 1 hw split in : row -----------"
    emitc.if %20 {
      %25 = emitc.call @XAie_TileLoc(%24, %9) : (i32, i32) -> !emitc.opaque<"XAie_LocType">
      %26 = emitc.call @getOrCreateDeviceInstance() : () -> !emitc.ptr<!emitc.opaque<"XAie_DevInst">>
      %27 = emitc.call @XAie_EnableShimDmaToAieStrmPort(%26, %25, %8) : (!emitc.ptr<!emitc.opaque<"XAie_DevInst">>, !emitc.opaque<"XAie_LocType">, i32) -> i32
      %28 = emitc.call @XAie_TileLoc(%24, %9) : (i32, i32) -> !emitc.opaque<"XAie_LocType">
      %29 = emitc.call @getOrCreateDeviceInstance() : () -> !emitc.ptr<!emitc.opaque<"XAie_DevInst">>
      %30 = emitc.call @XAie_StrmConnCctEnable(%29, %28, %12, %8, %11, %23) : (!emitc.ptr<!emitc.opaque<"XAie_DevInst">>, !emitc.opaque<"XAie_LocType">, !emitc.ptr<i8>, i32, !emitc.ptr<i8>, i32) -> i32
      %31 = emitc.call @XAie_TileLoc(%23, %9) : (i32, i32) -> !emitc.opaque<"XAie_LocType">
      %32 = emitc.call @getOrCreateDeviceInstance() : () -> !emitc.ptr<!emitc.opaque<"XAie_DevInst">>
      %33 = emitc.call @XAie_StrmConnCctEnable(%32, %31, %12, %23, %11, %23) : (!emitc.ptr<!emitc.opaque<"XAie_DevInst">>, !emitc.opaque<"XAie_LocType">, !emitc.ptr<i8>, i32, !emitc.ptr<i8>, i32) -> i32
      %34 = emitc.call @XAie_TileLoc(%22, %9) : (i32, i32) -> !emitc.opaque<"XAie_LocType">
      %35 = emitc.call @getOrCreateDeviceInstance() : () -> !emitc.ptr<!emitc.opaque<"XAie_DevInst">>
      %36 = emitc.call @XAie_StrmConnCctEnable(%35, %34, %12, %23, %11, %23) : (!emitc.ptr<!emitc.opaque<"XAie_DevInst">>, !emitc.opaque<"XAie_LocType">, !emitc.ptr<i8>, i32, !emitc.ptr<i8>, i32) -> i32
      %37 = emitc.call @XAie_TileLoc(%21, %9) : (i32, i32) -> !emitc.opaque<"XAie_LocType">
      %38 = emitc.call @getOrCreateDeviceInstance() : () -> !emitc.ptr<!emitc.opaque<"XAie_DevInst">>
      %39 = emitc.call @XAie_StrmConnCctEnable(%38, %37, %12, %23, %11, %24) : (!emitc.ptr<!emitc.opaque<"XAie_DevInst">>, !emitc.opaque<"XAie_LocType">, !emitc.ptr<i8>, i32, !emitc.ptr<i8>, i32) -> i32
      %40 = emitc.call @XAie_TileLoc(%13, %9) : (i32, i32) -> !emitc.opaque<"XAie_LocType">
      %41 = emitc.call @getOrCreateDeviceInstance() : () -> !emitc.ptr<!emitc.opaque<"XAie_DevInst">>
      %42 = emitc.call @XAie_StrmConnCctEnable(%41, %40, %12, %24, %14, %24) : (!emitc.ptr<!emitc.opaque<"XAie_DevInst">>, !emitc.opaque<"XAie_LocType">, !emitc.ptr<i8>, i32, !emitc.ptr<i8>, i32) -> i32
      %43 = emitc.call @XAie_TileLoc(%13, %10) : (i32, i32) -> !emitc.opaque<"XAie_LocType">
      %44 = emitc.call @getOrCreateDeviceInstance() : () -> !emitc.ptr<!emitc.opaque<"XAie_DevInst">>
      %45 = emitc.call @XAie_StrmConnCctEnable(%44, %43, %16, %24, %14, %24) : (!emitc.ptr<!emitc.opaque<"XAie_DevInst">>, !emitc.opaque<"XAie_LocType">, !emitc.ptr<i8>, i32, !emitc.ptr<i8>, i32) -> i32
      %46 = emitc.call @XAie_TileLoc(%13, %13) : (i32, i32) -> !emitc.opaque<"XAie_LocType">
      %47 = emitc.call @getOrCreateDeviceInstance() : () -> !emitc.ptr<!emitc.opaque<"XAie_DevInst">>
      %48 = emitc.call @XAie_StrmConnCctEnable(%47, %46, %16, %24, %14, %24) : (!emitc.ptr<!emitc.opaque<"XAie_DevInst">>, !emitc.opaque<"XAie_LocType">, !emitc.ptr<i8>, i32, !emitc.ptr<i8>, i32) -> i32
      %49 = emitc.call @XAie_TileLoc(%13, %21) : (i32, i32) -> !emitc.opaque<"XAie_LocType">
      %50 = emitc.call @getOrCreateDeviceInstance() : () -> !emitc.ptr<!emitc.opaque<"XAie_DevInst">>
      %51 = emitc.call @XAie_StrmConnCctEnable(%50, %49, %16, %24, %14, %24) : (!emitc.ptr<!emitc.opaque<"XAie_DevInst">>, !emitc.opaque<"XAie_LocType">, !emitc.ptr<i8>, i32, !emitc.ptr<i8>, i32) -> i32
      %52 = emitc.call @XAie_TileLoc(%13, %21) : (i32, i32) -> !emitc.opaque<"XAie_LocType">
      %53 = emitc.call @getOrCreateDeviceInstance() : () -> !emitc.ptr<!emitc.opaque<"XAie_DevInst">>
      %54 = emitc.call @XAie_StrmConnCctEnable(%53, %52, %16, %24, %18, %23) : (!emitc.ptr<!emitc.opaque<"XAie_DevInst">>, !emitc.opaque<"XAie_LocType">, !emitc.ptr<i8>, i32, !emitc.ptr<i8>, i32) -> i32
      %55 = emitc.call @XAie_TileLoc(%13, %22) : (i32, i32) -> !emitc.opaque<"XAie_LocType">
      %56 = emitc.call @getOrCreateDeviceInstance() : () -> !emitc.ptr<!emitc.opaque<"XAie_DevInst">>
      %57 = emitc.call @XAie_StrmConnCctEnable(%56, %55, %16, %24, %14, %24) : (!emitc.ptr<!emitc.opaque<"XAie_DevInst">>, !emitc.opaque<"XAie_LocType">, !emitc.ptr<i8>, i32, !emitc.ptr<i8>, i32) -> i32
      %58 = emitc.call @XAie_TileLoc(%13, %22) : (i32, i32) -> !emitc.opaque<"XAie_LocType">
      %59 = emitc.call @getOrCreateDeviceInstance() : () -> !emitc.ptr<!emitc.opaque<"XAie_DevInst">>
      %60 = emitc.call @XAie_StrmConnCctEnable(%59, %58, %16, %24, %18, %23) : (!emitc.ptr<!emitc.opaque<"XAie_DevInst">>, !emitc.opaque<"XAie_LocType">, !emitc.ptr<i8>, i32, !emitc.ptr<i8>, i32) -> i32
      %61 = emitc.call @XAie_TileLoc(%13, %23) : (i32, i32) -> !emitc.opaque<"XAie_LocType">
      %62 = emitc.call @getOrCreateDeviceInstance() : () -> !emitc.ptr<!emitc.opaque<"XAie_DevInst">>
      %63 = emitc.call @XAie_StrmConnCctEnable(%62, %61, %16, %24, %14, %24) : (!emitc.ptr<!emitc.opaque<"XAie_DevInst">>, !emitc.opaque<"XAie_LocType">, !emitc.ptr<i8>, i32, !emitc.ptr<i8>, i32) -> i32
      %64 = emitc.call @XAie_TileLoc(%13, %23) : (i32, i32) -> !emitc.opaque<"XAie_LocType">
      %65 = emitc.call @getOrCreateDeviceInstance() : () -> !emitc.ptr<!emitc.opaque<"XAie_DevInst">>
      %66 = emitc.call @XAie_StrmConnCctEnable(%65, %64, %16, %24, %18, %23) : (!emitc.ptr<!emitc.opaque<"XAie_DevInst">>, !emitc.opaque<"XAie_LocType">, !emitc.ptr<i8>, i32, !emitc.ptr<i8>, i32) -> i32
      %67 = emitc.call @XAie_TileLoc(%13, %24) : (i32, i32) -> !emitc.opaque<"XAie_LocType">
      %68 = emitc.call @getOrCreateDeviceInstance() : () -> !emitc.ptr<!emitc.opaque<"XAie_DevInst">>
      %69 = emitc.call @XAie_StrmConnCctEnable(%68, %67, %16, %24, %18, %23) : (!emitc.ptr<!emitc.opaque<"XAie_DevInst">>, !emitc.opaque<"XAie_LocType">, !emitc.ptr<i8>, i32, !emitc.ptr<i8>, i32) -> i32
    }
    emitc.verbatim "\0A//round is 2 hw split in : row -----------"
    emitc.if %20 {
      %25 = emitc.call @XAie_TileLoc(%24, %8) : (i32, i32) -> !emitc.opaque<"XAie_LocType">
      %26 = emitc.call @getOrCreateDeviceInstance() : () -> !emitc.ptr<!emitc.opaque<"XAie_DevInst">>
      %27 = emitc.call @XAie_EnableShimDmaToAieStrmPort(%26, %25, %21) : (!emitc.ptr<!emitc.opaque<"XAie_DevInst">>, !emitc.opaque<"XAie_LocType">, i32) -> i32
      %28 = emitc.call @XAie_TileLoc(%24, %8) : (i32, i32) -> !emitc.opaque<"XAie_LocType">
      %29 = emitc.call @getOrCreateDeviceInstance() : () -> !emitc.ptr<!emitc.opaque<"XAie_DevInst">>
      %30 = emitc.call @XAie_StrmConnCctEnable(%29, %28, %12, %21, %11, %24) : (!emitc.ptr<!emitc.opaque<"XAie_DevInst">>, !emitc.opaque<"XAie_LocType">, !emitc.ptr<i8>, i32, !emitc.ptr<i8>, i32) -> i32
      %31 = emitc.call @XAie_TileLoc(%23, %8) : (i32, i32) -> !emitc.opaque<"XAie_LocType">
      %32 = emitc.call @getOrCreateDeviceInstance() : () -> !emitc.ptr<!emitc.opaque<"XAie_DevInst">>
      %33 = emitc.call @XAie_StrmConnCctEnable(%32, %31, %12, %24, %11, %24) : (!emitc.ptr<!emitc.opaque<"XAie_DevInst">>, !emitc.opaque<"XAie_LocType">, !emitc.ptr<i8>, i32, !emitc.ptr<i8>, i32) -> i32
      %34 = emitc.call @XAie_TileLoc(%22, %8) : (i32, i32) -> !emitc.opaque<"XAie_LocType">
      %35 = emitc.call @getOrCreateDeviceInstance() : () -> !emitc.ptr<!emitc.opaque<"XAie_DevInst">>
      %36 = emitc.call @XAie_StrmConnCctEnable(%35, %34, %12, %24, %11, %24) : (!emitc.ptr<!emitc.opaque<"XAie_DevInst">>, !emitc.opaque<"XAie_LocType">, !emitc.ptr<i8>, i32, !emitc.ptr<i8>, i32) -> i32
      %37 = emitc.call @XAie_TileLoc(%21, %8) : (i32, i32) -> !emitc.opaque<"XAie_LocType">
      %38 = emitc.call @getOrCreateDeviceInstance() : () -> !emitc.ptr<!emitc.opaque<"XAie_DevInst">>
      %39 = emitc.call @XAie_StrmConnCctEnable(%38, %37, %12, %24, %11, %24) : (!emitc.ptr<!emitc.opaque<"XAie_DevInst">>, !emitc.opaque<"XAie_LocType">, !emitc.ptr<i8>, i32, !emitc.ptr<i8>, i32) -> i32
      %40 = emitc.call @XAie_TileLoc(%13, %8) : (i32, i32) -> !emitc.opaque<"XAie_LocType">
      %41 = emitc.call @getOrCreateDeviceInstance() : () -> !emitc.ptr<!emitc.opaque<"XAie_DevInst">>
      %42 = emitc.call @XAie_StrmConnCctEnable(%41, %40, %12, %24, %11, %24) : (!emitc.ptr<!emitc.opaque<"XAie_DevInst">>, !emitc.opaque<"XAie_LocType">, !emitc.ptr<i8>, i32, !emitc.ptr<i8>, i32) -> i32
      %43 = emitc.call @XAie_TileLoc(%10, %8) : (i32, i32) -> !emitc.opaque<"XAie_LocType">
      %44 = emitc.call @getOrCreateDeviceInstance() : () -> !emitc.ptr<!emitc.opaque<"XAie_DevInst">>
      %45 = emitc.call @XAie_StrmConnCctEnable(%44, %43, %12, %24, %14, %24) : (!emitc.ptr<!emitc.opaque<"XAie_DevInst">>, !emitc.opaque<"XAie_LocType">, !emitc.ptr<i8>, i32, !emitc.ptr<i8>, i32) -> i32
      %46 = emitc.call @XAie_TileLoc(%10, %9) : (i32, i32) -> !emitc.opaque<"XAie_LocType">
      %47 = emitc.call @getOrCreateDeviceInstance() : () -> !emitc.ptr<!emitc.opaque<"XAie_DevInst">>
      %48 = emitc.call @XAie_StrmConnCctEnable(%47, %46, %16, %24, %14, %24) : (!emitc.ptr<!emitc.opaque<"XAie_DevInst">>, !emitc.opaque<"XAie_LocType">, !emitc.ptr<i8>, i32, !emitc.ptr<i8>, i32) -> i32
      %49 = emitc.call @XAie_TileLoc(%10, %10) : (i32, i32) -> !emitc.opaque<"XAie_LocType">
      %50 = emitc.call @getOrCreateDeviceInstance() : () -> !emitc.ptr<!emitc.opaque<"XAie_DevInst">>
      %51 = emitc.call @XAie_StrmConnCctEnable(%50, %49, %16, %24, %14, %24) : (!emitc.ptr<!emitc.opaque<"XAie_DevInst">>, !emitc.opaque<"XAie_LocType">, !emitc.ptr<i8>, i32, !emitc.ptr<i8>, i32) -> i32
      %52 = emitc.call @XAie_TileLoc(%10, %13) : (i32, i32) -> !emitc.opaque<"XAie_LocType">
      %53 = emitc.call @getOrCreateDeviceInstance() : () -> !emitc.ptr<!emitc.opaque<"XAie_DevInst">>
      %54 = emitc.call @XAie_StrmConnCctEnable(%53, %52, %16, %24, %14, %24) : (!emitc.ptr<!emitc.opaque<"XAie_DevInst">>, !emitc.opaque<"XAie_LocType">, !emitc.ptr<i8>, i32, !emitc.ptr<i8>, i32) -> i32
      %55 = emitc.call @XAie_TileLoc(%10, %21) : (i32, i32) -> !emitc.opaque<"XAie_LocType">
      %56 = emitc.call @getOrCreateDeviceInstance() : () -> !emitc.ptr<!emitc.opaque<"XAie_DevInst">>
      %57 = emitc.call @XAie_StrmConnCctEnable(%56, %55, %16, %24, %14, %24) : (!emitc.ptr<!emitc.opaque<"XAie_DevInst">>, !emitc.opaque<"XAie_LocType">, !emitc.ptr<i8>, i32, !emitc.ptr<i8>, i32) -> i32
      %58 = emitc.call @XAie_TileLoc(%10, %21) : (i32, i32) -> !emitc.opaque<"XAie_LocType">
      %59 = emitc.call @getOrCreateDeviceInstance() : () -> !emitc.ptr<!emitc.opaque<"XAie_DevInst">>
      %60 = emitc.call @XAie_StrmConnCctEnable(%59, %58, %16, %24, %18, %23) : (!emitc.ptr<!emitc.opaque<"XAie_DevInst">>, !emitc.opaque<"XAie_LocType">, !emitc.ptr<i8>, i32, !emitc.ptr<i8>, i32) -> i32
      %61 = emitc.call @XAie_TileLoc(%10, %22) : (i32, i32) -> !emitc.opaque<"XAie_LocType">
      %62 = emitc.call @getOrCreateDeviceInstance() : () -> !emitc.ptr<!emitc.opaque<"XAie_DevInst">>
      %63 = emitc.call @XAie_StrmConnCctEnable(%62, %61, %16, %24, %14, %24) : (!emitc.ptr<!emitc.opaque<"XAie_DevInst">>, !emitc.opaque<"XAie_LocType">, !emitc.ptr<i8>, i32, !emitc.ptr<i8>, i32) -> i32
      %64 = emitc.call @XAie_TileLoc(%10, %22) : (i32, i32) -> !emitc.opaque<"XAie_LocType">
      %65 = emitc.call @getOrCreateDeviceInstance() : () -> !emitc.ptr<!emitc.opaque<"XAie_DevInst">>
      %66 = emitc.call @XAie_StrmConnCctEnable(%65, %64, %16, %24, %18, %23) : (!emitc.ptr<!emitc.opaque<"XAie_DevInst">>, !emitc.opaque<"XAie_LocType">, !emitc.ptr<i8>, i32, !emitc.ptr<i8>, i32) -> i32
      %67 = emitc.call @XAie_TileLoc(%10, %23) : (i32, i32) -> !emitc.opaque<"XAie_LocType">
      %68 = emitc.call @getOrCreateDeviceInstance() : () -> !emitc.ptr<!emitc.opaque<"XAie_DevInst">>
      %69 = emitc.call @XAie_StrmConnCctEnable(%68, %67, %16, %24, %14, %24) : (!emitc.ptr<!emitc.opaque<"XAie_DevInst">>, !emitc.opaque<"XAie_LocType">, !emitc.ptr<i8>, i32, !emitc.ptr<i8>, i32) -> i32
      %70 = emitc.call @XAie_TileLoc(%10, %23) : (i32, i32) -> !emitc.opaque<"XAie_LocType">
      %71 = emitc.call @getOrCreateDeviceInstance() : () -> !emitc.ptr<!emitc.opaque<"XAie_DevInst">>
      %72 = emitc.call @XAie_StrmConnCctEnable(%71, %70, %16, %24, %18, %23) : (!emitc.ptr<!emitc.opaque<"XAie_DevInst">>, !emitc.opaque<"XAie_LocType">, !emitc.ptr<i8>, i32, !emitc.ptr<i8>, i32) -> i32
      %73 = emitc.call @XAie_TileLoc(%10, %24) : (i32, i32) -> !emitc.opaque<"XAie_LocType">
      %74 = emitc.call @getOrCreateDeviceInstance() : () -> !emitc.ptr<!emitc.opaque<"XAie_DevInst">>
      %75 = emitc.call @XAie_StrmConnCctEnable(%74, %73, %16, %24, %18, %23) : (!emitc.ptr<!emitc.opaque<"XAie_DevInst">>, !emitc.opaque<"XAie_LocType">, !emitc.ptr<i8>, i32, !emitc.ptr<i8>, i32) -> i32
    }
    emitc.verbatim "\0A//round is 3 hw split in : row -----------"
    emitc.if %20 {
      %25 = emitc.call @XAie_TileLoc(%24, %8) : (i32, i32) -> !emitc.opaque<"XAie_LocType">
      %26 = emitc.call @getOrCreateDeviceInstance() : () -> !emitc.ptr<!emitc.opaque<"XAie_DevInst">>
      %27 = emitc.call @XAie_EnableShimDmaToAieStrmPort(%26, %25, %8) : (!emitc.ptr<!emitc.opaque<"XAie_DevInst">>, !emitc.opaque<"XAie_LocType">, i32) -> i32
      %28 = emitc.call @XAie_TileLoc(%24, %8) : (i32, i32) -> !emitc.opaque<"XAie_LocType">
      %29 = emitc.call @getOrCreateDeviceInstance() : () -> !emitc.ptr<!emitc.opaque<"XAie_DevInst">>
      %30 = emitc.call @XAie_StrmConnCctEnable(%29, %28, %12, %8, %11, %23) : (!emitc.ptr<!emitc.opaque<"XAie_DevInst">>, !emitc.opaque<"XAie_LocType">, !emitc.ptr<i8>, i32, !emitc.ptr<i8>, i32) -> i32
      %31 = emitc.call @XAie_TileLoc(%23, %8) : (i32, i32) -> !emitc.opaque<"XAie_LocType">
      %32 = emitc.call @getOrCreateDeviceInstance() : () -> !emitc.ptr<!emitc.opaque<"XAie_DevInst">>
      %33 = emitc.call @XAie_StrmConnCctEnable(%32, %31, %12, %23, %11, %23) : (!emitc.ptr<!emitc.opaque<"XAie_DevInst">>, !emitc.opaque<"XAie_LocType">, !emitc.ptr<i8>, i32, !emitc.ptr<i8>, i32) -> i32
      %34 = emitc.call @XAie_TileLoc(%22, %8) : (i32, i32) -> !emitc.opaque<"XAie_LocType">
      %35 = emitc.call @getOrCreateDeviceInstance() : () -> !emitc.ptr<!emitc.opaque<"XAie_DevInst">>
      %36 = emitc.call @XAie_StrmConnCctEnable(%35, %34, %12, %23, %11, %23) : (!emitc.ptr<!emitc.opaque<"XAie_DevInst">>, !emitc.opaque<"XAie_LocType">, !emitc.ptr<i8>, i32, !emitc.ptr<i8>, i32) -> i32
      %37 = emitc.call @XAie_TileLoc(%21, %8) : (i32, i32) -> !emitc.opaque<"XAie_LocType">
      %38 = emitc.call @getOrCreateDeviceInstance() : () -> !emitc.ptr<!emitc.opaque<"XAie_DevInst">>
      %39 = emitc.call @XAie_StrmConnCctEnable(%38, %37, %12, %23, %11, %23) : (!emitc.ptr<!emitc.opaque<"XAie_DevInst">>, !emitc.opaque<"XAie_LocType">, !emitc.ptr<i8>, i32, !emitc.ptr<i8>, i32) -> i32
      %40 = emitc.call @XAie_TileLoc(%13, %8) : (i32, i32) -> !emitc.opaque<"XAie_LocType">
      %41 = emitc.call @getOrCreateDeviceInstance() : () -> !emitc.ptr<!emitc.opaque<"XAie_DevInst">>
      %42 = emitc.call @XAie_StrmConnCctEnable(%41, %40, %12, %23, %11, %23) : (!emitc.ptr<!emitc.opaque<"XAie_DevInst">>, !emitc.opaque<"XAie_LocType">, !emitc.ptr<i8>, i32, !emitc.ptr<i8>, i32) -> i32
      %43 = emitc.call @XAie_TileLoc(%10, %8) : (i32, i32) -> !emitc.opaque<"XAie_LocType">
      %44 = emitc.call @getOrCreateDeviceInstance() : () -> !emitc.ptr<!emitc.opaque<"XAie_DevInst">>
      %45 = emitc.call @XAie_StrmConnCctEnable(%44, %43, %12, %23, %11, %24) : (!emitc.ptr<!emitc.opaque<"XAie_DevInst">>, !emitc.opaque<"XAie_LocType">, !emitc.ptr<i8>, i32, !emitc.ptr<i8>, i32) -> i32
      %46 = emitc.call @XAie_TileLoc(%9, %8) : (i32, i32) -> !emitc.opaque<"XAie_LocType">
      %47 = emitc.call @getOrCreateDeviceInstance() : () -> !emitc.ptr<!emitc.opaque<"XAie_DevInst">>
      %48 = emitc.call @XAie_StrmConnCctEnable(%47, %46, %12, %24, %14, %24) : (!emitc.ptr<!emitc.opaque<"XAie_DevInst">>, !emitc.opaque<"XAie_LocType">, !emitc.ptr<i8>, i32, !emitc.ptr<i8>, i32) -> i32
      %49 = emitc.call @XAie_TileLoc(%9, %9) : (i32, i32) -> !emitc.opaque<"XAie_LocType">
      %50 = emitc.call @getOrCreateDeviceInstance() : () -> !emitc.ptr<!emitc.opaque<"XAie_DevInst">>
      %51 = emitc.call @XAie_StrmConnCctEnable(%50, %49, %16, %24, %14, %24) : (!emitc.ptr<!emitc.opaque<"XAie_DevInst">>, !emitc.opaque<"XAie_LocType">, !emitc.ptr<i8>, i32, !emitc.ptr<i8>, i32) -> i32
      %52 = emitc.call @XAie_TileLoc(%9, %10) : (i32, i32) -> !emitc.opaque<"XAie_LocType">
      %53 = emitc.call @getOrCreateDeviceInstance() : () -> !emitc.ptr<!emitc.opaque<"XAie_DevInst">>
      %54 = emitc.call @XAie_StrmConnCctEnable(%53, %52, %16, %24, %14, %24) : (!emitc.ptr<!emitc.opaque<"XAie_DevInst">>, !emitc.opaque<"XAie_LocType">, !emitc.ptr<i8>, i32, !emitc.ptr<i8>, i32) -> i32
      %55 = emitc.call @XAie_TileLoc(%9, %13) : (i32, i32) -> !emitc.opaque<"XAie_LocType">
      %56 = emitc.call @getOrCreateDeviceInstance() : () -> !emitc.ptr<!emitc.opaque<"XAie_DevInst">>
      %57 = emitc.call @XAie_StrmConnCctEnable(%56, %55, %16, %24, %14, %24) : (!emitc.ptr<!emitc.opaque<"XAie_DevInst">>, !emitc.opaque<"XAie_LocType">, !emitc.ptr<i8>, i32, !emitc.ptr<i8>, i32) -> i32
      %58 = emitc.call @XAie_TileLoc(%9, %21) : (i32, i32) -> !emitc.opaque<"XAie_LocType">
      %59 = emitc.call @getOrCreateDeviceInstance() : () -> !emitc.ptr<!emitc.opaque<"XAie_DevInst">>
      %60 = emitc.call @XAie_StrmConnCctEnable(%59, %58, %16, %24, %14, %24) : (!emitc.ptr<!emitc.opaque<"XAie_DevInst">>, !emitc.opaque<"XAie_LocType">, !emitc.ptr<i8>, i32, !emitc.ptr<i8>, i32) -> i32
      %61 = emitc.call @XAie_TileLoc(%9, %21) : (i32, i32) -> !emitc.opaque<"XAie_LocType">
      %62 = emitc.call @getOrCreateDeviceInstance() : () -> !emitc.ptr<!emitc.opaque<"XAie_DevInst">>
      %63 = emitc.call @XAie_StrmConnCctEnable(%62, %61, %16, %24, %18, %23) : (!emitc.ptr<!emitc.opaque<"XAie_DevInst">>, !emitc.opaque<"XAie_LocType">, !emitc.ptr<i8>, i32, !emitc.ptr<i8>, i32) -> i32
      %64 = emitc.call @XAie_TileLoc(%9, %22) : (i32, i32) -> !emitc.opaque<"XAie_LocType">
      %65 = emitc.call @getOrCreateDeviceInstance() : () -> !emitc.ptr<!emitc.opaque<"XAie_DevInst">>
      %66 = emitc.call @XAie_StrmConnCctEnable(%65, %64, %16, %24, %14, %24) : (!emitc.ptr<!emitc.opaque<"XAie_DevInst">>, !emitc.opaque<"XAie_LocType">, !emitc.ptr<i8>, i32, !emitc.ptr<i8>, i32) -> i32
      %67 = emitc.call @XAie_TileLoc(%9, %22) : (i32, i32) -> !emitc.opaque<"XAie_LocType">
      %68 = emitc.call @getOrCreateDeviceInstance() : () -> !emitc.ptr<!emitc.opaque<"XAie_DevInst">>
      %69 = emitc.call @XAie_StrmConnCctEnable(%68, %67, %16, %24, %18, %23) : (!emitc.ptr<!emitc.opaque<"XAie_DevInst">>, !emitc.opaque<"XAie_LocType">, !emitc.ptr<i8>, i32, !emitc.ptr<i8>, i32) -> i32
      %70 = emitc.call @XAie_TileLoc(%9, %23) : (i32, i32) -> !emitc.opaque<"XAie_LocType">
      %71 = emitc.call @getOrCreateDeviceInstance() : () -> !emitc.ptr<!emitc.opaque<"XAie_DevInst">>
      %72 = emitc.call @XAie_StrmConnCctEnable(%71, %70, %16, %24, %14, %24) : (!emitc.ptr<!emitc.opaque<"XAie_DevInst">>, !emitc.opaque<"XAie_LocType">, !emitc.ptr<i8>, i32, !emitc.ptr<i8>, i32) -> i32
      %73 = emitc.call @XAie_TileLoc(%9, %23) : (i32, i32) -> !emitc.opaque<"XAie_LocType">
      %74 = emitc.call @getOrCreateDeviceInstance() : () -> !emitc.ptr<!emitc.opaque<"XAie_DevInst">>
      %75 = emitc.call @XAie_StrmConnCctEnable(%74, %73, %16, %24, %18, %23) : (!emitc.ptr<!emitc.opaque<"XAie_DevInst">>, !emitc.opaque<"XAie_LocType">, !emitc.ptr<i8>, i32, !emitc.ptr<i8>, i32) -> i32
      %76 = emitc.call @XAie_TileLoc(%9, %24) : (i32, i32) -> !emitc.opaque<"XAie_LocType">
      %77 = emitc.call @getOrCreateDeviceInstance() : () -> !emitc.ptr<!emitc.opaque<"XAie_DevInst">>
      %78 = emitc.call @XAie_StrmConnCctEnable(%77, %76, %16, %24, %18, %23) : (!emitc.ptr<!emitc.opaque<"XAie_DevInst">>, !emitc.opaque<"XAie_LocType">, !emitc.ptr<i8>, i32, !emitc.ptr<i8>, i32) -> i32
    }
    emitc.verbatim "\0A} //----routing creation in row ----end-------\0A"
    emitc.verbatim "\0A{ //----routing creation in col ----start-------"
    emitc.verbatim "\0A//round is 0 hw split in : col -----------"
    emitc.if %20 {
      %25 = emitc.call @XAie_TileLoc(%24, %7) : (i32, i32) -> !emitc.opaque<"XAie_LocType">
      %26 = emitc.call @getOrCreateDeviceInstance() : () -> !emitc.ptr<!emitc.opaque<"XAie_DevInst">>
      %27 = emitc.call @XAie_EnableShimDmaToAieStrmPort(%26, %25, %21) : (!emitc.ptr<!emitc.opaque<"XAie_DevInst">>, !emitc.opaque<"XAie_LocType">, i32) -> i32
      %28 = emitc.call @XAie_TileLoc(%24, %7) : (i32, i32) -> !emitc.opaque<"XAie_LocType">
      %29 = emitc.call @getOrCreateDeviceInstance() : () -> !emitc.ptr<!emitc.opaque<"XAie_DevInst">>
      %30 = emitc.call @XAie_StrmConnCctEnable(%29, %28, %12, %21, %11, %24) : (!emitc.ptr<!emitc.opaque<"XAie_DevInst">>, !emitc.opaque<"XAie_LocType">, !emitc.ptr<i8>, i32, !emitc.ptr<i8>, i32) -> i32
      %31 = emitc.call @XAie_TileLoc(%23, %7) : (i32, i32) -> !emitc.opaque<"XAie_LocType">
      %32 = emitc.call @getOrCreateDeviceInstance() : () -> !emitc.ptr<!emitc.opaque<"XAie_DevInst">>
      %33 = emitc.call @XAie_StrmConnCctEnable(%32, %31, %12, %24, %11, %24) : (!emitc.ptr<!emitc.opaque<"XAie_DevInst">>, !emitc.opaque<"XAie_LocType">, !emitc.ptr<i8>, i32, !emitc.ptr<i8>, i32) -> i32
      %34 = emitc.call @XAie_TileLoc(%22, %7) : (i32, i32) -> !emitc.opaque<"XAie_LocType">
      %35 = emitc.call @getOrCreateDeviceInstance() : () -> !emitc.ptr<!emitc.opaque<"XAie_DevInst">>
      %36 = emitc.call @XAie_StrmConnCctEnable(%35, %34, %12, %24, %11, %24) : (!emitc.ptr<!emitc.opaque<"XAie_DevInst">>, !emitc.opaque<"XAie_LocType">, !emitc.ptr<i8>, i32, !emitc.ptr<i8>, i32) -> i32
      %37 = emitc.call @XAie_TileLoc(%21, %7) : (i32, i32) -> !emitc.opaque<"XAie_LocType">
      %38 = emitc.call @getOrCreateDeviceInstance() : () -> !emitc.ptr<!emitc.opaque<"XAie_DevInst">>
      %39 = emitc.call @XAie_StrmConnCctEnable(%38, %37, %12, %24, %14, %24) : (!emitc.ptr<!emitc.opaque<"XAie_DevInst">>, !emitc.opaque<"XAie_LocType">, !emitc.ptr<i8>, i32, !emitc.ptr<i8>, i32) -> i32
      %40 = emitc.call @XAie_TileLoc(%21, %6) : (i32, i32) -> !emitc.opaque<"XAie_LocType">
      %41 = emitc.call @getOrCreateDeviceInstance() : () -> !emitc.ptr<!emitc.opaque<"XAie_DevInst">>
      %42 = emitc.call @XAie_StrmConnCctEnable(%41, %40, %16, %24, %14, %24) : (!emitc.ptr<!emitc.opaque<"XAie_DevInst">>, !emitc.opaque<"XAie_LocType">, !emitc.ptr<i8>, i32, !emitc.ptr<i8>, i32) -> i32
      %43 = emitc.call @XAie_TileLoc(%21, %5) : (i32, i32) -> !emitc.opaque<"XAie_LocType">
      %44 = emitc.call @getOrCreateDeviceInstance() : () -> !emitc.ptr<!emitc.opaque<"XAie_DevInst">>
      %45 = emitc.call @XAie_StrmConnCctEnable(%44, %43, %16, %24, %14, %24) : (!emitc.ptr<!emitc.opaque<"XAie_DevInst">>, !emitc.opaque<"XAie_LocType">, !emitc.ptr<i8>, i32, !emitc.ptr<i8>, i32) -> i32
      %46 = emitc.call @XAie_TileLoc(%21, %4) : (i32, i32) -> !emitc.opaque<"XAie_LocType">
      %47 = emitc.call @getOrCreateDeviceInstance() : () -> !emitc.ptr<!emitc.opaque<"XAie_DevInst">>
      %48 = emitc.call @XAie_StrmConnCctEnable(%47, %46, %16, %24, %14, %24) : (!emitc.ptr<!emitc.opaque<"XAie_DevInst">>, !emitc.opaque<"XAie_LocType">, !emitc.ptr<i8>, i32, !emitc.ptr<i8>, i32) -> i32
      %49 = emitc.call @XAie_TileLoc(%21, %3) : (i32, i32) -> !emitc.opaque<"XAie_LocType">
      %50 = emitc.call @getOrCreateDeviceInstance() : () -> !emitc.ptr<!emitc.opaque<"XAie_DevInst">>
      %51 = emitc.call @XAie_StrmConnCctEnable(%50, %49, %16, %24, %14, %24) : (!emitc.ptr<!emitc.opaque<"XAie_DevInst">>, !emitc.opaque<"XAie_LocType">, !emitc.ptr<i8>, i32, !emitc.ptr<i8>, i32) -> i32
      %52 = emitc.call @XAie_TileLoc(%21, %2) : (i32, i32) -> !emitc.opaque<"XAie_LocType">
      %53 = emitc.call @getOrCreateDeviceInstance() : () -> !emitc.ptr<!emitc.opaque<"XAie_DevInst">>
      %54 = emitc.call @XAie_StrmConnCctEnable(%53, %52, %16, %24, %14, %24) : (!emitc.ptr<!emitc.opaque<"XAie_DevInst">>, !emitc.opaque<"XAie_LocType">, !emitc.ptr<i8>, i32, !emitc.ptr<i8>, i32) -> i32
      %55 = emitc.call @XAie_TileLoc(%21, %1) : (i32, i32) -> !emitc.opaque<"XAie_LocType">
      %56 = emitc.call @getOrCreateDeviceInstance() : () -> !emitc.ptr<!emitc.opaque<"XAie_DevInst">>
      %57 = emitc.call @XAie_StrmConnCctEnable(%56, %55, %16, %24, %14, %24) : (!emitc.ptr<!emitc.opaque<"XAie_DevInst">>, !emitc.opaque<"XAie_LocType">, !emitc.ptr<i8>, i32, !emitc.ptr<i8>, i32) -> i32
      %58 = emitc.call @XAie_TileLoc(%21, %8) : (i32, i32) -> !emitc.opaque<"XAie_LocType">
      %59 = emitc.call @getOrCreateDeviceInstance() : () -> !emitc.ptr<!emitc.opaque<"XAie_DevInst">>
      %60 = emitc.call @XAie_StrmConnCctEnable(%59, %58, %16, %24, %14, %24) : (!emitc.ptr<!emitc.opaque<"XAie_DevInst">>, !emitc.opaque<"XAie_LocType">, !emitc.ptr<i8>, i32, !emitc.ptr<i8>, i32) -> i32
      %61 = emitc.call @XAie_TileLoc(%21, %9) : (i32, i32) -> !emitc.opaque<"XAie_LocType">
      %62 = emitc.call @getOrCreateDeviceInstance() : () -> !emitc.ptr<!emitc.opaque<"XAie_DevInst">>
      %63 = emitc.call @XAie_StrmConnCctEnable(%62, %61, %16, %24, %14, %23) : (!emitc.ptr<!emitc.opaque<"XAie_DevInst">>, !emitc.opaque<"XAie_LocType">, !emitc.ptr<i8>, i32, !emitc.ptr<i8>, i32) -> i32
      %64 = emitc.call @XAie_TileLoc(%21, %10) : (i32, i32) -> !emitc.opaque<"XAie_LocType">
      %65 = emitc.call @getOrCreateDeviceInstance() : () -> !emitc.ptr<!emitc.opaque<"XAie_DevInst">>
      %66 = emitc.call @XAie_StrmConnCctEnable(%65, %64, %16, %23, %14, %23) : (!emitc.ptr<!emitc.opaque<"XAie_DevInst">>, !emitc.opaque<"XAie_LocType">, !emitc.ptr<i8>, i32, !emitc.ptr<i8>, i32) -> i32
      %67 = emitc.call @XAie_TileLoc(%21, %13) : (i32, i32) -> !emitc.opaque<"XAie_LocType">
      %68 = emitc.call @getOrCreateDeviceInstance() : () -> !emitc.ptr<!emitc.opaque<"XAie_DevInst">>
      %69 = emitc.call @XAie_StrmConnCctEnable(%68, %67, %16, %23, %14, %23) : (!emitc.ptr<!emitc.opaque<"XAie_DevInst">>, !emitc.opaque<"XAie_LocType">, !emitc.ptr<i8>, i32, !emitc.ptr<i8>, i32) -> i32
      %70 = emitc.call @XAie_TileLoc(%21, %21) : (i32, i32) -> !emitc.opaque<"XAie_LocType">
      %71 = emitc.call @getOrCreateDeviceInstance() : () -> !emitc.ptr<!emitc.opaque<"XAie_DevInst">>
      %72 = emitc.call @XAie_StrmConnCctEnable(%71, %70, %16, %23, %14, %23) : (!emitc.ptr<!emitc.opaque<"XAie_DevInst">>, !emitc.opaque<"XAie_LocType">, !emitc.ptr<i8>, i32, !emitc.ptr<i8>, i32) -> i32
      %73 = emitc.call @XAie_TileLoc(%21, %22) : (i32, i32) -> !emitc.opaque<"XAie_LocType">
      %74 = emitc.call @getOrCreateDeviceInstance() : () -> !emitc.ptr<!emitc.opaque<"XAie_DevInst">>
      %75 = emitc.call @XAie_StrmConnCctEnable(%74, %73, %16, %23, %14, %23) : (!emitc.ptr<!emitc.opaque<"XAie_DevInst">>, !emitc.opaque<"XAie_LocType">, !emitc.ptr<i8>, i32, !emitc.ptr<i8>, i32) -> i32
      %76 = emitc.call @XAie_TileLoc(%21, %23) : (i32, i32) -> !emitc.opaque<"XAie_LocType">
      %77 = emitc.call @getOrCreateDeviceInstance() : () -> !emitc.ptr<!emitc.opaque<"XAie_DevInst">>
      %78 = emitc.call @XAie_StrmConnCctEnable(%77, %76, %16, %23, %14, %23) : (!emitc.ptr<!emitc.opaque<"XAie_DevInst">>, !emitc.opaque<"XAie_LocType">, !emitc.ptr<i8>, i32, !emitc.ptr<i8>, i32) -> i32
      %79 = emitc.call @XAie_TileLoc(%21, %24) : (i32, i32) -> !emitc.opaque<"XAie_LocType">
      %80 = emitc.call @getOrCreateDeviceInstance() : () -> !emitc.ptr<!emitc.opaque<"XAie_DevInst">>
      %81 = emitc.call @XAie_StrmConnCctEnable(%80, %79, %16, %23, %11, %24) : (!emitc.ptr<!emitc.opaque<"XAie_DevInst">>, !emitc.opaque<"XAie_LocType">, !emitc.ptr<i8>, i32, !emitc.ptr<i8>, i32) -> i32
      %82 = emitc.call @XAie_TileLoc(%21, %24) : (i32, i32) -> !emitc.opaque<"XAie_LocType">
      %83 = emitc.call @getOrCreateDeviceInstance() : () -> !emitc.ptr<!emitc.opaque<"XAie_DevInst">>
      %84 = emitc.call @XAie_StrmConnCctEnable(%83, %82, %16, %23, %18, %22) : (!emitc.ptr<!emitc.opaque<"XAie_DevInst">>, !emitc.opaque<"XAie_LocType">, !emitc.ptr<i8>, i32, !emitc.ptr<i8>, i32) -> i32
      %85 = emitc.call @XAie_TileLoc(%13, %24) : (i32, i32) -> !emitc.opaque<"XAie_LocType">
      %86 = emitc.call @getOrCreateDeviceInstance() : () -> !emitc.ptr<!emitc.opaque<"XAie_DevInst">>
      %87 = emitc.call @XAie_StrmConnCctEnable(%86, %85, %12, %24, %11, %24) : (!emitc.ptr<!emitc.opaque<"XAie_DevInst">>, !emitc.opaque<"XAie_LocType">, !emitc.ptr<i8>, i32, !emitc.ptr<i8>, i32) -> i32
      %88 = emitc.call @XAie_TileLoc(%13, %24) : (i32, i32) -> !emitc.opaque<"XAie_LocType">
      %89 = emitc.call @getOrCreateDeviceInstance() : () -> !emitc.ptr<!emitc.opaque<"XAie_DevInst">>
      %90 = emitc.call @XAie_StrmConnCctEnable(%89, %88, %12, %24, %18, %22) : (!emitc.ptr<!emitc.opaque<"XAie_DevInst">>, !emitc.opaque<"XAie_LocType">, !emitc.ptr<i8>, i32, !emitc.ptr<i8>, i32) -> i32
      %91 = emitc.call @XAie_TileLoc(%10, %24) : (i32, i32) -> !emitc.opaque<"XAie_LocType">
      %92 = emitc.call @getOrCreateDeviceInstance() : () -> !emitc.ptr<!emitc.opaque<"XAie_DevInst">>
      %93 = emitc.call @XAie_StrmConnCctEnable(%92, %91, %12, %24, %11, %24) : (!emitc.ptr<!emitc.opaque<"XAie_DevInst">>, !emitc.opaque<"XAie_LocType">, !emitc.ptr<i8>, i32, !emitc.ptr<i8>, i32) -> i32
      %94 = emitc.call @XAie_TileLoc(%10, %24) : (i32, i32) -> !emitc.opaque<"XAie_LocType">
      %95 = emitc.call @getOrCreateDeviceInstance() : () -> !emitc.ptr<!emitc.opaque<"XAie_DevInst">>
      %96 = emitc.call @XAie_StrmConnCctEnable(%95, %94, %12, %24, %18, %22) : (!emitc.ptr<!emitc.opaque<"XAie_DevInst">>, !emitc.opaque<"XAie_LocType">, !emitc.ptr<i8>, i32, !emitc.ptr<i8>, i32) -> i32
      %97 = emitc.call @XAie_TileLoc(%9, %24) : (i32, i32) -> !emitc.opaque<"XAie_LocType">
      %98 = emitc.call @getOrCreateDeviceInstance() : () -> !emitc.ptr<!emitc.opaque<"XAie_DevInst">>
      %99 = emitc.call @XAie_StrmConnCctEnable(%98, %97, %12, %24, %18, %22) : (!emitc.ptr<!emitc.opaque<"XAie_DevInst">>, !emitc.opaque<"XAie_LocType">, !emitc.ptr<i8>, i32, !emitc.ptr<i8>, i32) -> i32
    }
    emitc.verbatim "\0A//round is 1 hw split in : col -----------"
    emitc.if %20 {
      %25 = emitc.call @XAie_TileLoc(%24, %7) : (i32, i32) -> !emitc.opaque<"XAie_LocType">
      %26 = emitc.call @getOrCreateDeviceInstance() : () -> !emitc.ptr<!emitc.opaque<"XAie_DevInst">>
      %27 = emitc.call @XAie_EnableShimDmaToAieStrmPort(%26, %25, %8) : (!emitc.ptr<!emitc.opaque<"XAie_DevInst">>, !emitc.opaque<"XAie_LocType">, i32) -> i32
      %28 = emitc.call @XAie_TileLoc(%24, %7) : (i32, i32) -> !emitc.opaque<"XAie_LocType">
      %29 = emitc.call @getOrCreateDeviceInstance() : () -> !emitc.ptr<!emitc.opaque<"XAie_DevInst">>
      %30 = emitc.call @XAie_StrmConnCctEnable(%29, %28, %12, %8, %11, %23) : (!emitc.ptr<!emitc.opaque<"XAie_DevInst">>, !emitc.opaque<"XAie_LocType">, !emitc.ptr<i8>, i32, !emitc.ptr<i8>, i32) -> i32
      %31 = emitc.call @XAie_TileLoc(%23, %7) : (i32, i32) -> !emitc.opaque<"XAie_LocType">
      %32 = emitc.call @getOrCreateDeviceInstance() : () -> !emitc.ptr<!emitc.opaque<"XAie_DevInst">>
      %33 = emitc.call @XAie_StrmConnCctEnable(%32, %31, %12, %23, %11, %23) : (!emitc.ptr<!emitc.opaque<"XAie_DevInst">>, !emitc.opaque<"XAie_LocType">, !emitc.ptr<i8>, i32, !emitc.ptr<i8>, i32) -> i32
      %34 = emitc.call @XAie_TileLoc(%22, %7) : (i32, i32) -> !emitc.opaque<"XAie_LocType">
      %35 = emitc.call @getOrCreateDeviceInstance() : () -> !emitc.ptr<!emitc.opaque<"XAie_DevInst">>
      %36 = emitc.call @XAie_StrmConnCctEnable(%35, %34, %12, %23, %11, %23) : (!emitc.ptr<!emitc.opaque<"XAie_DevInst">>, !emitc.opaque<"XAie_LocType">, !emitc.ptr<i8>, i32, !emitc.ptr<i8>, i32) -> i32
      %37 = emitc.call @XAie_TileLoc(%21, %7) : (i32, i32) -> !emitc.opaque<"XAie_LocType">
      %38 = emitc.call @getOrCreateDeviceInstance() : () -> !emitc.ptr<!emitc.opaque<"XAie_DevInst">>
      %39 = emitc.call @XAie_StrmConnCctEnable(%38, %37, %12, %23, %14, %23) : (!emitc.ptr<!emitc.opaque<"XAie_DevInst">>, !emitc.opaque<"XAie_LocType">, !emitc.ptr<i8>, i32, !emitc.ptr<i8>, i32) -> i32
      %40 = emitc.call @XAie_TileLoc(%21, %6) : (i32, i32) -> !emitc.opaque<"XAie_LocType">
      %41 = emitc.call @getOrCreateDeviceInstance() : () -> !emitc.ptr<!emitc.opaque<"XAie_DevInst">>
      %42 = emitc.call @XAie_StrmConnCctEnable(%41, %40, %16, %23, %14, %23) : (!emitc.ptr<!emitc.opaque<"XAie_DevInst">>, !emitc.opaque<"XAie_LocType">, !emitc.ptr<i8>, i32, !emitc.ptr<i8>, i32) -> i32
      %43 = emitc.call @XAie_TileLoc(%21, %5) : (i32, i32) -> !emitc.opaque<"XAie_LocType">
      %44 = emitc.call @getOrCreateDeviceInstance() : () -> !emitc.ptr<!emitc.opaque<"XAie_DevInst">>
      %45 = emitc.call @XAie_StrmConnCctEnable(%44, %43, %16, %23, %14, %23) : (!emitc.ptr<!emitc.opaque<"XAie_DevInst">>, !emitc.opaque<"XAie_LocType">, !emitc.ptr<i8>, i32, !emitc.ptr<i8>, i32) -> i32
      %46 = emitc.call @XAie_TileLoc(%21, %4) : (i32, i32) -> !emitc.opaque<"XAie_LocType">
      %47 = emitc.call @getOrCreateDeviceInstance() : () -> !emitc.ptr<!emitc.opaque<"XAie_DevInst">>
      %48 = emitc.call @XAie_StrmConnCctEnable(%47, %46, %16, %23, %14, %23) : (!emitc.ptr<!emitc.opaque<"XAie_DevInst">>, !emitc.opaque<"XAie_LocType">, !emitc.ptr<i8>, i32, !emitc.ptr<i8>, i32) -> i32
      %49 = emitc.call @XAie_TileLoc(%21, %3) : (i32, i32) -> !emitc.opaque<"XAie_LocType">
      %50 = emitc.call @getOrCreateDeviceInstance() : () -> !emitc.ptr<!emitc.opaque<"XAie_DevInst">>
      %51 = emitc.call @XAie_StrmConnCctEnable(%50, %49, %16, %23, %14, %23) : (!emitc.ptr<!emitc.opaque<"XAie_DevInst">>, !emitc.opaque<"XAie_LocType">, !emitc.ptr<i8>, i32, !emitc.ptr<i8>, i32) -> i32
      %52 = emitc.call @XAie_TileLoc(%21, %2) : (i32, i32) -> !emitc.opaque<"XAie_LocType">
      %53 = emitc.call @getOrCreateDeviceInstance() : () -> !emitc.ptr<!emitc.opaque<"XAie_DevInst">>
      %54 = emitc.call @XAie_StrmConnCctEnable(%53, %52, %16, %23, %14, %23) : (!emitc.ptr<!emitc.opaque<"XAie_DevInst">>, !emitc.opaque<"XAie_LocType">, !emitc.ptr<i8>, i32, !emitc.ptr<i8>, i32) -> i32
      %55 = emitc.call @XAie_TileLoc(%21, %1) : (i32, i32) -> !emitc.opaque<"XAie_LocType">
      %56 = emitc.call @getOrCreateDeviceInstance() : () -> !emitc.ptr<!emitc.opaque<"XAie_DevInst">>
      %57 = emitc.call @XAie_StrmConnCctEnable(%56, %55, %16, %23, %14, %23) : (!emitc.ptr<!emitc.opaque<"XAie_DevInst">>, !emitc.opaque<"XAie_LocType">, !emitc.ptr<i8>, i32, !emitc.ptr<i8>, i32) -> i32
      %58 = emitc.call @XAie_TileLoc(%21, %8) : (i32, i32) -> !emitc.opaque<"XAie_LocType">
      %59 = emitc.call @getOrCreateDeviceInstance() : () -> !emitc.ptr<!emitc.opaque<"XAie_DevInst">>
      %60 = emitc.call @XAie_StrmConnCctEnable(%59, %58, %16, %23, %14, %23) : (!emitc.ptr<!emitc.opaque<"XAie_DevInst">>, !emitc.opaque<"XAie_LocType">, !emitc.ptr<i8>, i32, !emitc.ptr<i8>, i32) -> i32
      %61 = emitc.call @XAie_TileLoc(%21, %9) : (i32, i32) -> !emitc.opaque<"XAie_LocType">
      %62 = emitc.call @getOrCreateDeviceInstance() : () -> !emitc.ptr<!emitc.opaque<"XAie_DevInst">>
      %63 = emitc.call @XAie_StrmConnCctEnable(%62, %61, %16, %23, %14, %22) : (!emitc.ptr<!emitc.opaque<"XAie_DevInst">>, !emitc.opaque<"XAie_LocType">, !emitc.ptr<i8>, i32, !emitc.ptr<i8>, i32) -> i32
      %64 = emitc.call @XAie_TileLoc(%21, %10) : (i32, i32) -> !emitc.opaque<"XAie_LocType">
      %65 = emitc.call @getOrCreateDeviceInstance() : () -> !emitc.ptr<!emitc.opaque<"XAie_DevInst">>
      %66 = emitc.call @XAie_StrmConnCctEnable(%65, %64, %16, %22, %14, %22) : (!emitc.ptr<!emitc.opaque<"XAie_DevInst">>, !emitc.opaque<"XAie_LocType">, !emitc.ptr<i8>, i32, !emitc.ptr<i8>, i32) -> i32
      %67 = emitc.call @XAie_TileLoc(%21, %13) : (i32, i32) -> !emitc.opaque<"XAie_LocType">
      %68 = emitc.call @getOrCreateDeviceInstance() : () -> !emitc.ptr<!emitc.opaque<"XAie_DevInst">>
      %69 = emitc.call @XAie_StrmConnCctEnable(%68, %67, %16, %22, %14, %22) : (!emitc.ptr<!emitc.opaque<"XAie_DevInst">>, !emitc.opaque<"XAie_LocType">, !emitc.ptr<i8>, i32, !emitc.ptr<i8>, i32) -> i32
      %70 = emitc.call @XAie_TileLoc(%21, %21) : (i32, i32) -> !emitc.opaque<"XAie_LocType">
      %71 = emitc.call @getOrCreateDeviceInstance() : () -> !emitc.ptr<!emitc.opaque<"XAie_DevInst">>
      %72 = emitc.call @XAie_StrmConnCctEnable(%71, %70, %16, %22, %14, %22) : (!emitc.ptr<!emitc.opaque<"XAie_DevInst">>, !emitc.opaque<"XAie_LocType">, !emitc.ptr<i8>, i32, !emitc.ptr<i8>, i32) -> i32
      %73 = emitc.call @XAie_TileLoc(%21, %22) : (i32, i32) -> !emitc.opaque<"XAie_LocType">
      %74 = emitc.call @getOrCreateDeviceInstance() : () -> !emitc.ptr<!emitc.opaque<"XAie_DevInst">>
      %75 = emitc.call @XAie_StrmConnCctEnable(%74, %73, %16, %22, %14, %22) : (!emitc.ptr<!emitc.opaque<"XAie_DevInst">>, !emitc.opaque<"XAie_LocType">, !emitc.ptr<i8>, i32, !emitc.ptr<i8>, i32) -> i32
      %76 = emitc.call @XAie_TileLoc(%21, %23) : (i32, i32) -> !emitc.opaque<"XAie_LocType">
      %77 = emitc.call @getOrCreateDeviceInstance() : () -> !emitc.ptr<!emitc.opaque<"XAie_DevInst">>
      %78 = emitc.call @XAie_StrmConnCctEnable(%77, %76, %16, %22, %11, %24) : (!emitc.ptr<!emitc.opaque<"XAie_DevInst">>, !emitc.opaque<"XAie_LocType">, !emitc.ptr<i8>, i32, !emitc.ptr<i8>, i32) -> i32
      %79 = emitc.call @XAie_TileLoc(%21, %23) : (i32, i32) -> !emitc.opaque<"XAie_LocType">
      %80 = emitc.call @getOrCreateDeviceInstance() : () -> !emitc.ptr<!emitc.opaque<"XAie_DevInst">>
      %81 = emitc.call @XAie_StrmConnCctEnable(%80, %79, %16, %22, %18, %22) : (!emitc.ptr<!emitc.opaque<"XAie_DevInst">>, !emitc.opaque<"XAie_LocType">, !emitc.ptr<i8>, i32, !emitc.ptr<i8>, i32) -> i32
      %82 = emitc.call @XAie_TileLoc(%13, %23) : (i32, i32) -> !emitc.opaque<"XAie_LocType">
      %83 = emitc.call @getOrCreateDeviceInstance() : () -> !emitc.ptr<!emitc.opaque<"XAie_DevInst">>
      %84 = emitc.call @XAie_StrmConnCctEnable(%83, %82, %12, %24, %11, %24) : (!emitc.ptr<!emitc.opaque<"XAie_DevInst">>, !emitc.opaque<"XAie_LocType">, !emitc.ptr<i8>, i32, !emitc.ptr<i8>, i32) -> i32
      %85 = emitc.call @XAie_TileLoc(%13, %23) : (i32, i32) -> !emitc.opaque<"XAie_LocType">
      %86 = emitc.call @getOrCreateDeviceInstance() : () -> !emitc.ptr<!emitc.opaque<"XAie_DevInst">>
      %87 = emitc.call @XAie_StrmConnCctEnable(%86, %85, %12, %24, %18, %22) : (!emitc.ptr<!emitc.opaque<"XAie_DevInst">>, !emitc.opaque<"XAie_LocType">, !emitc.ptr<i8>, i32, !emitc.ptr<i8>, i32) -> i32
      %88 = emitc.call @XAie_TileLoc(%10, %23) : (i32, i32) -> !emitc.opaque<"XAie_LocType">
      %89 = emitc.call @getOrCreateDeviceInstance() : () -> !emitc.ptr<!emitc.opaque<"XAie_DevInst">>
      %90 = emitc.call @XAie_StrmConnCctEnable(%89, %88, %12, %24, %11, %24) : (!emitc.ptr<!emitc.opaque<"XAie_DevInst">>, !emitc.opaque<"XAie_LocType">, !emitc.ptr<i8>, i32, !emitc.ptr<i8>, i32) -> i32
      %91 = emitc.call @XAie_TileLoc(%10, %23) : (i32, i32) -> !emitc.opaque<"XAie_LocType">
      %92 = emitc.call @getOrCreateDeviceInstance() : () -> !emitc.ptr<!emitc.opaque<"XAie_DevInst">>
      %93 = emitc.call @XAie_StrmConnCctEnable(%92, %91, %12, %24, %18, %22) : (!emitc.ptr<!emitc.opaque<"XAie_DevInst">>, !emitc.opaque<"XAie_LocType">, !emitc.ptr<i8>, i32, !emitc.ptr<i8>, i32) -> i32
      %94 = emitc.call @XAie_TileLoc(%9, %23) : (i32, i32) -> !emitc.opaque<"XAie_LocType">
      %95 = emitc.call @getOrCreateDeviceInstance() : () -> !emitc.ptr<!emitc.opaque<"XAie_DevInst">>
      %96 = emitc.call @XAie_StrmConnCctEnable(%95, %94, %12, %24, %18, %22) : (!emitc.ptr<!emitc.opaque<"XAie_DevInst">>, !emitc.opaque<"XAie_LocType">, !emitc.ptr<i8>, i32, !emitc.ptr<i8>, i32) -> i32
    }
    emitc.verbatim "\0A//round is 2 hw split in : col -----------"
    emitc.if %20 {
      %25 = emitc.call @XAie_TileLoc(%24, %0) : (i32, i32) -> !emitc.opaque<"XAie_LocType">
      %26 = emitc.call @getOrCreateDeviceInstance() : () -> !emitc.ptr<!emitc.opaque<"XAie_DevInst">>
      %27 = emitc.call @XAie_EnableShimDmaToAieStrmPort(%26, %25, %21) : (!emitc.ptr<!emitc.opaque<"XAie_DevInst">>, !emitc.opaque<"XAie_LocType">, i32) -> i32
      %28 = emitc.call @XAie_TileLoc(%24, %0) : (i32, i32) -> !emitc.opaque<"XAie_LocType">
      %29 = emitc.call @getOrCreateDeviceInstance() : () -> !emitc.ptr<!emitc.opaque<"XAie_DevInst">>
      %30 = emitc.call @XAie_StrmConnCctEnable(%29, %28, %12, %21, %11, %24) : (!emitc.ptr<!emitc.opaque<"XAie_DevInst">>, !emitc.opaque<"XAie_LocType">, !emitc.ptr<i8>, i32, !emitc.ptr<i8>, i32) -> i32
      %31 = emitc.call @XAie_TileLoc(%23, %0) : (i32, i32) -> !emitc.opaque<"XAie_LocType">
      %32 = emitc.call @getOrCreateDeviceInstance() : () -> !emitc.ptr<!emitc.opaque<"XAie_DevInst">>
      %33 = emitc.call @XAie_StrmConnCctEnable(%32, %31, %12, %24, %11, %24) : (!emitc.ptr<!emitc.opaque<"XAie_DevInst">>, !emitc.opaque<"XAie_LocType">, !emitc.ptr<i8>, i32, !emitc.ptr<i8>, i32) -> i32
      %34 = emitc.call @XAie_TileLoc(%22, %0) : (i32, i32) -> !emitc.opaque<"XAie_LocType">
      %35 = emitc.call @getOrCreateDeviceInstance() : () -> !emitc.ptr<!emitc.opaque<"XAie_DevInst">>
      %36 = emitc.call @XAie_StrmConnCctEnable(%35, %34, %12, %24, %11, %24) : (!emitc.ptr<!emitc.opaque<"XAie_DevInst">>, !emitc.opaque<"XAie_LocType">, !emitc.ptr<i8>, i32, !emitc.ptr<i8>, i32) -> i32
      %37 = emitc.call @XAie_TileLoc(%21, %0) : (i32, i32) -> !emitc.opaque<"XAie_LocType">
      %38 = emitc.call @getOrCreateDeviceInstance() : () -> !emitc.ptr<!emitc.opaque<"XAie_DevInst">>
      %39 = emitc.call @XAie_StrmConnCctEnable(%38, %37, %12, %24, %14, %24) : (!emitc.ptr<!emitc.opaque<"XAie_DevInst">>, !emitc.opaque<"XAie_LocType">, !emitc.ptr<i8>, i32, !emitc.ptr<i8>, i32) -> i32
      %40 = emitc.call @XAie_TileLoc(%21, %7) : (i32, i32) -> !emitc.opaque<"XAie_LocType">
      %41 = emitc.call @getOrCreateDeviceInstance() : () -> !emitc.ptr<!emitc.opaque<"XAie_DevInst">>
      %42 = emitc.call @XAie_StrmConnCctEnable(%41, %40, %16, %24, %14, %22) : (!emitc.ptr<!emitc.opaque<"XAie_DevInst">>, !emitc.opaque<"XAie_LocType">, !emitc.ptr<i8>, i32, !emitc.ptr<i8>, i32) -> i32
      %43 = emitc.call @XAie_TileLoc(%21, %6) : (i32, i32) -> !emitc.opaque<"XAie_LocType">
      %44 = emitc.call @getOrCreateDeviceInstance() : () -> !emitc.ptr<!emitc.opaque<"XAie_DevInst">>
      %45 = emitc.call @XAie_StrmConnCctEnable(%44, %43, %16, %22, %14, %22) : (!emitc.ptr<!emitc.opaque<"XAie_DevInst">>, !emitc.opaque<"XAie_LocType">, !emitc.ptr<i8>, i32, !emitc.ptr<i8>, i32) -> i32
      %46 = emitc.call @XAie_TileLoc(%21, %5) : (i32, i32) -> !emitc.opaque<"XAie_LocType">
      %47 = emitc.call @getOrCreateDeviceInstance() : () -> !emitc.ptr<!emitc.opaque<"XAie_DevInst">>
      %48 = emitc.call @XAie_StrmConnCctEnable(%47, %46, %16, %22, %14, %22) : (!emitc.ptr<!emitc.opaque<"XAie_DevInst">>, !emitc.opaque<"XAie_LocType">, !emitc.ptr<i8>, i32, !emitc.ptr<i8>, i32) -> i32
      %49 = emitc.call @XAie_TileLoc(%21, %4) : (i32, i32) -> !emitc.opaque<"XAie_LocType">
      %50 = emitc.call @getOrCreateDeviceInstance() : () -> !emitc.ptr<!emitc.opaque<"XAie_DevInst">>
      %51 = emitc.call @XAie_StrmConnCctEnable(%50, %49, %16, %22, %14, %22) : (!emitc.ptr<!emitc.opaque<"XAie_DevInst">>, !emitc.opaque<"XAie_LocType">, !emitc.ptr<i8>, i32, !emitc.ptr<i8>, i32) -> i32
      %52 = emitc.call @XAie_TileLoc(%21, %3) : (i32, i32) -> !emitc.opaque<"XAie_LocType">
      %53 = emitc.call @getOrCreateDeviceInstance() : () -> !emitc.ptr<!emitc.opaque<"XAie_DevInst">>
      %54 = emitc.call @XAie_StrmConnCctEnable(%53, %52, %16, %22, %14, %22) : (!emitc.ptr<!emitc.opaque<"XAie_DevInst">>, !emitc.opaque<"XAie_LocType">, !emitc.ptr<i8>, i32, !emitc.ptr<i8>, i32) -> i32
      %55 = emitc.call @XAie_TileLoc(%21, %2) : (i32, i32) -> !emitc.opaque<"XAie_LocType">
      %56 = emitc.call @getOrCreateDeviceInstance() : () -> !emitc.ptr<!emitc.opaque<"XAie_DevInst">>
      %57 = emitc.call @XAie_StrmConnCctEnable(%56, %55, %16, %22, %14, %22) : (!emitc.ptr<!emitc.opaque<"XAie_DevInst">>, !emitc.opaque<"XAie_LocType">, !emitc.ptr<i8>, i32, !emitc.ptr<i8>, i32) -> i32
      %58 = emitc.call @XAie_TileLoc(%21, %1) : (i32, i32) -> !emitc.opaque<"XAie_LocType">
      %59 = emitc.call @getOrCreateDeviceInstance() : () -> !emitc.ptr<!emitc.opaque<"XAie_DevInst">>
      %60 = emitc.call @XAie_StrmConnCctEnable(%59, %58, %16, %22, %14, %22) : (!emitc.ptr<!emitc.opaque<"XAie_DevInst">>, !emitc.opaque<"XAie_LocType">, !emitc.ptr<i8>, i32, !emitc.ptr<i8>, i32) -> i32
      %61 = emitc.call @XAie_TileLoc(%21, %8) : (i32, i32) -> !emitc.opaque<"XAie_LocType">
      %62 = emitc.call @getOrCreateDeviceInstance() : () -> !emitc.ptr<!emitc.opaque<"XAie_DevInst">>
      %63 = emitc.call @XAie_StrmConnCctEnable(%62, %61, %16, %22, %14, %22) : (!emitc.ptr<!emitc.opaque<"XAie_DevInst">>, !emitc.opaque<"XAie_LocType">, !emitc.ptr<i8>, i32, !emitc.ptr<i8>, i32) -> i32
      %64 = emitc.call @XAie_TileLoc(%21, %9) : (i32, i32) -> !emitc.opaque<"XAie_LocType">
      %65 = emitc.call @getOrCreateDeviceInstance() : () -> !emitc.ptr<!emitc.opaque<"XAie_DevInst">>
      %66 = emitc.call @XAie_StrmConnCctEnable(%65, %64, %16, %22, %14, %21) : (!emitc.ptr<!emitc.opaque<"XAie_DevInst">>, !emitc.opaque<"XAie_LocType">, !emitc.ptr<i8>, i32, !emitc.ptr<i8>, i32) -> i32
      %67 = emitc.call @XAie_TileLoc(%21, %10) : (i32, i32) -> !emitc.opaque<"XAie_LocType">
      %68 = emitc.call @getOrCreateDeviceInstance() : () -> !emitc.ptr<!emitc.opaque<"XAie_DevInst">>
      %69 = emitc.call @XAie_StrmConnCctEnable(%68, %67, %16, %21, %14, %21) : (!emitc.ptr<!emitc.opaque<"XAie_DevInst">>, !emitc.opaque<"XAie_LocType">, !emitc.ptr<i8>, i32, !emitc.ptr<i8>, i32) -> i32
      %70 = emitc.call @XAie_TileLoc(%21, %13) : (i32, i32) -> !emitc.opaque<"XAie_LocType">
      %71 = emitc.call @getOrCreateDeviceInstance() : () -> !emitc.ptr<!emitc.opaque<"XAie_DevInst">>
      %72 = emitc.call @XAie_StrmConnCctEnable(%71, %70, %16, %21, %14, %21) : (!emitc.ptr<!emitc.opaque<"XAie_DevInst">>, !emitc.opaque<"XAie_LocType">, !emitc.ptr<i8>, i32, !emitc.ptr<i8>, i32) -> i32
      %73 = emitc.call @XAie_TileLoc(%21, %21) : (i32, i32) -> !emitc.opaque<"XAie_LocType">
      %74 = emitc.call @getOrCreateDeviceInstance() : () -> !emitc.ptr<!emitc.opaque<"XAie_DevInst">>
      %75 = emitc.call @XAie_StrmConnCctEnable(%74, %73, %16, %21, %14, %21) : (!emitc.ptr<!emitc.opaque<"XAie_DevInst">>, !emitc.opaque<"XAie_LocType">, !emitc.ptr<i8>, i32, !emitc.ptr<i8>, i32) -> i32
      %76 = emitc.call @XAie_TileLoc(%21, %22) : (i32, i32) -> !emitc.opaque<"XAie_LocType">
      %77 = emitc.call @getOrCreateDeviceInstance() : () -> !emitc.ptr<!emitc.opaque<"XAie_DevInst">>
      %78 = emitc.call @XAie_StrmConnCctEnable(%77, %76, %16, %21, %11, %24) : (!emitc.ptr<!emitc.opaque<"XAie_DevInst">>, !emitc.opaque<"XAie_LocType">, !emitc.ptr<i8>, i32, !emitc.ptr<i8>, i32) -> i32
      %79 = emitc.call @XAie_TileLoc(%21, %22) : (i32, i32) -> !emitc.opaque<"XAie_LocType">
      %80 = emitc.call @getOrCreateDeviceInstance() : () -> !emitc.ptr<!emitc.opaque<"XAie_DevInst">>
      %81 = emitc.call @XAie_StrmConnCctEnable(%80, %79, %16, %21, %18, %22) : (!emitc.ptr<!emitc.opaque<"XAie_DevInst">>, !emitc.opaque<"XAie_LocType">, !emitc.ptr<i8>, i32, !emitc.ptr<i8>, i32) -> i32
      %82 = emitc.call @XAie_TileLoc(%13, %22) : (i32, i32) -> !emitc.opaque<"XAie_LocType">
      %83 = emitc.call @getOrCreateDeviceInstance() : () -> !emitc.ptr<!emitc.opaque<"XAie_DevInst">>
      %84 = emitc.call @XAie_StrmConnCctEnable(%83, %82, %12, %24, %11, %24) : (!emitc.ptr<!emitc.opaque<"XAie_DevInst">>, !emitc.opaque<"XAie_LocType">, !emitc.ptr<i8>, i32, !emitc.ptr<i8>, i32) -> i32
      %85 = emitc.call @XAie_TileLoc(%13, %22) : (i32, i32) -> !emitc.opaque<"XAie_LocType">
      %86 = emitc.call @getOrCreateDeviceInstance() : () -> !emitc.ptr<!emitc.opaque<"XAie_DevInst">>
      %87 = emitc.call @XAie_StrmConnCctEnable(%86, %85, %12, %24, %18, %22) : (!emitc.ptr<!emitc.opaque<"XAie_DevInst">>, !emitc.opaque<"XAie_LocType">, !emitc.ptr<i8>, i32, !emitc.ptr<i8>, i32) -> i32
      %88 = emitc.call @XAie_TileLoc(%10, %22) : (i32, i32) -> !emitc.opaque<"XAie_LocType">
      %89 = emitc.call @getOrCreateDeviceInstance() : () -> !emitc.ptr<!emitc.opaque<"XAie_DevInst">>
      %90 = emitc.call @XAie_StrmConnCctEnable(%89, %88, %12, %24, %11, %24) : (!emitc.ptr<!emitc.opaque<"XAie_DevInst">>, !emitc.opaque<"XAie_LocType">, !emitc.ptr<i8>, i32, !emitc.ptr<i8>, i32) -> i32
      %91 = emitc.call @XAie_TileLoc(%10, %22) : (i32, i32) -> !emitc.opaque<"XAie_LocType">
      %92 = emitc.call @getOrCreateDeviceInstance() : () -> !emitc.ptr<!emitc.opaque<"XAie_DevInst">>
      %93 = emitc.call @XAie_StrmConnCctEnable(%92, %91, %12, %24, %18, %22) : (!emitc.ptr<!emitc.opaque<"XAie_DevInst">>, !emitc.opaque<"XAie_LocType">, !emitc.ptr<i8>, i32, !emitc.ptr<i8>, i32) -> i32
      %94 = emitc.call @XAie_TileLoc(%9, %22) : (i32, i32) -> !emitc.opaque<"XAie_LocType">
      %95 = emitc.call @getOrCreateDeviceInstance() : () -> !emitc.ptr<!emitc.opaque<"XAie_DevInst">>
      %96 = emitc.call @XAie_StrmConnCctEnable(%95, %94, %12, %24, %18, %22) : (!emitc.ptr<!emitc.opaque<"XAie_DevInst">>, !emitc.opaque<"XAie_LocType">, !emitc.ptr<i8>, i32, !emitc.ptr<i8>, i32) -> i32
    }
    emitc.verbatim "\0A//round is 3 hw split in : col -----------"
    emitc.if %20 {
      %25 = emitc.call @XAie_TileLoc(%24, %0) : (i32, i32) -> !emitc.opaque<"XAie_LocType">
      %26 = emitc.call @getOrCreateDeviceInstance() : () -> !emitc.ptr<!emitc.opaque<"XAie_DevInst">>
      %27 = emitc.call @XAie_EnableShimDmaToAieStrmPort(%26, %25, %8) : (!emitc.ptr<!emitc.opaque<"XAie_DevInst">>, !emitc.opaque<"XAie_LocType">, i32) -> i32
      %28 = emitc.call @XAie_TileLoc(%24, %0) : (i32, i32) -> !emitc.opaque<"XAie_LocType">
      %29 = emitc.call @getOrCreateDeviceInstance() : () -> !emitc.ptr<!emitc.opaque<"XAie_DevInst">>
      %30 = emitc.call @XAie_StrmConnCctEnable(%29, %28, %12, %8, %11, %23) : (!emitc.ptr<!emitc.opaque<"XAie_DevInst">>, !emitc.opaque<"XAie_LocType">, !emitc.ptr<i8>, i32, !emitc.ptr<i8>, i32) -> i32
      %31 = emitc.call @XAie_TileLoc(%23, %0) : (i32, i32) -> !emitc.opaque<"XAie_LocType">
      %32 = emitc.call @getOrCreateDeviceInstance() : () -> !emitc.ptr<!emitc.opaque<"XAie_DevInst">>
      %33 = emitc.call @XAie_StrmConnCctEnable(%32, %31, %12, %23, %11, %23) : (!emitc.ptr<!emitc.opaque<"XAie_DevInst">>, !emitc.opaque<"XAie_LocType">, !emitc.ptr<i8>, i32, !emitc.ptr<i8>, i32) -> i32
      %34 = emitc.call @XAie_TileLoc(%22, %0) : (i32, i32) -> !emitc.opaque<"XAie_LocType">
      %35 = emitc.call @getOrCreateDeviceInstance() : () -> !emitc.ptr<!emitc.opaque<"XAie_DevInst">>
      %36 = emitc.call @XAie_StrmConnCctEnable(%35, %34, %12, %23, %14, %24) : (!emitc.ptr<!emitc.opaque<"XAie_DevInst">>, !emitc.opaque<"XAie_LocType">, !emitc.ptr<i8>, i32, !emitc.ptr<i8>, i32) -> i32
      %37 = emitc.call @XAie_TileLoc(%22, %7) : (i32, i32) -> !emitc.opaque<"XAie_LocType">
      %38 = emitc.call @getOrCreateDeviceInstance() : () -> !emitc.ptr<!emitc.opaque<"XAie_DevInst">>
      %39 = emitc.call @XAie_StrmConnCctEnable(%38, %37, %16, %24, %14, %24) : (!emitc.ptr<!emitc.opaque<"XAie_DevInst">>, !emitc.opaque<"XAie_LocType">, !emitc.ptr<i8>, i32, !emitc.ptr<i8>, i32) -> i32
      %40 = emitc.call @XAie_TileLoc(%22, %6) : (i32, i32) -> !emitc.opaque<"XAie_LocType">
      %41 = emitc.call @getOrCreateDeviceInstance() : () -> !emitc.ptr<!emitc.opaque<"XAie_DevInst">>
      %42 = emitc.call @XAie_StrmConnCctEnable(%41, %40, %16, %24, %14, %24) : (!emitc.ptr<!emitc.opaque<"XAie_DevInst">>, !emitc.opaque<"XAie_LocType">, !emitc.ptr<i8>, i32, !emitc.ptr<i8>, i32) -> i32
      %43 = emitc.call @XAie_TileLoc(%22, %5) : (i32, i32) -> !emitc.opaque<"XAie_LocType">
      %44 = emitc.call @getOrCreateDeviceInstance() : () -> !emitc.ptr<!emitc.opaque<"XAie_DevInst">>
      %45 = emitc.call @XAie_StrmConnCctEnable(%44, %43, %16, %24, %14, %24) : (!emitc.ptr<!emitc.opaque<"XAie_DevInst">>, !emitc.opaque<"XAie_LocType">, !emitc.ptr<i8>, i32, !emitc.ptr<i8>, i32) -> i32
      %46 = emitc.call @XAie_TileLoc(%22, %4) : (i32, i32) -> !emitc.opaque<"XAie_LocType">
      %47 = emitc.call @getOrCreateDeviceInstance() : () -> !emitc.ptr<!emitc.opaque<"XAie_DevInst">>
      %48 = emitc.call @XAie_StrmConnCctEnable(%47, %46, %16, %24, %14, %24) : (!emitc.ptr<!emitc.opaque<"XAie_DevInst">>, !emitc.opaque<"XAie_LocType">, !emitc.ptr<i8>, i32, !emitc.ptr<i8>, i32) -> i32
      %49 = emitc.call @XAie_TileLoc(%22, %3) : (i32, i32) -> !emitc.opaque<"XAie_LocType">
      %50 = emitc.call @getOrCreateDeviceInstance() : () -> !emitc.ptr<!emitc.opaque<"XAie_DevInst">>
      %51 = emitc.call @XAie_StrmConnCctEnable(%50, %49, %16, %24, %14, %24) : (!emitc.ptr<!emitc.opaque<"XAie_DevInst">>, !emitc.opaque<"XAie_LocType">, !emitc.ptr<i8>, i32, !emitc.ptr<i8>, i32) -> i32
      %52 = emitc.call @XAie_TileLoc(%22, %2) : (i32, i32) -> !emitc.opaque<"XAie_LocType">
      %53 = emitc.call @getOrCreateDeviceInstance() : () -> !emitc.ptr<!emitc.opaque<"XAie_DevInst">>
      %54 = emitc.call @XAie_StrmConnCctEnable(%53, %52, %16, %24, %14, %24) : (!emitc.ptr<!emitc.opaque<"XAie_DevInst">>, !emitc.opaque<"XAie_LocType">, !emitc.ptr<i8>, i32, !emitc.ptr<i8>, i32) -> i32
      %55 = emitc.call @XAie_TileLoc(%22, %1) : (i32, i32) -> !emitc.opaque<"XAie_LocType">
      %56 = emitc.call @getOrCreateDeviceInstance() : () -> !emitc.ptr<!emitc.opaque<"XAie_DevInst">>
      %57 = emitc.call @XAie_StrmConnCctEnable(%56, %55, %16, %24, %14, %24) : (!emitc.ptr<!emitc.opaque<"XAie_DevInst">>, !emitc.opaque<"XAie_LocType">, !emitc.ptr<i8>, i32, !emitc.ptr<i8>, i32) -> i32
      %58 = emitc.call @XAie_TileLoc(%22, %8) : (i32, i32) -> !emitc.opaque<"XAie_LocType">
      %59 = emitc.call @getOrCreateDeviceInstance() : () -> !emitc.ptr<!emitc.opaque<"XAie_DevInst">>
      %60 = emitc.call @XAie_StrmConnCctEnable(%59, %58, %16, %24, %14, %24) : (!emitc.ptr<!emitc.opaque<"XAie_DevInst">>, !emitc.opaque<"XAie_LocType">, !emitc.ptr<i8>, i32, !emitc.ptr<i8>, i32) -> i32
      %61 = emitc.call @XAie_TileLoc(%22, %9) : (i32, i32) -> !emitc.opaque<"XAie_LocType">
      %62 = emitc.call @getOrCreateDeviceInstance() : () -> !emitc.ptr<!emitc.opaque<"XAie_DevInst">>
      %63 = emitc.call @XAie_StrmConnCctEnable(%62, %61, %16, %24, %14, %24) : (!emitc.ptr<!emitc.opaque<"XAie_DevInst">>, !emitc.opaque<"XAie_LocType">, !emitc.ptr<i8>, i32, !emitc.ptr<i8>, i32) -> i32
      %64 = emitc.call @XAie_TileLoc(%22, %10) : (i32, i32) -> !emitc.opaque<"XAie_LocType">
      %65 = emitc.call @getOrCreateDeviceInstance() : () -> !emitc.ptr<!emitc.opaque<"XAie_DevInst">>
      %66 = emitc.call @XAie_StrmConnCctEnable(%65, %64, %16, %24, %14, %24) : (!emitc.ptr<!emitc.opaque<"XAie_DevInst">>, !emitc.opaque<"XAie_LocType">, !emitc.ptr<i8>, i32, !emitc.ptr<i8>, i32) -> i32
      %67 = emitc.call @XAie_TileLoc(%22, %13) : (i32, i32) -> !emitc.opaque<"XAie_LocType">
      %68 = emitc.call @getOrCreateDeviceInstance() : () -> !emitc.ptr<!emitc.opaque<"XAie_DevInst">>
      %69 = emitc.call @XAie_StrmConnCctEnable(%68, %67, %16, %24, %14, %24) : (!emitc.ptr<!emitc.opaque<"XAie_DevInst">>, !emitc.opaque<"XAie_LocType">, !emitc.ptr<i8>, i32, !emitc.ptr<i8>, i32) -> i32
      %70 = emitc.call @XAie_TileLoc(%22, %21) : (i32, i32) -> !emitc.opaque<"XAie_LocType">
      %71 = emitc.call @getOrCreateDeviceInstance() : () -> !emitc.ptr<!emitc.opaque<"XAie_DevInst">>
      %72 = emitc.call @XAie_StrmConnCctEnable(%71, %70, %16, %24, %11, %24) : (!emitc.ptr<!emitc.opaque<"XAie_DevInst">>, !emitc.opaque<"XAie_LocType">, !emitc.ptr<i8>, i32, !emitc.ptr<i8>, i32) -> i32
      %73 = emitc.call @XAie_TileLoc(%21, %21) : (i32, i32) -> !emitc.opaque<"XAie_LocType">
      %74 = emitc.call @getOrCreateDeviceInstance() : () -> !emitc.ptr<!emitc.opaque<"XAie_DevInst">>
      %75 = emitc.call @XAie_StrmConnCctEnable(%74, %73, %12, %24, %11, %24) : (!emitc.ptr<!emitc.opaque<"XAie_DevInst">>, !emitc.opaque<"XAie_LocType">, !emitc.ptr<i8>, i32, !emitc.ptr<i8>, i32) -> i32
      %76 = emitc.call @XAie_TileLoc(%21, %21) : (i32, i32) -> !emitc.opaque<"XAie_LocType">
      %77 = emitc.call @getOrCreateDeviceInstance() : () -> !emitc.ptr<!emitc.opaque<"XAie_DevInst">>
      %78 = emitc.call @XAie_StrmConnCctEnable(%77, %76, %12, %24, %18, %22) : (!emitc.ptr<!emitc.opaque<"XAie_DevInst">>, !emitc.opaque<"XAie_LocType">, !emitc.ptr<i8>, i32, !emitc.ptr<i8>, i32) -> i32
      %79 = emitc.call @XAie_TileLoc(%13, %21) : (i32, i32) -> !emitc.opaque<"XAie_LocType">
      %80 = emitc.call @getOrCreateDeviceInstance() : () -> !emitc.ptr<!emitc.opaque<"XAie_DevInst">>
      %81 = emitc.call @XAie_StrmConnCctEnable(%80, %79, %12, %24, %11, %24) : (!emitc.ptr<!emitc.opaque<"XAie_DevInst">>, !emitc.opaque<"XAie_LocType">, !emitc.ptr<i8>, i32, !emitc.ptr<i8>, i32) -> i32
      %82 = emitc.call @XAie_TileLoc(%13, %21) : (i32, i32) -> !emitc.opaque<"XAie_LocType">
      %83 = emitc.call @getOrCreateDeviceInstance() : () -> !emitc.ptr<!emitc.opaque<"XAie_DevInst">>
      %84 = emitc.call @XAie_StrmConnCctEnable(%83, %82, %12, %24, %18, %22) : (!emitc.ptr<!emitc.opaque<"XAie_DevInst">>, !emitc.opaque<"XAie_LocType">, !emitc.ptr<i8>, i32, !emitc.ptr<i8>, i32) -> i32
      %85 = emitc.call @XAie_TileLoc(%10, %21) : (i32, i32) -> !emitc.opaque<"XAie_LocType">
      %86 = emitc.call @getOrCreateDeviceInstance() : () -> !emitc.ptr<!emitc.opaque<"XAie_DevInst">>
      %87 = emitc.call @XAie_StrmConnCctEnable(%86, %85, %12, %24, %11, %24) : (!emitc.ptr<!emitc.opaque<"XAie_DevInst">>, !emitc.opaque<"XAie_LocType">, !emitc.ptr<i8>, i32, !emitc.ptr<i8>, i32) -> i32
      %88 = emitc.call @XAie_TileLoc(%10, %21) : (i32, i32) -> !emitc.opaque<"XAie_LocType">
      %89 = emitc.call @getOrCreateDeviceInstance() : () -> !emitc.ptr<!emitc.opaque<"XAie_DevInst">>
      %90 = emitc.call @XAie_StrmConnCctEnable(%89, %88, %12, %24, %18, %22) : (!emitc.ptr<!emitc.opaque<"XAie_DevInst">>, !emitc.opaque<"XAie_LocType">, !emitc.ptr<i8>, i32, !emitc.ptr<i8>, i32) -> i32
      %91 = emitc.call @XAie_TileLoc(%9, %21) : (i32, i32) -> !emitc.opaque<"XAie_LocType">
      %92 = emitc.call @getOrCreateDeviceInstance() : () -> !emitc.ptr<!emitc.opaque<"XAie_DevInst">>
      %93 = emitc.call @XAie_StrmConnCctEnable(%92, %91, %12, %24, %18, %22) : (!emitc.ptr<!emitc.opaque<"XAie_DevInst">>, !emitc.opaque<"XAie_LocType">, !emitc.ptr<i8>, i32, !emitc.ptr<i8>, i32) -> i32
    }
    emitc.verbatim "\0A} //----routing creation in col ----end-------\0A"
    return
  }
}
module attributes {codegen.headers = ["stdint.h", "stdio.h", "custom_lib.h"]} {
  emitc.include <"xaiengine.h">
  emitc.func private @getOrCreateDeviceInstance() -> !emitc.ptr<!emitc.opaque<"XAie_DevInst">>
  func.func @main() {
    %0 = "emitc.constant"() <{value = true}> : () -> i1
    emitc.verbatim "\0A{ //----routing creation in row ----start-------"
    emitc.verbatim "\0A//round is 0 hw split in : row -----------"
    emitc.if %0 {
      %1 = emitc.call_opaque "XAie_StrmPktSwSlaveSlotEnable"() {args = [#emitc.opaque<"getOrCreateDeviceInstance()">, #emitc.opaque<"XAie_TileLoc(3,0)">, #emitc.opaque<"DMA">, 0 : i32, 0 : i32, #emitc.opaque<"XAie_Packet(1,0)">, 31 : i32, 0 : i32, 0 : i32]} : () -> i32
      %2 = emitc.call_opaque "XAie_StrmPktSwMstrPortEnable"() {args = [#emitc.opaque<"getOrCreateDeviceInstance()">, #emitc.opaque<"XAie_TileLoc(3,0)">, #emitc.opaque<"EAST">, 0 : i32, #emitc.opaque<"XAIE_SS_PKT_DROP_HEADER">, 0 : i32, 1 : i32]} : () -> i32
      %3 = emitc.call_opaque "XAie_StrmPktSwSlaveSlotEnable"() {args = [#emitc.opaque<"getOrCreateDeviceInstance()">, #emitc.opaque<"XAie_TileLoc(3,1)">, #emitc.opaque<"WEST">, 0 : i32, 0 : i32, #emitc.opaque<"XAie_Packet(0,0)">, 0 : i32, 0 : i32, 0 : i32]} : () -> i32
      %4 = emitc.call_opaque "XAie_StrmPktSwSlaveSlotEnable"() {args = [#emitc.opaque<"getOrCreateDeviceInstance()">, #emitc.opaque<"XAie_TileLoc(3,1)">, #emitc.opaque<"DMA">, 0 : i32, 0 : i32, #emitc.opaque<"XAie_Packet(2,0)">, 31 : i32, 0 : i32, 0 : i32]} : () -> i32
      %5 = emitc.call_opaque "XAie_StrmPktSwMstrPortEnable"() {args = [#emitc.opaque<"getOrCreateDeviceInstance()">, #emitc.opaque<"XAie_TileLoc(3,1)">, #emitc.opaque<"EAST">, 0 : i32, #emitc.opaque<"XAIE_SS_PKT_DROP_HEADER">, 0 : i32, 1 : i32]} : () -> i32
      %6 = emitc.call_opaque "XAie_StrmPktSwSlaveSlotEnable"() {args = [#emitc.opaque<"getOrCreateDeviceInstance()">, #emitc.opaque<"XAie_TileLoc(3,2)">, #emitc.opaque<"WEST">, 0 : i32, 0 : i32, #emitc.opaque<"XAie_Packet(0,0)">, 0 : i32, 0 : i32, 0 : i32]} : () -> i32
      %7 = emitc.call_opaque "XAie_StrmPktSwSlaveSlotEnable"() {args = [#emitc.opaque<"getOrCreateDeviceInstance()">, #emitc.opaque<"XAie_TileLoc(3,2)">, #emitc.opaque<"DMA">, 0 : i32, 0 : i32, #emitc.opaque<"XAie_Packet(3,0)">, 31 : i32, 0 : i32, 0 : i32]} : () -> i32
      %8 = emitc.call_opaque "XAie_StrmPktSwMstrPortEnable"() {args = [#emitc.opaque<"getOrCreateDeviceInstance()">, #emitc.opaque<"XAie_TileLoc(3,2)">, #emitc.opaque<"EAST">, 0 : i32, #emitc.opaque<"XAIE_SS_PKT_DROP_HEADER">, 0 : i32, 1 : i32]} : () -> i32
      %9 = emitc.call_opaque "XAie_StrmPktSwSlaveSlotEnable"() {args = [#emitc.opaque<"getOrCreateDeviceInstance()">, #emitc.opaque<"XAie_TileLoc(3,3)">, #emitc.opaque<"WEST">, 0 : i32, 0 : i32, #emitc.opaque<"XAie_Packet(0,0)">, 0 : i32, 0 : i32, 0 : i32]} : () -> i32
      %10 = emitc.call_opaque "XAie_StrmPktSwSlaveSlotEnable"() {args = [#emitc.opaque<"getOrCreateDeviceInstance()">, #emitc.opaque<"XAie_TileLoc(3,3)">, #emitc.opaque<"DMA">, 0 : i32, 0 : i32, #emitc.opaque<"XAie_Packet(4,0)">, 31 : i32, 0 : i32, 0 : i32]} : () -> i32
      %11 = emitc.call_opaque "XAie_StrmPktSwMstrPortEnable"() {args = [#emitc.opaque<"getOrCreateDeviceInstance()">, #emitc.opaque<"XAie_TileLoc(3,3)">, #emitc.opaque<"SOUTH">, 0 : i32, #emitc.opaque<"XAIE_SS_PKT_DROP_HEADER">, 0 : i32, 1 : i32]} : () -> i32
      %12 = emitc.call_opaque "XAie_StrmConnCctEnable"() {args = [#emitc.opaque<"getOrCreateDeviceInstance()">, #emitc.opaque<"XAie_TileLoc(2,3)">, #emitc.opaque<"NORTH">, 0 : i32, #emitc.opaque<"SOUTH">, 0 : i32]} : () -> i32
      %13 = emitc.call_opaque "XAie_StrmConnCctEnable"() {args = [#emitc.opaque<"getOrCreateDeviceInstance()">, #emitc.opaque<"XAie_TileLoc(1,3)">, #emitc.opaque<"NORTH">, 0 : i32, #emitc.opaque<"SOUTH">, 0 : i32]} : () -> i32
      %14 = emitc.call_opaque "XAie_EnableAieToShimDmaStrmPort"() {args = [#emitc.opaque<"getOrCreateDeviceInstance()">, #emitc.opaque<"XAie_TileLoc(0,3)">, 2 : i32]} : () -> i32
      %15 = emitc.call_opaque "XAie_StrmConnCctEnable"() {args = [#emitc.opaque<"getOrCreateDeviceInstance()">, #emitc.opaque<"XAie_TileLoc(0,3)">, #emitc.opaque<"SOUTH">, 2 : i32, #emitc.opaque<"SOUTH">, 2 : i32]} : () -> i32
    }
    emitc.verbatim "\0A//round is 1 hw split in : row -----------"
    emitc.if %0 {
      %1 = emitc.call_opaque "XAie_StrmPktSwSlaveSlotEnable"() {args = [#emitc.opaque<"getOrCreateDeviceInstance()">, #emitc.opaque<"XAie_TileLoc(4,0)">, #emitc.opaque<"DMA">, 0 : i32, 0 : i32, #emitc.opaque<"XAie_Packet(1,0)">, 31 : i32, 0 : i32, 0 : i32]} : () -> i32
      %2 = emitc.call_opaque "XAie_StrmPktSwMstrPortEnable"() {args = [#emitc.opaque<"getOrCreateDeviceInstance()">, #emitc.opaque<"XAie_TileLoc(4,0)">, #emitc.opaque<"EAST">, 0 : i32, #emitc.opaque<"XAIE_SS_PKT_DROP_HEADER">, 0 : i32, 1 : i32]} : () -> i32
      %3 = emitc.call_opaque "XAie_StrmPktSwSlaveSlotEnable"() {args = [#emitc.opaque<"getOrCreateDeviceInstance()">, #emitc.opaque<"XAie_TileLoc(4,1)">, #emitc.opaque<"WEST">, 0 : i32, 0 : i32, #emitc.opaque<"XAie_Packet(0,0)">, 0 : i32, 0 : i32, 0 : i32]} : () -> i32
      %4 = emitc.call_opaque "XAie_StrmPktSwSlaveSlotEnable"() {args = [#emitc.opaque<"getOrCreateDeviceInstance()">, #emitc.opaque<"XAie_TileLoc(4,1)">, #emitc.opaque<"DMA">, 0 : i32, 0 : i32, #emitc.opaque<"XAie_Packet(2,0)">, 31 : i32, 0 : i32, 0 : i32]} : () -> i32
      %5 = emitc.call_opaque "XAie_StrmPktSwMstrPortEnable"() {args = [#emitc.opaque<"getOrCreateDeviceInstance()">, #emitc.opaque<"XAie_TileLoc(4,1)">, #emitc.opaque<"EAST">, 0 : i32, #emitc.opaque<"XAIE_SS_PKT_DROP_HEADER">, 0 : i32, 1 : i32]} : () -> i32
      %6 = emitc.call_opaque "XAie_StrmPktSwSlaveSlotEnable"() {args = [#emitc.opaque<"getOrCreateDeviceInstance()">, #emitc.opaque<"XAie_TileLoc(4,2)">, #emitc.opaque<"WEST">, 0 : i32, 0 : i32, #emitc.opaque<"XAie_Packet(0,0)">, 0 : i32, 0 : i32, 0 : i32]} : () -> i32
      %7 = emitc.call_opaque "XAie_StrmPktSwSlaveSlotEnable"() {args = [#emitc.opaque<"getOrCreateDeviceInstance()">, #emitc.opaque<"XAie_TileLoc(4,2)">, #emitc.opaque<"DMA">, 0 : i32, 0 : i32, #emitc.opaque<"XAie_Packet(3,0)">, 31 : i32, 0 : i32, 0 : i32]} : () -> i32
      %8 = emitc.call_opaque "XAie_StrmPktSwMstrPortEnable"() {args = [#emitc.opaque<"getOrCreateDeviceInstance()">, #emitc.opaque<"XAie_TileLoc(4,2)">, #emitc.opaque<"EAST">, 0 : i32, #emitc.opaque<"XAIE_SS_PKT_DROP_HEADER">, 0 : i32, 1 : i32]} : () -> i32
      %9 = emitc.call_opaque "XAie_StrmPktSwSlaveSlotEnable"() {args = [#emitc.opaque<"getOrCreateDeviceInstance()">, #emitc.opaque<"XAie_TileLoc(4,3)">, #emitc.opaque<"WEST">, 0 : i32, 0 : i32, #emitc.opaque<"XAie_Packet(0,0)">, 0 : i32, 0 : i32, 0 : i32]} : () -> i32
      %10 = emitc.call_opaque "XAie_StrmPktSwSlaveSlotEnable"() {args = [#emitc.opaque<"getOrCreateDeviceInstance()">, #emitc.opaque<"XAie_TileLoc(4,3)">, #emitc.opaque<"DMA">, 0 : i32, 0 : i32, #emitc.opaque<"XAie_Packet(4,0)">, 31 : i32, 0 : i32, 0 : i32]} : () -> i32
      %11 = emitc.call_opaque "XAie_StrmPktSwMstrPortEnable"() {args = [#emitc.opaque<"getOrCreateDeviceInstance()">, #emitc.opaque<"XAie_TileLoc(4,3)">, #emitc.opaque<"SOUTH">, 0 : i32, #emitc.opaque<"XAIE_SS_PKT_DROP_HEADER">, 0 : i32, 1 : i32]} : () -> i32
      %12 = emitc.call_opaque "XAie_StrmConnCctEnable"() {args = [#emitc.opaque<"getOrCreateDeviceInstance()">, #emitc.opaque<"XAie_TileLoc(3,3)">, #emitc.opaque<"NORTH">, 0 : i32, #emitc.opaque<"SOUTH">, 1 : i32]} : () -> i32
      %13 = emitc.call_opaque "XAie_StrmConnCctEnable"() {args = [#emitc.opaque<"getOrCreateDeviceInstance()">, #emitc.opaque<"XAie_TileLoc(2,3)">, #emitc.opaque<"NORTH">, 1 : i32, #emitc.opaque<"SOUTH">, 1 : i32]} : () -> i32
      %14 = emitc.call_opaque "XAie_StrmConnCctEnable"() {args = [#emitc.opaque<"getOrCreateDeviceInstance()">, #emitc.opaque<"XAie_TileLoc(1,3)">, #emitc.opaque<"NORTH">, 1 : i32, #emitc.opaque<"SOUTH">, 1 : i32]} : () -> i32
      %15 = emitc.call_opaque "XAie_EnableAieToShimDmaStrmPort"() {args = [#emitc.opaque<"getOrCreateDeviceInstance()">, #emitc.opaque<"XAie_TileLoc(0,3)">, 3 : i32]} : () -> i32
      %16 = emitc.call_opaque "XAie_StrmConnCctEnable"() {args = [#emitc.opaque<"getOrCreateDeviceInstance()">, #emitc.opaque<"XAie_TileLoc(0,3)">, #emitc.opaque<"SOUTH">, 3 : i32, #emitc.opaque<"SOUTH">, 3 : i32]} : () -> i32
    }
    emitc.verbatim "\0A//round is 2 hw split in : row -----------"
    emitc.if %0 {
      %1 = emitc.call_opaque "XAie_StrmPktSwSlaveSlotEnable"() {args = [#emitc.opaque<"getOrCreateDeviceInstance()">, #emitc.opaque<"XAie_TileLoc(5,0)">, #emitc.opaque<"DMA">, 0 : i32, 0 : i32, #emitc.opaque<"XAie_Packet(1,0)">, 31 : i32, 0 : i32, 0 : i32]} : () -> i32
      %2 = emitc.call_opaque "XAie_StrmPktSwMstrPortEnable"() {args = [#emitc.opaque<"getOrCreateDeviceInstance()">, #emitc.opaque<"XAie_TileLoc(5,0)">, #emitc.opaque<"EAST">, 0 : i32, #emitc.opaque<"XAIE_SS_PKT_DROP_HEADER">, 0 : i32, 1 : i32]} : () -> i32
      %3 = emitc.call_opaque "XAie_StrmPktSwSlaveSlotEnable"() {args = [#emitc.opaque<"getOrCreateDeviceInstance()">, #emitc.opaque<"XAie_TileLoc(5,1)">, #emitc.opaque<"WEST">, 0 : i32, 0 : i32, #emitc.opaque<"XAie_Packet(0,0)">, 0 : i32, 0 : i32, 0 : i32]} : () -> i32
      %4 = emitc.call_opaque "XAie_StrmPktSwSlaveSlotEnable"() {args = [#emitc.opaque<"getOrCreateDeviceInstance()">, #emitc.opaque<"XAie_TileLoc(5,1)">, #emitc.opaque<"DMA">, 0 : i32, 0 : i32, #emitc.opaque<"XAie_Packet(2,0)">, 31 : i32, 0 : i32, 0 : i32]} : () -> i32
      %5 = emitc.call_opaque "XAie_StrmPktSwMstrPortEnable"() {args = [#emitc.opaque<"getOrCreateDeviceInstance()">, #emitc.opaque<"XAie_TileLoc(5,1)">, #emitc.opaque<"EAST">, 0 : i32, #emitc.opaque<"XAIE_SS_PKT_DROP_HEADER">, 0 : i32, 1 : i32]} : () -> i32
      %6 = emitc.call_opaque "XAie_StrmPktSwSlaveSlotEnable"() {args = [#emitc.opaque<"getOrCreateDeviceInstance()">, #emitc.opaque<"XAie_TileLoc(5,2)">, #emitc.opaque<"WEST">, 0 : i32, 0 : i32, #emitc.opaque<"XAie_Packet(0,0)">, 0 : i32, 0 : i32, 0 : i32]} : () -> i32
      %7 = emitc.call_opaque "XAie_StrmPktSwSlaveSlotEnable"() {args = [#emitc.opaque<"getOrCreateDeviceInstance()">, #emitc.opaque<"XAie_TileLoc(5,2)">, #emitc.opaque<"DMA">, 0 : i32, 0 : i32, #emitc.opaque<"XAie_Packet(3,0)">, 31 : i32, 0 : i32, 0 : i32]} : () -> i32
      %8 = emitc.call_opaque "XAie_StrmPktSwMstrPortEnable"() {args = [#emitc.opaque<"getOrCreateDeviceInstance()">, #emitc.opaque<"XAie_TileLoc(5,2)">, #emitc.opaque<"EAST">, 0 : i32, #emitc.opaque<"XAIE_SS_PKT_DROP_HEADER">, 0 : i32, 1 : i32]} : () -> i32
      %9 = emitc.call_opaque "XAie_StrmPktSwSlaveSlotEnable"() {args = [#emitc.opaque<"getOrCreateDeviceInstance()">, #emitc.opaque<"XAie_TileLoc(5,3)">, #emitc.opaque<"WEST">, 0 : i32, 0 : i32, #emitc.opaque<"XAie_Packet(0,0)">, 0 : i32, 0 : i32, 0 : i32]} : () -> i32
      %10 = emitc.call_opaque "XAie_StrmPktSwSlaveSlotEnable"() {args = [#emitc.opaque<"getOrCreateDeviceInstance()">, #emitc.opaque<"XAie_TileLoc(5,3)">, #emitc.opaque<"DMA">, 0 : i32, 0 : i32, #emitc.opaque<"XAie_Packet(4,0)">, 31 : i32, 0 : i32, 0 : i32]} : () -> i32
      %11 = emitc.call_opaque "XAie_StrmPktSwMstrPortEnable"() {args = [#emitc.opaque<"getOrCreateDeviceInstance()">, #emitc.opaque<"XAie_TileLoc(5,3)">, #emitc.opaque<"SOUTH">, 0 : i32, #emitc.opaque<"XAIE_SS_PKT_DROP_HEADER">, 0 : i32, 1 : i32]} : () -> i32
      %12 = emitc.call_opaque "XAie_StrmConnCctEnable"() {args = [#emitc.opaque<"getOrCreateDeviceInstance()">, #emitc.opaque<"XAie_TileLoc(4,3)">, #emitc.opaque<"NORTH">, 0 : i32, #emitc.opaque<"SOUTH">, 1 : i32]} : () -> i32
      %13 = emitc.call_opaque "XAie_StrmConnCctEnable"() {args = [#emitc.opaque<"getOrCreateDeviceInstance()">, #emitc.opaque<"XAie_TileLoc(3,3)">, #emitc.opaque<"NORTH">, 1 : i32, #emitc.opaque<"SOUTH">, 2 : i32]} : () -> i32
      %14 = emitc.call_opaque "XAie_StrmConnCctEnable"() {args = [#emitc.opaque<"getOrCreateDeviceInstance()">, #emitc.opaque<"XAie_TileLoc(2,3)">, #emitc.opaque<"NORTH">, 2 : i32, #emitc.opaque<"SOUTH">, 2 : i32]} : () -> i32
      %15 = emitc.call_opaque "XAie_StrmConnCctEnable"() {args = [#emitc.opaque<"getOrCreateDeviceInstance()">, #emitc.opaque<"XAie_TileLoc(1,3)">, #emitc.opaque<"NORTH">, 2 : i32, #emitc.opaque<"WEST">, 0 : i32]} : () -> i32
      %16 = emitc.call_opaque "XAie_StrmConnCctEnable"() {args = [#emitc.opaque<"getOrCreateDeviceInstance()">, #emitc.opaque<"XAie_TileLoc(1,2)">, #emitc.opaque<"EAST">, 0 : i32, #emitc.opaque<"SOUTH">, 0 : i32]} : () -> i32
      %17 = emitc.call_opaque "XAie_EnableAieToShimDmaStrmPort"() {args = [#emitc.opaque<"getOrCreateDeviceInstance()">, #emitc.opaque<"XAie_TileLoc(0,2)">, 2 : i32]} : () -> i32
      %18 = emitc.call_opaque "XAie_StrmConnCctEnable"() {args = [#emitc.opaque<"getOrCreateDeviceInstance()">, #emitc.opaque<"XAie_TileLoc(0,2)">, #emitc.opaque<"SOUTH">, 2 : i32, #emitc.opaque<"SOUTH">, 2 : i32]} : () -> i32
    }
    emitc.verbatim "\0A//round is 3 hw split in : row -----------"
    emitc.if %0 {
      %1 = emitc.call_opaque "XAie_StrmPktSwSlaveSlotEnable"() {args = [#emitc.opaque<"getOrCreateDeviceInstance()">, #emitc.opaque<"XAie_TileLoc(6,0)">, #emitc.opaque<"DMA">, 0 : i32, 0 : i32, #emitc.opaque<"XAie_Packet(1,0)">, 31 : i32, 0 : i32, 0 : i32]} : () -> i32
      %2 = emitc.call_opaque "XAie_StrmPktSwMstrPortEnable"() {args = [#emitc.opaque<"getOrCreateDeviceInstance()">, #emitc.opaque<"XAie_TileLoc(6,0)">, #emitc.opaque<"EAST">, 0 : i32, #emitc.opaque<"XAIE_SS_PKT_DROP_HEADER">, 0 : i32, 1 : i32]} : () -> i32
      %3 = emitc.call_opaque "XAie_StrmPktSwSlaveSlotEnable"() {args = [#emitc.opaque<"getOrCreateDeviceInstance()">, #emitc.opaque<"XAie_TileLoc(6,1)">, #emitc.opaque<"WEST">, 0 : i32, 0 : i32, #emitc.opaque<"XAie_Packet(0,0)">, 0 : i32, 0 : i32, 0 : i32]} : () -> i32
      %4 = emitc.call_opaque "XAie_StrmPktSwSlaveSlotEnable"() {args = [#emitc.opaque<"getOrCreateDeviceInstance()">, #emitc.opaque<"XAie_TileLoc(6,1)">, #emitc.opaque<"DMA">, 0 : i32, 0 : i32, #emitc.opaque<"XAie_Packet(2,0)">, 31 : i32, 0 : i32, 0 : i32]} : () -> i32
      %5 = emitc.call_opaque "XAie_StrmPktSwMstrPortEnable"() {args = [#emitc.opaque<"getOrCreateDeviceInstance()">, #emitc.opaque<"XAie_TileLoc(6,1)">, #emitc.opaque<"EAST">, 0 : i32, #emitc.opaque<"XAIE_SS_PKT_DROP_HEADER">, 0 : i32, 1 : i32]} : () -> i32
      %6 = emitc.call_opaque "XAie_StrmPktSwSlaveSlotEnable"() {args = [#emitc.opaque<"getOrCreateDeviceInstance()">, #emitc.opaque<"XAie_TileLoc(6,2)">, #emitc.opaque<"WEST">, 0 : i32, 0 : i32, #emitc.opaque<"XAie_Packet(0,0)">, 0 : i32, 0 : i32, 0 : i32]} : () -> i32
      %7 = emitc.call_opaque "XAie_StrmPktSwSlaveSlotEnable"() {args = [#emitc.opaque<"getOrCreateDeviceInstance()">, #emitc.opaque<"XAie_TileLoc(6,2)">, #emitc.opaque<"DMA">, 0 : i32, 0 : i32, #emitc.opaque<"XAie_Packet(3,0)">, 31 : i32, 0 : i32, 0 : i32]} : () -> i32
      %8 = emitc.call_opaque "XAie_StrmPktSwMstrPortEnable"() {args = [#emitc.opaque<"getOrCreateDeviceInstance()">, #emitc.opaque<"XAie_TileLoc(6,2)">, #emitc.opaque<"EAST">, 0 : i32, #emitc.opaque<"XAIE_SS_PKT_DROP_HEADER">, 0 : i32, 1 : i32]} : () -> i32
      %9 = emitc.call_opaque "XAie_StrmPktSwSlaveSlotEnable"() {args = [#emitc.opaque<"getOrCreateDeviceInstance()">, #emitc.opaque<"XAie_TileLoc(6,3)">, #emitc.opaque<"WEST">, 0 : i32, 0 : i32, #emitc.opaque<"XAie_Packet(0,0)">, 0 : i32, 0 : i32, 0 : i32]} : () -> i32
      %10 = emitc.call_opaque "XAie_StrmPktSwSlaveSlotEnable"() {args = [#emitc.opaque<"getOrCreateDeviceInstance()">, #emitc.opaque<"XAie_TileLoc(6,3)">, #emitc.opaque<"DMA">, 0 : i32, 0 : i32, #emitc.opaque<"XAie_Packet(4,0)">, 31 : i32, 0 : i32, 0 : i32]} : () -> i32
      %11 = emitc.call_opaque "XAie_StrmPktSwMstrPortEnable"() {args = [#emitc.opaque<"getOrCreateDeviceInstance()">, #emitc.opaque<"XAie_TileLoc(6,3)">, #emitc.opaque<"SOUTH">, 0 : i32, #emitc.opaque<"XAIE_SS_PKT_DROP_HEADER">, 0 : i32, 1 : i32]} : () -> i32
      %12 = emitc.call_opaque "XAie_StrmConnCctEnable"() {args = [#emitc.opaque<"getOrCreateDeviceInstance()">, #emitc.opaque<"XAie_TileLoc(5,3)">, #emitc.opaque<"NORTH">, 0 : i32, #emitc.opaque<"SOUTH">, 1 : i32]} : () -> i32
      %13 = emitc.call_opaque "XAie_StrmConnCctEnable"() {args = [#emitc.opaque<"getOrCreateDeviceInstance()">, #emitc.opaque<"XAie_TileLoc(4,3)">, #emitc.opaque<"NORTH">, 1 : i32, #emitc.opaque<"SOUTH">, 2 : i32]} : () -> i32
      %14 = emitc.call_opaque "XAie_StrmConnCctEnable"() {args = [#emitc.opaque<"getOrCreateDeviceInstance()">, #emitc.opaque<"XAie_TileLoc(3,3)">, #emitc.opaque<"NORTH">, 2 : i32, #emitc.opaque<"SOUTH">, 3 : i32]} : () -> i32
      %15 = emitc.call_opaque "XAie_StrmConnCctEnable"() {args = [#emitc.opaque<"getOrCreateDeviceInstance()">, #emitc.opaque<"XAie_TileLoc(2,3)">, #emitc.opaque<"NORTH">, 3 : i32, #emitc.opaque<"SOUTH">, 3 : i32]} : () -> i32
      %16 = emitc.call_opaque "XAie_StrmConnCctEnable"() {args = [#emitc.opaque<"getOrCreateDeviceInstance()">, #emitc.opaque<"XAie_TileLoc(1,3)">, #emitc.opaque<"NORTH">, 3 : i32, #emitc.opaque<"WEST">, 1 : i32]} : () -> i32
      %17 = emitc.call_opaque "XAie_StrmConnCctEnable"() {args = [#emitc.opaque<"getOrCreateDeviceInstance()">, #emitc.opaque<"XAie_TileLoc(1,2)">, #emitc.opaque<"EAST">, 1 : i32, #emitc.opaque<"SOUTH">, 1 : i32]} : () -> i32
      %18 = emitc.call_opaque "XAie_EnableAieToShimDmaStrmPort"() {args = [#emitc.opaque<"getOrCreateDeviceInstance()">, #emitc.opaque<"XAie_TileLoc(0,2)">, 3 : i32]} : () -> i32
      %19 = emitc.call_opaque "XAie_StrmConnCctEnable"() {args = [#emitc.opaque<"getOrCreateDeviceInstance()">, #emitc.opaque<"XAie_TileLoc(0,2)">, #emitc.opaque<"SOUTH">, 3 : i32, #emitc.opaque<"SOUTH">, 3 : i32]} : () -> i32
    }
    emitc.verbatim "\0A} //----routing creation in row ----end-------\0A"
    emitc.verbatim "\0A{ //----routing creation in row ----start-------"
    emitc.verbatim "\0A//round is 0 hw split in : row -----------"
    emitc.if %0 {
      %1 = emitc.call_opaque "XAie_EnableShimDmaToAieStrmPort"() {args = [#emitc.opaque<"getOrCreateDeviceInstance()">, #emitc.opaque<"XAie_TileLoc(0,6)">, 3 : i32]} : () -> i32
      %2 = emitc.call_opaque "XAie_StrmConnCctEnable"() {args = [#emitc.opaque<"getOrCreateDeviceInstance()">, #emitc.opaque<"XAie_TileLoc(0,6)">, #emitc.opaque<"SOUTH">, 3 : i32, #emitc.opaque<"NORTH">, 0 : i32]} : () -> i32
      %3 = emitc.call_opaque "XAie_StrmConnCctEnable"() {args = [#emitc.opaque<"getOrCreateDeviceInstance()">, #emitc.opaque<"XAie_TileLoc(1,6)">, #emitc.opaque<"SOUTH">, 0 : i32, #emitc.opaque<"NORTH">, 0 : i32]} : () -> i32
      %4 = emitc.call_opaque "XAie_StrmConnCctEnable"() {args = [#emitc.opaque<"getOrCreateDeviceInstance()">, #emitc.opaque<"XAie_TileLoc(2,6)">, #emitc.opaque<"SOUTH">, 0 : i32, #emitc.opaque<"NORTH">, 0 : i32]} : () -> i32
      %5 = emitc.call_opaque "XAie_StrmConnCctEnable"() {args = [#emitc.opaque<"getOrCreateDeviceInstance()">, #emitc.opaque<"XAie_TileLoc(3,6)">, #emitc.opaque<"SOUTH">, 0 : i32, #emitc.opaque<"WEST">, 0 : i32]} : () -> i32
      %6 = emitc.call_opaque "XAie_StrmConnCctEnable"() {args = [#emitc.opaque<"getOrCreateDeviceInstance()">, #emitc.opaque<"XAie_TileLoc(3,5)">, #emitc.opaque<"EAST">, 0 : i32, #emitc.opaque<"WEST">, 0 : i32]} : () -> i32
      %7 = emitc.call_opaque "XAie_StrmConnCctEnable"() {args = [#emitc.opaque<"getOrCreateDeviceInstance()">, #emitc.opaque<"XAie_TileLoc(3,4)">, #emitc.opaque<"EAST">, 0 : i32, #emitc.opaque<"WEST">, 0 : i32]} : () -> i32
      %8 = emitc.call_opaque "XAie_StrmConnCctEnable"() {args = [#emitc.opaque<"getOrCreateDeviceInstance()">, #emitc.opaque<"XAie_TileLoc(3,3)">, #emitc.opaque<"EAST">, 0 : i32, #emitc.opaque<"WEST">, 0 : i32]} : () -> i32
      %9 = emitc.call_opaque "XAie_StrmConnCctEnable"() {args = [#emitc.opaque<"getOrCreateDeviceInstance()">, #emitc.opaque<"XAie_TileLoc(3,3)">, #emitc.opaque<"EAST">, 0 : i32, #emitc.opaque<"DMA">, 1 : i32]} : () -> i32
      %10 = emitc.call_opaque "XAie_StrmConnCctEnable"() {args = [#emitc.opaque<"getOrCreateDeviceInstance()">, #emitc.opaque<"XAie_TileLoc(3,2)">, #emitc.opaque<"EAST">, 0 : i32, #emitc.opaque<"WEST">, 0 : i32]} : () -> i32
      %11 = emitc.call_opaque "XAie_StrmConnCctEnable"() {args = [#emitc.opaque<"getOrCreateDeviceInstance()">, #emitc.opaque<"XAie_TileLoc(3,2)">, #emitc.opaque<"EAST">, 0 : i32, #emitc.opaque<"DMA">, 1 : i32]} : () -> i32
      %12 = emitc.call_opaque "XAie_StrmConnCctEnable"() {args = [#emitc.opaque<"getOrCreateDeviceInstance()">, #emitc.opaque<"XAie_TileLoc(3,1)">, #emitc.opaque<"EAST">, 0 : i32, #emitc.opaque<"WEST">, 0 : i32]} : () -> i32
      %13 = emitc.call_opaque "XAie_StrmConnCctEnable"() {args = [#emitc.opaque<"getOrCreateDeviceInstance()">, #emitc.opaque<"XAie_TileLoc(3,1)">, #emitc.opaque<"EAST">, 0 : i32, #emitc.opaque<"DMA">, 1 : i32]} : () -> i32
      %14 = emitc.call_opaque "XAie_StrmConnCctEnable"() {args = [#emitc.opaque<"getOrCreateDeviceInstance()">, #emitc.opaque<"XAie_TileLoc(3,0)">, #emitc.opaque<"EAST">, 0 : i32, #emitc.opaque<"DMA">, 1 : i32]} : () -> i32
    }
    emitc.verbatim "\0A//round is 1 hw split in : row -----------"
    emitc.if %0 {
      %1 = emitc.call_opaque "XAie_EnableShimDmaToAieStrmPort"() {args = [#emitc.opaque<"getOrCreateDeviceInstance()">, #emitc.opaque<"XAie_TileLoc(0,6)">, 7 : i32]} : () -> i32
      %2 = emitc.call_opaque "XAie_StrmConnCctEnable"() {args = [#emitc.opaque<"getOrCreateDeviceInstance()">, #emitc.opaque<"XAie_TileLoc(0,6)">, #emitc.opaque<"SOUTH">, 7 : i32, #emitc.opaque<"NORTH">, 1 : i32]} : () -> i32
      %3 = emitc.call_opaque "XAie_StrmConnCctEnable"() {args = [#emitc.opaque<"getOrCreateDeviceInstance()">, #emitc.opaque<"XAie_TileLoc(1,6)">, #emitc.opaque<"SOUTH">, 1 : i32, #emitc.opaque<"NORTH">, 1 : i32]} : () -> i32
      %4 = emitc.call_opaque "XAie_StrmConnCctEnable"() {args = [#emitc.opaque<"getOrCreateDeviceInstance()">, #emitc.opaque<"XAie_TileLoc(2,6)">, #emitc.opaque<"SOUTH">, 1 : i32, #emitc.opaque<"NORTH">, 1 : i32]} : () -> i32
      %5 = emitc.call_opaque "XAie_StrmConnCctEnable"() {args = [#emitc.opaque<"getOrCreateDeviceInstance()">, #emitc.opaque<"XAie_TileLoc(3,6)">, #emitc.opaque<"SOUTH">, 1 : i32, #emitc.opaque<"NORTH">, 0 : i32]} : () -> i32
      %6 = emitc.call_opaque "XAie_StrmConnCctEnable"() {args = [#emitc.opaque<"getOrCreateDeviceInstance()">, #emitc.opaque<"XAie_TileLoc(4,6)">, #emitc.opaque<"SOUTH">, 0 : i32, #emitc.opaque<"WEST">, 0 : i32]} : () -> i32
      %7 = emitc.call_opaque "XAie_StrmConnCctEnable"() {args = [#emitc.opaque<"getOrCreateDeviceInstance()">, #emitc.opaque<"XAie_TileLoc(4,5)">, #emitc.opaque<"EAST">, 0 : i32, #emitc.opaque<"WEST">, 0 : i32]} : () -> i32
      %8 = emitc.call_opaque "XAie_StrmConnCctEnable"() {args = [#emitc.opaque<"getOrCreateDeviceInstance()">, #emitc.opaque<"XAie_TileLoc(4,4)">, #emitc.opaque<"EAST">, 0 : i32, #emitc.opaque<"WEST">, 0 : i32]} : () -> i32
      %9 = emitc.call_opaque "XAie_StrmConnCctEnable"() {args = [#emitc.opaque<"getOrCreateDeviceInstance()">, #emitc.opaque<"XAie_TileLoc(4,3)">, #emitc.opaque<"EAST">, 0 : i32, #emitc.opaque<"WEST">, 0 : i32]} : () -> i32
      %10 = emitc.call_opaque "XAie_StrmConnCctEnable"() {args = [#emitc.opaque<"getOrCreateDeviceInstance()">, #emitc.opaque<"XAie_TileLoc(4,3)">, #emitc.opaque<"EAST">, 0 : i32, #emitc.opaque<"DMA">, 1 : i32]} : () -> i32
      %11 = emitc.call_opaque "XAie_StrmConnCctEnable"() {args = [#emitc.opaque<"getOrCreateDeviceInstance()">, #emitc.opaque<"XAie_TileLoc(4,2)">, #emitc.opaque<"EAST">, 0 : i32, #emitc.opaque<"WEST">, 0 : i32]} : () -> i32
      %12 = emitc.call_opaque "XAie_StrmConnCctEnable"() {args = [#emitc.opaque<"getOrCreateDeviceInstance()">, #emitc.opaque<"XAie_TileLoc(4,2)">, #emitc.opaque<"EAST">, 0 : i32, #emitc.opaque<"DMA">, 1 : i32]} : () -> i32
      %13 = emitc.call_opaque "XAie_StrmConnCctEnable"() {args = [#emitc.opaque<"getOrCreateDeviceInstance()">, #emitc.opaque<"XAie_TileLoc(4,1)">, #emitc.opaque<"EAST">, 0 : i32, #emitc.opaque<"WEST">, 0 : i32]} : () -> i32
      %14 = emitc.call_opaque "XAie_StrmConnCctEnable"() {args = [#emitc.opaque<"getOrCreateDeviceInstance()">, #emitc.opaque<"XAie_TileLoc(4,1)">, #emitc.opaque<"EAST">, 0 : i32, #emitc.opaque<"DMA">, 1 : i32]} : () -> i32
      %15 = emitc.call_opaque "XAie_StrmConnCctEnable"() {args = [#emitc.opaque<"getOrCreateDeviceInstance()">, #emitc.opaque<"XAie_TileLoc(4,0)">, #emitc.opaque<"EAST">, 0 : i32, #emitc.opaque<"DMA">, 1 : i32]} : () -> i32
    }
    emitc.verbatim "\0A//round is 2 hw split in : row -----------"
    emitc.if %0 {
      %1 = emitc.call_opaque "XAie_EnableShimDmaToAieStrmPort"() {args = [#emitc.opaque<"getOrCreateDeviceInstance()">, #emitc.opaque<"XAie_TileLoc(0,7)">, 3 : i32]} : () -> i32
      %2 = emitc.call_opaque "XAie_StrmConnCctEnable"() {args = [#emitc.opaque<"getOrCreateDeviceInstance()">, #emitc.opaque<"XAie_TileLoc(0,7)">, #emitc.opaque<"SOUTH">, 3 : i32, #emitc.opaque<"NORTH">, 0 : i32]} : () -> i32
      %3 = emitc.call_opaque "XAie_StrmConnCctEnable"() {args = [#emitc.opaque<"getOrCreateDeviceInstance()">, #emitc.opaque<"XAie_TileLoc(1,7)">, #emitc.opaque<"SOUTH">, 0 : i32, #emitc.opaque<"NORTH">, 0 : i32]} : () -> i32
      %4 = emitc.call_opaque "XAie_StrmConnCctEnable"() {args = [#emitc.opaque<"getOrCreateDeviceInstance()">, #emitc.opaque<"XAie_TileLoc(2,7)">, #emitc.opaque<"SOUTH">, 0 : i32, #emitc.opaque<"NORTH">, 0 : i32]} : () -> i32
      %5 = emitc.call_opaque "XAie_StrmConnCctEnable"() {args = [#emitc.opaque<"getOrCreateDeviceInstance()">, #emitc.opaque<"XAie_TileLoc(3,7)">, #emitc.opaque<"SOUTH">, 0 : i32, #emitc.opaque<"NORTH">, 0 : i32]} : () -> i32
      %6 = emitc.call_opaque "XAie_StrmConnCctEnable"() {args = [#emitc.opaque<"getOrCreateDeviceInstance()">, #emitc.opaque<"XAie_TileLoc(4,7)">, #emitc.opaque<"SOUTH">, 0 : i32, #emitc.opaque<"NORTH">, 0 : i32]} : () -> i32
      %7 = emitc.call_opaque "XAie_StrmConnCctEnable"() {args = [#emitc.opaque<"getOrCreateDeviceInstance()">, #emitc.opaque<"XAie_TileLoc(5,7)">, #emitc.opaque<"SOUTH">, 0 : i32, #emitc.opaque<"WEST">, 0 : i32]} : () -> i32
      %8 = emitc.call_opaque "XAie_StrmConnCctEnable"() {args = [#emitc.opaque<"getOrCreateDeviceInstance()">, #emitc.opaque<"XAie_TileLoc(5,6)">, #emitc.opaque<"EAST">, 0 : i32, #emitc.opaque<"WEST">, 0 : i32]} : () -> i32
      %9 = emitc.call_opaque "XAie_StrmConnCctEnable"() {args = [#emitc.opaque<"getOrCreateDeviceInstance()">, #emitc.opaque<"XAie_TileLoc(5,5)">, #emitc.opaque<"EAST">, 0 : i32, #emitc.opaque<"WEST">, 0 : i32]} : () -> i32
      %10 = emitc.call_opaque "XAie_StrmConnCctEnable"() {args = [#emitc.opaque<"getOrCreateDeviceInstance()">, #emitc.opaque<"XAie_TileLoc(5,4)">, #emitc.opaque<"EAST">, 0 : i32, #emitc.opaque<"WEST">, 0 : i32]} : () -> i32
      %11 = emitc.call_opaque "XAie_StrmConnCctEnable"() {args = [#emitc.opaque<"getOrCreateDeviceInstance()">, #emitc.opaque<"XAie_TileLoc(5,3)">, #emitc.opaque<"EAST">, 0 : i32, #emitc.opaque<"WEST">, 0 : i32]} : () -> i32
      %12 = emitc.call_opaque "XAie_StrmConnCctEnable"() {args = [#emitc.opaque<"getOrCreateDeviceInstance()">, #emitc.opaque<"XAie_TileLoc(5,3)">, #emitc.opaque<"EAST">, 0 : i32, #emitc.opaque<"DMA">, 1 : i32]} : () -> i32
      %13 = emitc.call_opaque "XAie_StrmConnCctEnable"() {args = [#emitc.opaque<"getOrCreateDeviceInstance()">, #emitc.opaque<"XAie_TileLoc(5,2)">, #emitc.opaque<"EAST">, 0 : i32, #emitc.opaque<"WEST">, 0 : i32]} : () -> i32
      %14 = emitc.call_opaque "XAie_StrmConnCctEnable"() {args = [#emitc.opaque<"getOrCreateDeviceInstance()">, #emitc.opaque<"XAie_TileLoc(5,2)">, #emitc.opaque<"EAST">, 0 : i32, #emitc.opaque<"DMA">, 1 : i32]} : () -> i32
      %15 = emitc.call_opaque "XAie_StrmConnCctEnable"() {args = [#emitc.opaque<"getOrCreateDeviceInstance()">, #emitc.opaque<"XAie_TileLoc(5,1)">, #emitc.opaque<"EAST">, 0 : i32, #emitc.opaque<"WEST">, 0 : i32]} : () -> i32
      %16 = emitc.call_opaque "XAie_StrmConnCctEnable"() {args = [#emitc.opaque<"getOrCreateDeviceInstance()">, #emitc.opaque<"XAie_TileLoc(5,1)">, #emitc.opaque<"EAST">, 0 : i32, #emitc.opaque<"DMA">, 1 : i32]} : () -> i32
      %17 = emitc.call_opaque "XAie_StrmConnCctEnable"() {args = [#emitc.opaque<"getOrCreateDeviceInstance()">, #emitc.opaque<"XAie_TileLoc(5,0)">, #emitc.opaque<"EAST">, 0 : i32, #emitc.opaque<"DMA">, 1 : i32]} : () -> i32
    }
    emitc.verbatim "\0A//round is 3 hw split in : row -----------"
    emitc.if %0 {
      %1 = emitc.call_opaque "XAie_EnableShimDmaToAieStrmPort"() {args = [#emitc.opaque<"getOrCreateDeviceInstance()">, #emitc.opaque<"XAie_TileLoc(0,7)">, 7 : i32]} : () -> i32
      %2 = emitc.call_opaque "XAie_StrmConnCctEnable"() {args = [#emitc.opaque<"getOrCreateDeviceInstance()">, #emitc.opaque<"XAie_TileLoc(0,7)">, #emitc.opaque<"SOUTH">, 7 : i32, #emitc.opaque<"NORTH">, 1 : i32]} : () -> i32
      %3 = emitc.call_opaque "XAie_StrmConnCctEnable"() {args = [#emitc.opaque<"getOrCreateDeviceInstance()">, #emitc.opaque<"XAie_TileLoc(1,7)">, #emitc.opaque<"SOUTH">, 1 : i32, #emitc.opaque<"NORTH">, 1 : i32]} : () -> i32
      %4 = emitc.call_opaque "XAie_StrmConnCctEnable"() {args = [#emitc.opaque<"getOrCreateDeviceInstance()">, #emitc.opaque<"XAie_TileLoc(2,7)">, #emitc.opaque<"SOUTH">, 1 : i32, #emitc.opaque<"NORTH">, 1 : i32]} : () -> i32
      %5 = emitc.call_opaque "XAie_StrmConnCctEnable"() {args = [#emitc.opaque<"getOrCreateDeviceInstance()">, #emitc.opaque<"XAie_TileLoc(3,7)">, #emitc.opaque<"SOUTH">, 1 : i32, #emitc.opaque<"NORTH">, 1 : i32]} : () -> i32
      %6 = emitc.call_opaque "XAie_StrmConnCctEnable"() {args = [#emitc.opaque<"getOrCreateDeviceInstance()">, #emitc.opaque<"XAie_TileLoc(4,7)">, #emitc.opaque<"SOUTH">, 1 : i32, #emitc.opaque<"NORTH">, 1 : i32]} : () -> i32
      %7 = emitc.call_opaque "XAie_StrmConnCctEnable"() {args = [#emitc.opaque<"getOrCreateDeviceInstance()">, #emitc.opaque<"XAie_TileLoc(5,7)">, #emitc.opaque<"SOUTH">, 1 : i32, #emitc.opaque<"NORTH">, 0 : i32]} : () -> i32
      %8 = emitc.call_opaque "XAie_StrmConnCctEnable"() {args = [#emitc.opaque<"getOrCreateDeviceInstance()">, #emitc.opaque<"XAie_TileLoc(6,7)">, #emitc.opaque<"SOUTH">, 0 : i32, #emitc.opaque<"WEST">, 0 : i32]} : () -> i32
      %9 = emitc.call_opaque "XAie_StrmConnCctEnable"() {args = [#emitc.opaque<"getOrCreateDeviceInstance()">, #emitc.opaque<"XAie_TileLoc(6,6)">, #emitc.opaque<"EAST">, 0 : i32, #emitc.opaque<"WEST">, 0 : i32]} : () -> i32
      %10 = emitc.call_opaque "XAie_StrmConnCctEnable"() {args = [#emitc.opaque<"getOrCreateDeviceInstance()">, #emitc.opaque<"XAie_TileLoc(6,5)">, #emitc.opaque<"EAST">, 0 : i32, #emitc.opaque<"WEST">, 0 : i32]} : () -> i32
      %11 = emitc.call_opaque "XAie_StrmConnCctEnable"() {args = [#emitc.opaque<"getOrCreateDeviceInstance()">, #emitc.opaque<"XAie_TileLoc(6,4)">, #emitc.opaque<"EAST">, 0 : i32, #emitc.opaque<"WEST">, 0 : i32]} : () -> i32
      %12 = emitc.call_opaque "XAie_StrmConnCctEnable"() {args = [#emitc.opaque<"getOrCreateDeviceInstance()">, #emitc.opaque<"XAie_TileLoc(6,3)">, #emitc.opaque<"EAST">, 0 : i32, #emitc.opaque<"WEST">, 0 : i32]} : () -> i32
      %13 = emitc.call_opaque "XAie_StrmConnCctEnable"() {args = [#emitc.opaque<"getOrCreateDeviceInstance()">, #emitc.opaque<"XAie_TileLoc(6,3)">, #emitc.opaque<"EAST">, 0 : i32, #emitc.opaque<"DMA">, 1 : i32]} : () -> i32
      %14 = emitc.call_opaque "XAie_StrmConnCctEnable"() {args = [#emitc.opaque<"getOrCreateDeviceInstance()">, #emitc.opaque<"XAie_TileLoc(6,2)">, #emitc.opaque<"EAST">, 0 : i32, #emitc.opaque<"WEST">, 0 : i32]} : () -> i32
      %15 = emitc.call_opaque "XAie_StrmConnCctEnable"() {args = [#emitc.opaque<"getOrCreateDeviceInstance()">, #emitc.opaque<"XAie_TileLoc(6,2)">, #emitc.opaque<"EAST">, 0 : i32, #emitc.opaque<"DMA">, 1 : i32]} : () -> i32
      %16 = emitc.call_opaque "XAie_StrmConnCctEnable"() {args = [#emitc.opaque<"getOrCreateDeviceInstance()">, #emitc.opaque<"XAie_TileLoc(6,1)">, #emitc.opaque<"EAST">, 0 : i32, #emitc.opaque<"WEST">, 0 : i32]} : () -> i32
      %17 = emitc.call_opaque "XAie_StrmConnCctEnable"() {args = [#emitc.opaque<"getOrCreateDeviceInstance()">, #emitc.opaque<"XAie_TileLoc(6,1)">, #emitc.opaque<"EAST">, 0 : i32, #emitc.opaque<"DMA">, 1 : i32]} : () -> i32
      %18 = emitc.call_opaque "XAie_StrmConnCctEnable"() {args = [#emitc.opaque<"getOrCreateDeviceInstance()">, #emitc.opaque<"XAie_TileLoc(6,0)">, #emitc.opaque<"EAST">, 0 : i32, #emitc.opaque<"DMA">, 1 : i32]} : () -> i32
    }
    emitc.verbatim "\0A} //----routing creation in row ----end-------\0A"
    emitc.verbatim "\0A{ //----routing creation in col ----start-------"
    emitc.verbatim "\0A//round is 0 hw split in : col -----------"
    emitc.if %0 {
      %1 = emitc.call_opaque "XAie_EnableShimDmaToAieStrmPort"() {args = [#emitc.opaque<"getOrCreateDeviceInstance()">, #emitc.opaque<"XAie_TileLoc(0,14)">, 3 : i32]} : () -> i32
      %2 = emitc.call_opaque "XAie_StrmConnCctEnable"() {args = [#emitc.opaque<"getOrCreateDeviceInstance()">, #emitc.opaque<"XAie_TileLoc(0,14)">, #emitc.opaque<"SOUTH">, 3 : i32, #emitc.opaque<"NORTH">, 0 : i32]} : () -> i32
      %3 = emitc.call_opaque "XAie_StrmConnCctEnable"() {args = [#emitc.opaque<"getOrCreateDeviceInstance()">, #emitc.opaque<"XAie_TileLoc(1,14)">, #emitc.opaque<"SOUTH">, 0 : i32, #emitc.opaque<"NORTH">, 0 : i32]} : () -> i32
      %4 = emitc.call_opaque "XAie_StrmConnCctEnable"() {args = [#emitc.opaque<"getOrCreateDeviceInstance()">, #emitc.opaque<"XAie_TileLoc(2,14)">, #emitc.opaque<"SOUTH">, 0 : i32, #emitc.opaque<"NORTH">, 0 : i32]} : () -> i32
      %5 = emitc.call_opaque "XAie_StrmConnCctEnable"() {args = [#emitc.opaque<"getOrCreateDeviceInstance()">, #emitc.opaque<"XAie_TileLoc(3,14)">, #emitc.opaque<"SOUTH">, 0 : i32, #emitc.opaque<"WEST">, 0 : i32]} : () -> i32
      %6 = emitc.call_opaque "XAie_StrmConnCctEnable"() {args = [#emitc.opaque<"getOrCreateDeviceInstance()">, #emitc.opaque<"XAie_TileLoc(3,13)">, #emitc.opaque<"EAST">, 0 : i32, #emitc.opaque<"WEST">, 0 : i32]} : () -> i32
      %7 = emitc.call_opaque "XAie_StrmConnCctEnable"() {args = [#emitc.opaque<"getOrCreateDeviceInstance()">, #emitc.opaque<"XAie_TileLoc(3,12)">, #emitc.opaque<"EAST">, 0 : i32, #emitc.opaque<"WEST">, 0 : i32]} : () -> i32
      %8 = emitc.call_opaque "XAie_StrmConnCctEnable"() {args = [#emitc.opaque<"getOrCreateDeviceInstance()">, #emitc.opaque<"XAie_TileLoc(3,11)">, #emitc.opaque<"EAST">, 0 : i32, #emitc.opaque<"WEST">, 0 : i32]} : () -> i32
      %9 = emitc.call_opaque "XAie_StrmConnCctEnable"() {args = [#emitc.opaque<"getOrCreateDeviceInstance()">, #emitc.opaque<"XAie_TileLoc(3,10)">, #emitc.opaque<"EAST">, 0 : i32, #emitc.opaque<"WEST">, 0 : i32]} : () -> i32
      %10 = emitc.call_opaque "XAie_StrmConnCctEnable"() {args = [#emitc.opaque<"getOrCreateDeviceInstance()">, #emitc.opaque<"XAie_TileLoc(3,9)">, #emitc.opaque<"EAST">, 0 : i32, #emitc.opaque<"WEST">, 0 : i32]} : () -> i32
      %11 = emitc.call_opaque "XAie_StrmConnCctEnable"() {args = [#emitc.opaque<"getOrCreateDeviceInstance()">, #emitc.opaque<"XAie_TileLoc(3,8)">, #emitc.opaque<"EAST">, 0 : i32, #emitc.opaque<"WEST">, 0 : i32]} : () -> i32
      %12 = emitc.call_opaque "XAie_StrmConnCctEnable"() {args = [#emitc.opaque<"getOrCreateDeviceInstance()">, #emitc.opaque<"XAie_TileLoc(3,7)">, #emitc.opaque<"EAST">, 0 : i32, #emitc.opaque<"WEST">, 0 : i32]} : () -> i32
      %13 = emitc.call_opaque "XAie_StrmConnCctEnable"() {args = [#emitc.opaque<"getOrCreateDeviceInstance()">, #emitc.opaque<"XAie_TileLoc(3,6)">, #emitc.opaque<"EAST">, 0 : i32, #emitc.opaque<"WEST">, 1 : i32]} : () -> i32
      %14 = emitc.call_opaque "XAie_StrmConnCctEnable"() {args = [#emitc.opaque<"getOrCreateDeviceInstance()">, #emitc.opaque<"XAie_TileLoc(3,5)">, #emitc.opaque<"EAST">, 1 : i32, #emitc.opaque<"WEST">, 1 : i32]} : () -> i32
      %15 = emitc.call_opaque "XAie_StrmConnCctEnable"() {args = [#emitc.opaque<"getOrCreateDeviceInstance()">, #emitc.opaque<"XAie_TileLoc(3,4)">, #emitc.opaque<"EAST">, 1 : i32, #emitc.opaque<"WEST">, 1 : i32]} : () -> i32
      %16 = emitc.call_opaque "XAie_StrmConnCctEnable"() {args = [#emitc.opaque<"getOrCreateDeviceInstance()">, #emitc.opaque<"XAie_TileLoc(3,3)">, #emitc.opaque<"EAST">, 1 : i32, #emitc.opaque<"WEST">, 1 : i32]} : () -> i32
      %17 = emitc.call_opaque "XAie_StrmConnCctEnable"() {args = [#emitc.opaque<"getOrCreateDeviceInstance()">, #emitc.opaque<"XAie_TileLoc(3,2)">, #emitc.opaque<"EAST">, 1 : i32, #emitc.opaque<"WEST">, 1 : i32]} : () -> i32
      %18 = emitc.call_opaque "XAie_StrmConnCctEnable"() {args = [#emitc.opaque<"getOrCreateDeviceInstance()">, #emitc.opaque<"XAie_TileLoc(3,1)">, #emitc.opaque<"EAST">, 1 : i32, #emitc.opaque<"WEST">, 1 : i32]} : () -> i32
      %19 = emitc.call_opaque "XAie_StrmConnCctEnable"() {args = [#emitc.opaque<"getOrCreateDeviceInstance()">, #emitc.opaque<"XAie_TileLoc(3,0)">, #emitc.opaque<"EAST">, 1 : i32, #emitc.opaque<"NORTH">, 0 : i32]} : () -> i32
      %20 = emitc.call_opaque "XAie_StrmConnCctEnable"() {args = [#emitc.opaque<"getOrCreateDeviceInstance()">, #emitc.opaque<"XAie_TileLoc(3,0)">, #emitc.opaque<"EAST">, 1 : i32, #emitc.opaque<"DMA">, 2 : i32]} : () -> i32
      %21 = emitc.call_opaque "XAie_StrmConnCctEnable"() {args = [#emitc.opaque<"getOrCreateDeviceInstance()">, #emitc.opaque<"XAie_TileLoc(4,0)">, #emitc.opaque<"SOUTH">, 0 : i32, #emitc.opaque<"NORTH">, 0 : i32]} : () -> i32
      %22 = emitc.call_opaque "XAie_StrmConnCctEnable"() {args = [#emitc.opaque<"getOrCreateDeviceInstance()">, #emitc.opaque<"XAie_TileLoc(4,0)">, #emitc.opaque<"SOUTH">, 0 : i32, #emitc.opaque<"DMA">, 2 : i32]} : () -> i32
      %23 = emitc.call_opaque "XAie_StrmConnCctEnable"() {args = [#emitc.opaque<"getOrCreateDeviceInstance()">, #emitc.opaque<"XAie_TileLoc(5,0)">, #emitc.opaque<"SOUTH">, 0 : i32, #emitc.opaque<"NORTH">, 0 : i32]} : () -> i32
      %24 = emitc.call_opaque "XAie_StrmConnCctEnable"() {args = [#emitc.opaque<"getOrCreateDeviceInstance()">, #emitc.opaque<"XAie_TileLoc(5,0)">, #emitc.opaque<"SOUTH">, 0 : i32, #emitc.opaque<"DMA">, 2 : i32]} : () -> i32
      %25 = emitc.call_opaque "XAie_StrmConnCctEnable"() {args = [#emitc.opaque<"getOrCreateDeviceInstance()">, #emitc.opaque<"XAie_TileLoc(6,0)">, #emitc.opaque<"SOUTH">, 0 : i32, #emitc.opaque<"DMA">, 2 : i32]} : () -> i32
    }
    emitc.verbatim "\0A//round is 1 hw split in : col -----------"
    emitc.if %0 {
      %1 = emitc.call_opaque "XAie_EnableShimDmaToAieStrmPort"() {args = [#emitc.opaque<"getOrCreateDeviceInstance()">, #emitc.opaque<"XAie_TileLoc(0,14)">, 7 : i32]} : () -> i32
      %2 = emitc.call_opaque "XAie_StrmConnCctEnable"() {args = [#emitc.opaque<"getOrCreateDeviceInstance()">, #emitc.opaque<"XAie_TileLoc(0,14)">, #emitc.opaque<"SOUTH">, 7 : i32, #emitc.opaque<"NORTH">, 1 : i32]} : () -> i32
      %3 = emitc.call_opaque "XAie_StrmConnCctEnable"() {args = [#emitc.opaque<"getOrCreateDeviceInstance()">, #emitc.opaque<"XAie_TileLoc(1,14)">, #emitc.opaque<"SOUTH">, 1 : i32, #emitc.opaque<"NORTH">, 1 : i32]} : () -> i32
      %4 = emitc.call_opaque "XAie_StrmConnCctEnable"() {args = [#emitc.opaque<"getOrCreateDeviceInstance()">, #emitc.opaque<"XAie_TileLoc(2,14)">, #emitc.opaque<"SOUTH">, 1 : i32, #emitc.opaque<"NORTH">, 1 : i32]} : () -> i32
      %5 = emitc.call_opaque "XAie_StrmConnCctEnable"() {args = [#emitc.opaque<"getOrCreateDeviceInstance()">, #emitc.opaque<"XAie_TileLoc(3,14)">, #emitc.opaque<"SOUTH">, 1 : i32, #emitc.opaque<"WEST">, 1 : i32]} : () -> i32
      %6 = emitc.call_opaque "XAie_StrmConnCctEnable"() {args = [#emitc.opaque<"getOrCreateDeviceInstance()">, #emitc.opaque<"XAie_TileLoc(3,13)">, #emitc.opaque<"EAST">, 1 : i32, #emitc.opaque<"WEST">, 1 : i32]} : () -> i32
      %7 = emitc.call_opaque "XAie_StrmConnCctEnable"() {args = [#emitc.opaque<"getOrCreateDeviceInstance()">, #emitc.opaque<"XAie_TileLoc(3,12)">, #emitc.opaque<"EAST">, 1 : i32, #emitc.opaque<"WEST">, 1 : i32]} : () -> i32
      %8 = emitc.call_opaque "XAie_StrmConnCctEnable"() {args = [#emitc.opaque<"getOrCreateDeviceInstance()">, #emitc.opaque<"XAie_TileLoc(3,11)">, #emitc.opaque<"EAST">, 1 : i32, #emitc.opaque<"WEST">, 1 : i32]} : () -> i32
      %9 = emitc.call_opaque "XAie_StrmConnCctEnable"() {args = [#emitc.opaque<"getOrCreateDeviceInstance()">, #emitc.opaque<"XAie_TileLoc(3,10)">, #emitc.opaque<"EAST">, 1 : i32, #emitc.opaque<"WEST">, 1 : i32]} : () -> i32
      %10 = emitc.call_opaque "XAie_StrmConnCctEnable"() {args = [#emitc.opaque<"getOrCreateDeviceInstance()">, #emitc.opaque<"XAie_TileLoc(3,9)">, #emitc.opaque<"EAST">, 1 : i32, #emitc.opaque<"WEST">, 1 : i32]} : () -> i32
      %11 = emitc.call_opaque "XAie_StrmConnCctEnable"() {args = [#emitc.opaque<"getOrCreateDeviceInstance()">, #emitc.opaque<"XAie_TileLoc(3,8)">, #emitc.opaque<"EAST">, 1 : i32, #emitc.opaque<"WEST">, 1 : i32]} : () -> i32
      %12 = emitc.call_opaque "XAie_StrmConnCctEnable"() {args = [#emitc.opaque<"getOrCreateDeviceInstance()">, #emitc.opaque<"XAie_TileLoc(3,7)">, #emitc.opaque<"EAST">, 1 : i32, #emitc.opaque<"WEST">, 1 : i32]} : () -> i32
      %13 = emitc.call_opaque "XAie_StrmConnCctEnable"() {args = [#emitc.opaque<"getOrCreateDeviceInstance()">, #emitc.opaque<"XAie_TileLoc(3,6)">, #emitc.opaque<"EAST">, 1 : i32, #emitc.opaque<"WEST">, 2 : i32]} : () -> i32
      %14 = emitc.call_opaque "XAie_StrmConnCctEnable"() {args = [#emitc.opaque<"getOrCreateDeviceInstance()">, #emitc.opaque<"XAie_TileLoc(3,5)">, #emitc.opaque<"EAST">, 2 : i32, #emitc.opaque<"WEST">, 2 : i32]} : () -> i32
      %15 = emitc.call_opaque "XAie_StrmConnCctEnable"() {args = [#emitc.opaque<"getOrCreateDeviceInstance()">, #emitc.opaque<"XAie_TileLoc(3,4)">, #emitc.opaque<"EAST">, 2 : i32, #emitc.opaque<"WEST">, 2 : i32]} : () -> i32
      %16 = emitc.call_opaque "XAie_StrmConnCctEnable"() {args = [#emitc.opaque<"getOrCreateDeviceInstance()">, #emitc.opaque<"XAie_TileLoc(3,3)">, #emitc.opaque<"EAST">, 2 : i32, #emitc.opaque<"WEST">, 2 : i32]} : () -> i32
      %17 = emitc.call_opaque "XAie_StrmConnCctEnable"() {args = [#emitc.opaque<"getOrCreateDeviceInstance()">, #emitc.opaque<"XAie_TileLoc(3,2)">, #emitc.opaque<"EAST">, 2 : i32, #emitc.opaque<"WEST">, 2 : i32]} : () -> i32
      %18 = emitc.call_opaque "XAie_StrmConnCctEnable"() {args = [#emitc.opaque<"getOrCreateDeviceInstance()">, #emitc.opaque<"XAie_TileLoc(3,1)">, #emitc.opaque<"EAST">, 2 : i32, #emitc.opaque<"NORTH">, 0 : i32]} : () -> i32
      %19 = emitc.call_opaque "XAie_StrmConnCctEnable"() {args = [#emitc.opaque<"getOrCreateDeviceInstance()">, #emitc.opaque<"XAie_TileLoc(3,1)">, #emitc.opaque<"EAST">, 2 : i32, #emitc.opaque<"DMA">, 2 : i32]} : () -> i32
      %20 = emitc.call_opaque "XAie_StrmConnCctEnable"() {args = [#emitc.opaque<"getOrCreateDeviceInstance()">, #emitc.opaque<"XAie_TileLoc(4,1)">, #emitc.opaque<"SOUTH">, 0 : i32, #emitc.opaque<"NORTH">, 0 : i32]} : () -> i32
      %21 = emitc.call_opaque "XAie_StrmConnCctEnable"() {args = [#emitc.opaque<"getOrCreateDeviceInstance()">, #emitc.opaque<"XAie_TileLoc(4,1)">, #emitc.opaque<"SOUTH">, 0 : i32, #emitc.opaque<"DMA">, 2 : i32]} : () -> i32
      %22 = emitc.call_opaque "XAie_StrmConnCctEnable"() {args = [#emitc.opaque<"getOrCreateDeviceInstance()">, #emitc.opaque<"XAie_TileLoc(5,1)">, #emitc.opaque<"SOUTH">, 0 : i32, #emitc.opaque<"NORTH">, 0 : i32]} : () -> i32
      %23 = emitc.call_opaque "XAie_StrmConnCctEnable"() {args = [#emitc.opaque<"getOrCreateDeviceInstance()">, #emitc.opaque<"XAie_TileLoc(5,1)">, #emitc.opaque<"SOUTH">, 0 : i32, #emitc.opaque<"DMA">, 2 : i32]} : () -> i32
      %24 = emitc.call_opaque "XAie_StrmConnCctEnable"() {args = [#emitc.opaque<"getOrCreateDeviceInstance()">, #emitc.opaque<"XAie_TileLoc(6,1)">, #emitc.opaque<"SOUTH">, 0 : i32, #emitc.opaque<"DMA">, 2 : i32]} : () -> i32
    }
    emitc.verbatim "\0A//round is 2 hw split in : col -----------"
    emitc.if %0 {
      %1 = emitc.call_opaque "XAie_EnableShimDmaToAieStrmPort"() {args = [#emitc.opaque<"getOrCreateDeviceInstance()">, #emitc.opaque<"XAie_TileLoc(0,15)">, 3 : i32]} : () -> i32
      %2 = emitc.call_opaque "XAie_StrmConnCctEnable"() {args = [#emitc.opaque<"getOrCreateDeviceInstance()">, #emitc.opaque<"XAie_TileLoc(0,15)">, #emitc.opaque<"SOUTH">, 3 : i32, #emitc.opaque<"NORTH">, 0 : i32]} : () -> i32
      %3 = emitc.call_opaque "XAie_StrmConnCctEnable"() {args = [#emitc.opaque<"getOrCreateDeviceInstance()">, #emitc.opaque<"XAie_TileLoc(1,15)">, #emitc.opaque<"SOUTH">, 0 : i32, #emitc.opaque<"NORTH">, 0 : i32]} : () -> i32
      %4 = emitc.call_opaque "XAie_StrmConnCctEnable"() {args = [#emitc.opaque<"getOrCreateDeviceInstance()">, #emitc.opaque<"XAie_TileLoc(2,15)">, #emitc.opaque<"SOUTH">, 0 : i32, #emitc.opaque<"NORTH">, 0 : i32]} : () -> i32
      %5 = emitc.call_opaque "XAie_StrmConnCctEnable"() {args = [#emitc.opaque<"getOrCreateDeviceInstance()">, #emitc.opaque<"XAie_TileLoc(3,15)">, #emitc.opaque<"SOUTH">, 0 : i32, #emitc.opaque<"WEST">, 0 : i32]} : () -> i32
      %6 = emitc.call_opaque "XAie_StrmConnCctEnable"() {args = [#emitc.opaque<"getOrCreateDeviceInstance()">, #emitc.opaque<"XAie_TileLoc(3,14)">, #emitc.opaque<"EAST">, 0 : i32, #emitc.opaque<"WEST">, 2 : i32]} : () -> i32
      %7 = emitc.call_opaque "XAie_StrmConnCctEnable"() {args = [#emitc.opaque<"getOrCreateDeviceInstance()">, #emitc.opaque<"XAie_TileLoc(3,13)">, #emitc.opaque<"EAST">, 2 : i32, #emitc.opaque<"WEST">, 2 : i32]} : () -> i32
      %8 = emitc.call_opaque "XAie_StrmConnCctEnable"() {args = [#emitc.opaque<"getOrCreateDeviceInstance()">, #emitc.opaque<"XAie_TileLoc(3,12)">, #emitc.opaque<"EAST">, 2 : i32, #emitc.opaque<"WEST">, 2 : i32]} : () -> i32
      %9 = emitc.call_opaque "XAie_StrmConnCctEnable"() {args = [#emitc.opaque<"getOrCreateDeviceInstance()">, #emitc.opaque<"XAie_TileLoc(3,11)">, #emitc.opaque<"EAST">, 2 : i32, #emitc.opaque<"WEST">, 2 : i32]} : () -> i32
      %10 = emitc.call_opaque "XAie_StrmConnCctEnable"() {args = [#emitc.opaque<"getOrCreateDeviceInstance()">, #emitc.opaque<"XAie_TileLoc(3,10)">, #emitc.opaque<"EAST">, 2 : i32, #emitc.opaque<"WEST">, 2 : i32]} : () -> i32
      %11 = emitc.call_opaque "XAie_StrmConnCctEnable"() {args = [#emitc.opaque<"getOrCreateDeviceInstance()">, #emitc.opaque<"XAie_TileLoc(3,9)">, #emitc.opaque<"EAST">, 2 : i32, #emitc.opaque<"WEST">, 2 : i32]} : () -> i32
      %12 = emitc.call_opaque "XAie_StrmConnCctEnable"() {args = [#emitc.opaque<"getOrCreateDeviceInstance()">, #emitc.opaque<"XAie_TileLoc(3,8)">, #emitc.opaque<"EAST">, 2 : i32, #emitc.opaque<"WEST">, 2 : i32]} : () -> i32
      %13 = emitc.call_opaque "XAie_StrmConnCctEnable"() {args = [#emitc.opaque<"getOrCreateDeviceInstance()">, #emitc.opaque<"XAie_TileLoc(3,7)">, #emitc.opaque<"EAST">, 2 : i32, #emitc.opaque<"WEST">, 2 : i32]} : () -> i32
      %14 = emitc.call_opaque "XAie_StrmConnCctEnable"() {args = [#emitc.opaque<"getOrCreateDeviceInstance()">, #emitc.opaque<"XAie_TileLoc(3,6)">, #emitc.opaque<"EAST">, 2 : i32, #emitc.opaque<"WEST">, 3 : i32]} : () -> i32
      %15 = emitc.call_opaque "XAie_StrmConnCctEnable"() {args = [#emitc.opaque<"getOrCreateDeviceInstance()">, #emitc.opaque<"XAie_TileLoc(3,5)">, #emitc.opaque<"EAST">, 3 : i32, #emitc.opaque<"WEST">, 3 : i32]} : () -> i32
      %16 = emitc.call_opaque "XAie_StrmConnCctEnable"() {args = [#emitc.opaque<"getOrCreateDeviceInstance()">, #emitc.opaque<"XAie_TileLoc(3,4)">, #emitc.opaque<"EAST">, 3 : i32, #emitc.opaque<"WEST">, 3 : i32]} : () -> i32
      %17 = emitc.call_opaque "XAie_StrmConnCctEnable"() {args = [#emitc.opaque<"getOrCreateDeviceInstance()">, #emitc.opaque<"XAie_TileLoc(3,3)">, #emitc.opaque<"EAST">, 3 : i32, #emitc.opaque<"WEST">, 3 : i32]} : () -> i32
      %18 = emitc.call_opaque "XAie_StrmConnCctEnable"() {args = [#emitc.opaque<"getOrCreateDeviceInstance()">, #emitc.opaque<"XAie_TileLoc(3,2)">, #emitc.opaque<"EAST">, 3 : i32, #emitc.opaque<"NORTH">, 0 : i32]} : () -> i32
      %19 = emitc.call_opaque "XAie_StrmConnCctEnable"() {args = [#emitc.opaque<"getOrCreateDeviceInstance()">, #emitc.opaque<"XAie_TileLoc(3,2)">, #emitc.opaque<"EAST">, 3 : i32, #emitc.opaque<"DMA">, 2 : i32]} : () -> i32
      %20 = emitc.call_opaque "XAie_StrmConnCctEnable"() {args = [#emitc.opaque<"getOrCreateDeviceInstance()">, #emitc.opaque<"XAie_TileLoc(4,2)">, #emitc.opaque<"SOUTH">, 0 : i32, #emitc.opaque<"NORTH">, 0 : i32]} : () -> i32
      %21 = emitc.call_opaque "XAie_StrmConnCctEnable"() {args = [#emitc.opaque<"getOrCreateDeviceInstance()">, #emitc.opaque<"XAie_TileLoc(4,2)">, #emitc.opaque<"SOUTH">, 0 : i32, #emitc.opaque<"DMA">, 2 : i32]} : () -> i32
      %22 = emitc.call_opaque "XAie_StrmConnCctEnable"() {args = [#emitc.opaque<"getOrCreateDeviceInstance()">, #emitc.opaque<"XAie_TileLoc(5,2)">, #emitc.opaque<"SOUTH">, 0 : i32, #emitc.opaque<"NORTH">, 0 : i32]} : () -> i32
      %23 = emitc.call_opaque "XAie_StrmConnCctEnable"() {args = [#emitc.opaque<"getOrCreateDeviceInstance()">, #emitc.opaque<"XAie_TileLoc(5,2)">, #emitc.opaque<"SOUTH">, 0 : i32, #emitc.opaque<"DMA">, 2 : i32]} : () -> i32
      %24 = emitc.call_opaque "XAie_StrmConnCctEnable"() {args = [#emitc.opaque<"getOrCreateDeviceInstance()">, #emitc.opaque<"XAie_TileLoc(6,2)">, #emitc.opaque<"SOUTH">, 0 : i32, #emitc.opaque<"DMA">, 2 : i32]} : () -> i32
    }
    emitc.verbatim "\0A//round is 3 hw split in : col -----------"
    emitc.if %0 {
      %1 = emitc.call_opaque "XAie_EnableShimDmaToAieStrmPort"() {args = [#emitc.opaque<"getOrCreateDeviceInstance()">, #emitc.opaque<"XAie_TileLoc(0,15)">, 7 : i32]} : () -> i32
      %2 = emitc.call_opaque "XAie_StrmConnCctEnable"() {args = [#emitc.opaque<"getOrCreateDeviceInstance()">, #emitc.opaque<"XAie_TileLoc(0,15)">, #emitc.opaque<"SOUTH">, 7 : i32, #emitc.opaque<"NORTH">, 1 : i32]} : () -> i32
      %3 = emitc.call_opaque "XAie_StrmConnCctEnable"() {args = [#emitc.opaque<"getOrCreateDeviceInstance()">, #emitc.opaque<"XAie_TileLoc(1,15)">, #emitc.opaque<"SOUTH">, 1 : i32, #emitc.opaque<"NORTH">, 1 : i32]} : () -> i32
      %4 = emitc.call_opaque "XAie_StrmConnCctEnable"() {args = [#emitc.opaque<"getOrCreateDeviceInstance()">, #emitc.opaque<"XAie_TileLoc(2,15)">, #emitc.opaque<"SOUTH">, 1 : i32, #emitc.opaque<"WEST">, 0 : i32]} : () -> i32
      %5 = emitc.call_opaque "XAie_StrmConnCctEnable"() {args = [#emitc.opaque<"getOrCreateDeviceInstance()">, #emitc.opaque<"XAie_TileLoc(2,14)">, #emitc.opaque<"EAST">, 0 : i32, #emitc.opaque<"WEST">, 0 : i32]} : () -> i32
      %6 = emitc.call_opaque "XAie_StrmConnCctEnable"() {args = [#emitc.opaque<"getOrCreateDeviceInstance()">, #emitc.opaque<"XAie_TileLoc(2,13)">, #emitc.opaque<"EAST">, 0 : i32, #emitc.opaque<"WEST">, 0 : i32]} : () -> i32
      %7 = emitc.call_opaque "XAie_StrmConnCctEnable"() {args = [#emitc.opaque<"getOrCreateDeviceInstance()">, #emitc.opaque<"XAie_TileLoc(2,12)">, #emitc.opaque<"EAST">, 0 : i32, #emitc.opaque<"WEST">, 0 : i32]} : () -> i32
      %8 = emitc.call_opaque "XAie_StrmConnCctEnable"() {args = [#emitc.opaque<"getOrCreateDeviceInstance()">, #emitc.opaque<"XAie_TileLoc(2,11)">, #emitc.opaque<"EAST">, 0 : i32, #emitc.opaque<"WEST">, 0 : i32]} : () -> i32
      %9 = emitc.call_opaque "XAie_StrmConnCctEnable"() {args = [#emitc.opaque<"getOrCreateDeviceInstance()">, #emitc.opaque<"XAie_TileLoc(2,10)">, #emitc.opaque<"EAST">, 0 : i32, #emitc.opaque<"WEST">, 0 : i32]} : () -> i32
      %10 = emitc.call_opaque "XAie_StrmConnCctEnable"() {args = [#emitc.opaque<"getOrCreateDeviceInstance()">, #emitc.opaque<"XAie_TileLoc(2,9)">, #emitc.opaque<"EAST">, 0 : i32, #emitc.opaque<"WEST">, 0 : i32]} : () -> i32
      %11 = emitc.call_opaque "XAie_StrmConnCctEnable"() {args = [#emitc.opaque<"getOrCreateDeviceInstance()">, #emitc.opaque<"XAie_TileLoc(2,8)">, #emitc.opaque<"EAST">, 0 : i32, #emitc.opaque<"WEST">, 0 : i32]} : () -> i32
      %12 = emitc.call_opaque "XAie_StrmConnCctEnable"() {args = [#emitc.opaque<"getOrCreateDeviceInstance()">, #emitc.opaque<"XAie_TileLoc(2,7)">, #emitc.opaque<"EAST">, 0 : i32, #emitc.opaque<"WEST">, 0 : i32]} : () -> i32
      %13 = emitc.call_opaque "XAie_StrmConnCctEnable"() {args = [#emitc.opaque<"getOrCreateDeviceInstance()">, #emitc.opaque<"XAie_TileLoc(2,6)">, #emitc.opaque<"EAST">, 0 : i32, #emitc.opaque<"WEST">, 0 : i32]} : () -> i32
      %14 = emitc.call_opaque "XAie_StrmConnCctEnable"() {args = [#emitc.opaque<"getOrCreateDeviceInstance()">, #emitc.opaque<"XAie_TileLoc(2,5)">, #emitc.opaque<"EAST">, 0 : i32, #emitc.opaque<"WEST">, 0 : i32]} : () -> i32
      %15 = emitc.call_opaque "XAie_StrmConnCctEnable"() {args = [#emitc.opaque<"getOrCreateDeviceInstance()">, #emitc.opaque<"XAie_TileLoc(2,4)">, #emitc.opaque<"EAST">, 0 : i32, #emitc.opaque<"WEST">, 0 : i32]} : () -> i32
      %16 = emitc.call_opaque "XAie_StrmConnCctEnable"() {args = [#emitc.opaque<"getOrCreateDeviceInstance()">, #emitc.opaque<"XAie_TileLoc(2,3)">, #emitc.opaque<"EAST">, 0 : i32, #emitc.opaque<"NORTH">, 0 : i32]} : () -> i32
      %17 = emitc.call_opaque "XAie_StrmConnCctEnable"() {args = [#emitc.opaque<"getOrCreateDeviceInstance()">, #emitc.opaque<"XAie_TileLoc(3,3)">, #emitc.opaque<"SOUTH">, 0 : i32, #emitc.opaque<"NORTH">, 0 : i32]} : () -> i32
      %18 = emitc.call_opaque "XAie_StrmConnCctEnable"() {args = [#emitc.opaque<"getOrCreateDeviceInstance()">, #emitc.opaque<"XAie_TileLoc(3,3)">, #emitc.opaque<"SOUTH">, 0 : i32, #emitc.opaque<"DMA">, 2 : i32]} : () -> i32
      %19 = emitc.call_opaque "XAie_StrmConnCctEnable"() {args = [#emitc.opaque<"getOrCreateDeviceInstance()">, #emitc.opaque<"XAie_TileLoc(4,3)">, #emitc.opaque<"SOUTH">, 0 : i32, #emitc.opaque<"NORTH">, 0 : i32]} : () -> i32
      %20 = emitc.call_opaque "XAie_StrmConnCctEnable"() {args = [#emitc.opaque<"getOrCreateDeviceInstance()">, #emitc.opaque<"XAie_TileLoc(4,3)">, #emitc.opaque<"SOUTH">, 0 : i32, #emitc.opaque<"DMA">, 2 : i32]} : () -> i32
      %21 = emitc.call_opaque "XAie_StrmConnCctEnable"() {args = [#emitc.opaque<"getOrCreateDeviceInstance()">, #emitc.opaque<"XAie_TileLoc(5,3)">, #emitc.opaque<"SOUTH">, 0 : i32, #emitc.opaque<"NORTH">, 0 : i32]} : () -> i32
      %22 = emitc.call_opaque "XAie_StrmConnCctEnable"() {args = [#emitc.opaque<"getOrCreateDeviceInstance()">, #emitc.opaque<"XAie_TileLoc(5,3)">, #emitc.opaque<"SOUTH">, 0 : i32, #emitc.opaque<"DMA">, 2 : i32]} : () -> i32
      %23 = emitc.call_opaque "XAie_StrmConnCctEnable"() {args = [#emitc.opaque<"getOrCreateDeviceInstance()">, #emitc.opaque<"XAie_TileLoc(6,3)">, #emitc.opaque<"SOUTH">, 0 : i32, #emitc.opaque<"DMA">, 2 : i32]} : () -> i32
    }
    emitc.verbatim "\0A} //----routing creation in col ----end-------\0A"
    return
  }
}
Found an scf.for loop, attempting to unroll by factor 4...

Found an scf.for loop, attempting to unroll by factor 4...

Found an scf.for loop, attempting to unroll by factor 4...

slice data round_idx=0
col =4 row=4 tensor_x=10 tensor_y=20
split_axis =row hw_axis_owner=row
replicate_on=col single_tile_owner=
 same row  list row = 3col = 0
 same row  list row = 3col = 1
 same row  list row = 3col = 2
 same row  list row = 3col = 3
slice data round_idx=1
col =4 row=4 tensor_x=10 tensor_y=20
split_axis =row hw_axis_owner=row
replicate_on=col single_tile_owner=
 same row  list row = 4col = 0
 same row  list row = 4col = 1
 same row  list row = 4col = 2
 same row  list row = 4col = 3
slice data round_idx=2
col =4 row=4 tensor_x=10 tensor_y=20
split_axis =row hw_axis_owner=row
replicate_on=col single_tile_owner=
 same row  list row = 5col = 0
 same row  list row = 5col = 1
 same row  list row = 5col = 2
 same row  list row = 5col = 3
slice data round_idx=3
col =4 row=4 tensor_x=10 tensor_y=20
split_axis =row hw_axis_owner=row
replicate_on=col single_tile_owner=
 same row  list row = 6col = 0
 same row  list row = 6col = 1
 same row  list row = 6col = 2
 same row  list row = 6col = 3
slice data round_idx=0
col =4 row=4 tensor_x=10 tensor_y=20
split_axis =row hw_axis_owner=row
replicate_on=col single_tile_owner=
 same row  list row = 3col = 0
 same row  list row = 3col = 1
 same row  list row = 3col = 2
 same row  list row = 3col = 3
slice data round_idx=1
col =4 row=4 tensor_x=10 tensor_y=20
split_axis =row hw_axis_owner=row
replicate_on=col single_tile_owner=
 same row  list row = 4col = 0
 same row  list row = 4col = 1
 same row  list row = 4col = 2
 same row  list row = 4col = 3
slice data round_idx=2
col =4 row=4 tensor_x=10 tensor_y=20
split_axis =row hw_axis_owner=row
replicate_on=col single_tile_owner=
 same row  list row = 5col = 0
 same row  list row = 5col = 1
 same row  list row = 5col = 2
 same row  list row = 5col = 3
slice data round_idx=3
col =4 row=4 tensor_x=10 tensor_y=20
split_axis =row hw_axis_owner=row
replicate_on=col single_tile_owner=
 same row  list row = 6col = 0
 same row  list row = 6col = 1
 same row  list row = 6col = 2
 same row  list row = 6col = 3
slice data round_idx=0
col =4 row=4 tensor_x=10 tensor_y=20
split_axis =col hw_axis_owner=col
replicate_on=col single_tile_owner=
same col list row = 3col = 0
same col list row = 4col = 0
same col list row = 5col = 0
same col list row = 6col = 0
slice data round_idx=1
col =4 row=4 tensor_x=10 tensor_y=20
split_axis =col hw_axis_owner=col
replicate_on=col single_tile_owner=
same col list row = 3col = 1
same col list row = 4col = 1
same col list row = 5col = 1
same col list row = 6col = 1
slice data round_idx=2
col =4 row=4 tensor_x=10 tensor_y=20
split_axis =col hw_axis_owner=col
replicate_on=col single_tile_owner=
same col list row = 3col = 2
same col list row = 4col = 2
same col list row = 5col = 2
same col list row = 6col = 2
slice data round_idx=3
col =4 row=4 tensor_x=10 tensor_y=20
split_axis =col hw_axis_owner=col
replicate_on=col single_tile_owner=
same col list row = 3col = 3
same col list row = 4col = 3
same col list row = 5col = 3
same col list row = 6col = 3
RoutingHWLowerPass::runOnOperation
----------module1.dump---------
#include <xaiengine.h>
XAie_DevInst* getOrCreateDeviceInstance();
void main() {
  bool v1 = true;

  { //----routing creation in row ----start-------

  //round is 0 hw split in : row -----------
  if (v1) {
    int32_t v2 = XAie_StrmPktSwSlaveSlotEnable(getOrCreateDeviceInstance(), XAie_TileLoc(3,0), DMA, 0, 0, XAie_Packet(1,0), 31, 0, 0);
    int32_t v3 = XAie_StrmPktSwMstrPortEnable(getOrCreateDeviceInstance(), XAie_TileLoc(3,0), EAST, 0, XAIE_SS_PKT_DROP_HEADER, 0, 1);
    int32_t v4 = XAie_StrmPktSwSlaveSlotEnable(getOrCreateDeviceInstance(), XAie_TileLoc(3,1), WEST, 0, 0, XAie_Packet(0,0), 0, 0, 0);
    int32_t v5 = XAie_StrmPktSwSlaveSlotEnable(getOrCreateDeviceInstance(), XAie_TileLoc(3,1), DMA, 0, 0, XAie_Packet(2,0), 31, 0, 0);
    int32_t v6 = XAie_StrmPktSwMstrPortEnable(getOrCreateDeviceInstance(), XAie_TileLoc(3,1), EAST, 0, XAIE_SS_PKT_DROP_HEADER, 0, 1);
    int32_t v7 = XAie_StrmPktSwSlaveSlotEnable(getOrCreateDeviceInstance(), XAie_TileLoc(3,2), WEST, 0, 0, XAie_Packet(0,0), 0, 0, 0);
    int32_t v8 = XAie_StrmPktSwSlaveSlotEnable(getOrCreateDeviceInstance(), XAie_TileLoc(3,2), DMA, 0, 0, XAie_Packet(3,0), 31, 0, 0);
    int32_t v9 = XAie_StrmPktSwMstrPortEnable(getOrCreateDeviceInstance(), XAie_TileLoc(3,2), EAST, 0, XAIE_SS_PKT_DROP_HEADER, 0, 1);
    int32_t v10 = XAie_StrmPktSwSlaveSlotEnable(getOrCreateDeviceInstance(), XAie_TileLoc(3,3), WEST, 0, 0, XAie_Packet(0,0), 0, 0, 0);
    int32_t v11 = XAie_StrmPktSwSlaveSlotEnable(getOrCreateDeviceInstance(), XAie_TileLoc(3,3), DMA, 0, 0, XAie_Packet(4,0), 31, 0, 0);
    int32_t v12 = XAie_StrmPktSwMstrPortEnable(getOrCreateDeviceInstance(), XAie_TileLoc(3,3), SOUTH, 0, XAIE_SS_PKT_DROP_HEADER, 0, 1);
    int32_t v13 = XAie_StrmConnCctEnable(getOrCreateDeviceInstance(), XAie_TileLoc(2,3), NORTH, 0, SOUTH, 0);
    int32_t v14 = XAie_StrmConnCctEnable(getOrCreateDeviceInstance(), XAie_TileLoc(1,3), NORTH, 0, SOUTH, 0);
    int32_t v15 = XAie_EnableAieToShimDmaStrmPort(getOrCreateDeviceInstance(), XAie_TileLoc(0,3), 2);
    int32_t v16 = XAie_StrmConnCctEnable(getOrCreateDeviceInstance(), XAie_TileLoc(0,3), SOUTH, 2, SOUTH, 2);
  }

  //round is 1 hw split in : row -----------
  if (v1) {
    int32_t v17 = XAie_StrmPktSwSlaveSlotEnable(getOrCreateDeviceInstance(), XAie_TileLoc(4,0), DMA, 0, 0, XAie_Packet(1,0), 31, 0, 0);
    int32_t v18 = XAie_StrmPktSwMstrPortEnable(getOrCreateDeviceInstance(), XAie_TileLoc(4,0), EAST, 0, XAIE_SS_PKT_DROP_HEADER, 0, 1);
    int32_t v19 = XAie_StrmPktSwSlaveSlotEnable(getOrCreateDeviceInstance(), XAie_TileLoc(4,1), WEST, 0, 0, XAie_Packet(0,0), 0, 0, 0);
    int32_t v20 = XAie_StrmPktSwSlaveSlotEnable(getOrCreateDeviceInstance(), XAie_TileLoc(4,1), DMA, 0, 0, XAie_Packet(2,0), 31, 0, 0);
    int32_t v21 = XAie_StrmPktSwMstrPortEnable(getOrCreateDeviceInstance(), XAie_TileLoc(4,1), EAST, 0, XAIE_SS_PKT_DROP_HEADER, 0, 1);
    int32_t v22 = XAie_StrmPktSwSlaveSlotEnable(getOrCreateDeviceInstance(), XAie_TileLoc(4,2), WEST, 0, 0, XAie_Packet(0,0), 0, 0, 0);
    int32_t v23 = XAie_StrmPktSwSlaveSlotEnable(getOrCreateDeviceInstance(), XAie_TileLoc(4,2), DMA, 0, 0, XAie_Packet(3,0), 31, 0, 0);
    int32_t v24 = XAie_StrmPktSwMstrPortEnable(getOrCreateDeviceInstance(), XAie_TileLoc(4,2), EAST, 0, XAIE_SS_PKT_DROP_HEADER, 0, 1);
    int32_t v25 = XAie_StrmPktSwSlaveSlotEnable(getOrCreateDeviceInstance(), XAie_TileLoc(4,3), WEST, 0, 0, XAie_Packet(0,0), 0, 0, 0);
    int32_t v26 = XAie_StrmPktSwSlaveSlotEnable(getOrCreateDeviceInstance(), XAie_TileLoc(4,3), DMA, 0, 0, XAie_Packet(4,0), 31, 0, 0);
    int32_t v27 = XAie_StrmPktSwMstrPortEnable(getOrCreateDeviceInstance(), XAie_TileLoc(4,3), SOUTH, 0, XAIE_SS_PKT_DROP_HEADER, 0, 1);
    int32_t v28 = XAie_StrmConnCctEnable(getOrCreateDeviceInstance(), XAie_TileLoc(3,3), NORTH, 0, SOUTH, 1);
    int32_t v29 = XAie_StrmConnCctEnable(getOrCreateDeviceInstance(), XAie_TileLoc(2,3), NORTH, 1, SOUTH, 1);
    int32_t v30 = XAie_StrmConnCctEnable(getOrCreateDeviceInstance(), XAie_TileLoc(1,3), NORTH, 1, SOUTH, 1);
    int32_t v31 = XAie_EnableAieToShimDmaStrmPort(getOrCreateDeviceInstance(), XAie_TileLoc(0,3), 3);
    int32_t v32 = XAie_StrmConnCctEnable(getOrCreateDeviceInstance(), XAie_TileLoc(0,3), SOUTH, 3, SOUTH, 3);
  }

  //round is 2 hw split in : row -----------
  if (v1) {
    int32_t v33 = XAie_StrmPktSwSlaveSlotEnable(getOrCreateDeviceInstance(), XAie_TileLoc(5,0), DMA, 0, 0, XAie_Packet(1,0), 31, 0, 0);
    int32_t v34 = XAie_StrmPktSwMstrPortEnable(getOrCreateDeviceInstance(), XAie_TileLoc(5,0), EAST, 0, XAIE_SS_PKT_DROP_HEADER, 0, 1);
    int32_t v35 = XAie_StrmPktSwSlaveSlotEnable(getOrCreateDeviceInstance(), XAie_TileLoc(5,1), WEST, 0, 0, XAie_Packet(0,0), 0, 0, 0);
    int32_t v36 = XAie_StrmPktSwSlaveSlotEnable(getOrCreateDeviceInstance(), XAie_TileLoc(5,1), DMA, 0, 0, XAie_Packet(2,0), 31, 0, 0);
    int32_t v37 = XAie_StrmPktSwMstrPortEnable(getOrCreateDeviceInstance(), XAie_TileLoc(5,1), EAST, 0, XAIE_SS_PKT_DROP_HEADER, 0, 1);
    int32_t v38 = XAie_StrmPktSwSlaveSlotEnable(getOrCreateDeviceInstance(), XAie_TileLoc(5,2), WEST, 0, 0, XAie_Packet(0,0), 0, 0, 0);
    int32_t v39 = XAie_StrmPktSwSlaveSlotEnable(getOrCreateDeviceInstance(), XAie_TileLoc(5,2), DMA, 0, 0, XAie_Packet(3,0), 31, 0, 0);
    int32_t v40 = XAie_StrmPktSwMstrPortEnable(getOrCreateDeviceInstance(), XAie_TileLoc(5,2), EAST, 0, XAIE_SS_PKT_DROP_HEADER, 0, 1);
    int32_t v41 = XAie_StrmPktSwSlaveSlotEnable(getOrCreateDeviceInstance(), XAie_TileLoc(5,3), WEST, 0, 0, XAie_Packet(0,0), 0, 0, 0);
    int32_t v42 = XAie_StrmPktSwSlaveSlotEnable(getOrCreateDeviceInstance(), XAie_TileLoc(5,3), DMA, 0, 0, XAie_Packet(4,0), 31, 0, 0);
    int32_t v43 = XAie_StrmPktSwMstrPortEnable(getOrCreateDeviceInstance(), XAie_TileLoc(5,3), SOUTH, 0, XAIE_SS_PKT_DROP_HEADER, 0, 1);
    int32_t v44 = XAie_StrmConnCctEnable(getOrCreateDeviceInstance(), XAie_TileLoc(4,3), NORTH, 0, SOUTH, 1);
    int32_t v45 = XAie_StrmConnCctEnable(getOrCreateDeviceInstance(), XAie_TileLoc(3,3), NORTH, 1, SOUTH, 2);
    int32_t v46 = XAie_StrmConnCctEnable(getOrCreateDeviceInstance(), XAie_TileLoc(2,3), NORTH, 2, SOUTH, 2);
    int32_t v47 = XAie_StrmConnCctEnable(getOrCreateDeviceInstance(), XAie_TileLoc(1,3), NORTH, 2, WEST, 0);
    int32_t v48 = XAie_StrmConnCctEnable(getOrCreateDeviceInstance(), XAie_TileLoc(1,2), EAST, 0, SOUTH, 0);
    int32_t v49 = XAie_EnableAieToShimDmaStrmPort(getOrCreateDeviceInstance(), XAie_TileLoc(0,2), 2);
    int32_t v50 = XAie_StrmConnCctEnable(getOrCreateDeviceInstance(), XAie_TileLoc(0,2), SOUTH, 2, SOUTH, 2);
  }

  //round is 3 hw split in : row -----------
  if (v1) {
    int32_t v51 = XAie_StrmPktSwSlaveSlotEnable(getOrCreateDeviceInstance(), XAie_TileLoc(6,0), DMA, 0, 0, XAie_Packet(1,0), 31, 0, 0);
    int32_t v52 = XAie_StrmPktSwMstrPortEnable(getOrCreateDeviceInstance(), XAie_TileLoc(6,0), EAST, 0, XAIE_SS_PKT_DROP_HEADER, 0, 1);
    int32_t v53 = XAie_StrmPktSwSlaveSlotEnable(getOrCreateDeviceInstance(), XAie_TileLoc(6,1), WEST, 0, 0, XAie_Packet(0,0), 0, 0, 0);
    int32_t v54 = XAie_StrmPktSwSlaveSlotEnable(getOrCreateDeviceInstance(), XAie_TileLoc(6,1), DMA, 0, 0, XAie_Packet(2,0), 31, 0, 0);
    int32_t v55 = XAie_StrmPktSwMstrPortEnable(getOrCreateDeviceInstance(), XAie_TileLoc(6,1), EAST, 0, XAIE_SS_PKT_DROP_HEADER, 0, 1);
    int32_t v56 = XAie_StrmPktSwSlaveSlotEnable(getOrCreateDeviceInstance(), XAie_TileLoc(6,2), WEST, 0, 0, XAie_Packet(0,0), 0, 0, 0);
    int32_t v57 = XAie_StrmPktSwSlaveSlotEnable(getOrCreateDeviceInstance(), XAie_TileLoc(6,2), DMA, 0, 0, XAie_Packet(3,0), 31, 0, 0);
    int32_t v58 = XAie_StrmPktSwMstrPortEnable(getOrCreateDeviceInstance(), XAie_TileLoc(6,2), EAST, 0, XAIE_SS_PKT_DROP_HEADER, 0, 1);
    int32_t v59 = XAie_StrmPktSwSlaveSlotEnable(getOrCreateDeviceInstance(), XAie_TileLoc(6,3), WEST, 0, 0, XAie_Packet(0,0), 0, 0, 0);
    int32_t v60 = XAie_StrmPktSwSlaveSlotEnable(getOrCreateDeviceInstance(), XAie_TileLoc(6,3), DMA, 0, 0, XAie_Packet(4,0), 31, 0, 0);
    int32_t v61 = XAie_StrmPktSwMstrPortEnable(getOrCreateDeviceInstance(), XAie_TileLoc(6,3), SOUTH, 0, XAIE_SS_PKT_DROP_HEADER, 0, 1);
    int32_t v62 = XAie_StrmConnCctEnable(getOrCreateDeviceInstance(), XAie_TileLoc(5,3), NORTH, 0, SOUTH, 1);
    int32_t v63 = XAie_StrmConnCctEnable(getOrCreateDeviceInstance(), XAie_TileLoc(4,3), NORTH, 1, SOUTH, 2);
    int32_t v64 = XAie_StrmConnCctEnable(getOrCreateDeviceInstance(), XAie_TileLoc(3,3), NORTH, 2, SOUTH, 3);
    int32_t v65 = XAie_StrmConnCctEnable(getOrCreateDeviceInstance(), XAie_TileLoc(2,3), NORTH, 3, SOUTH, 3);
    int32_t v66 = XAie_StrmConnCctEnable(getOrCreateDeviceInstance(), XAie_TileLoc(1,3), NORTH, 3, WEST, 1);
    int32_t v67 = XAie_StrmConnCctEnable(getOrCreateDeviceInstance(), XAie_TileLoc(1,2), EAST, 1, SOUTH, 1);
    int32_t v68 = XAie_EnableAieToShimDmaStrmPort(getOrCreateDeviceInstance(), XAie_TileLoc(0,2), 3);
    int32_t v69 = XAie_StrmConnCctEnable(getOrCreateDeviceInstance(), XAie_TileLoc(0,2), SOUTH, 3, SOUTH, 3);
  }

  } //----routing creation in row ----end-------


  { //----routing creation in row ----start-------

  //round is 0 hw split in : row -----------
  if (v1) {
    int32_t v70 = XAie_EnableShimDmaToAieStrmPort(getOrCreateDeviceInstance(), XAie_TileLoc(0,6), 3);
    int32_t v71 = XAie_StrmConnCctEnable(getOrCreateDeviceInstance(), XAie_TileLoc(0,6), SOUTH, 3, NORTH, 0);
    int32_t v72 = XAie_StrmConnCctEnable(getOrCreateDeviceInstance(), XAie_TileLoc(1,6), SOUTH, 0, NORTH, 0);
    int32_t v73 = XAie_StrmConnCctEnable(getOrCreateDeviceInstance(), XAie_TileLoc(2,6), SOUTH, 0, NORTH, 0);
    int32_t v74 = XAie_StrmConnCctEnable(getOrCreateDeviceInstance(), XAie_TileLoc(3,6), SOUTH, 0, WEST, 0);
    int32_t v75 = XAie_StrmConnCctEnable(getOrCreateDeviceInstance(), XAie_TileLoc(3,5), EAST, 0, WEST, 0);
    int32_t v76 = XAie_StrmConnCctEnable(getOrCreateDeviceInstance(), XAie_TileLoc(3,4), EAST, 0, WEST, 0);
    int32_t v77 = XAie_StrmConnCctEnable(getOrCreateDeviceInstance(), XAie_TileLoc(3,3), EAST, 0, WEST, 0);
    int32_t v78 = XAie_StrmConnCctEnable(getOrCreateDeviceInstance(), XAie_TileLoc(3,3), EAST, 0, DMA, 1);
    int32_t v79 = XAie_StrmConnCctEnable(getOrCreateDeviceInstance(), XAie_TileLoc(3,2), EAST, 0, WEST, 0);
    int32_t v80 = XAie_StrmConnCctEnable(getOrCreateDeviceInstance(), XAie_TileLoc(3,2), EAST, 0, DMA, 1);
    int32_t v81 = XAie_StrmConnCctEnable(getOrCreateDeviceInstance(), XAie_TileLoc(3,1), EAST, 0, WEST, 0);
    int32_t v82 = XAie_StrmConnCctEnable(getOrCreateDeviceInstance(), XAie_TileLoc(3,1), EAST, 0, DMA, 1);
    int32_t v83 = XAie_StrmConnCctEnable(getOrCreateDeviceInstance(), XAie_TileLoc(3,0), EAST, 0, DMA, 1);
  }

  //round is 1 hw split in : row -----------
  if (v1) {
    int32_t v84 = XAie_EnableShimDmaToAieStrmPort(getOrCreateDeviceInstance(), XAie_TileLoc(0,6), 7);
    int32_t v85 = XAie_StrmConnCctEnable(getOrCreateDeviceInstance(), XAie_TileLoc(0,6), SOUTH, 7, NORTH, 1);
    int32_t v86 = XAie_StrmConnCctEnable(getOrCreateDeviceInstance(), XAie_TileLoc(1,6), SOUTH, 1, NORTH, 1);
    int32_t v87 = XAie_StrmConnCctEnable(getOrCreateDeviceInstance(), XAie_TileLoc(2,6), SOUTH, 1, NORTH, 1);
    int32_t v88 = XAie_StrmConnCctEnable(getOrCreateDeviceInstance(), XAie_TileLoc(3,6), SOUTH, 1, NORTH, 0);
    int32_t v89 = XAie_StrmConnCctEnable(getOrCreateDeviceInstance(), XAie_TileLoc(4,6), SOUTH, 0, WEST, 0);
    int32_t v90 = XAie_StrmConnCctEnable(getOrCreateDeviceInstance(), XAie_TileLoc(4,5), EAST, 0, WEST, 0);
    int32_t v91 = XAie_StrmConnCctEnable(getOrCreateDeviceInstance(), XAie_TileLoc(4,4), EAST, 0, WEST, 0);
    int32_t v92 = XAie_StrmConnCctEnable(getOrCreateDeviceInstance(), XAie_TileLoc(4,3), EAST, 0, WEST, 0);
    int32_t v93 = XAie_StrmConnCctEnable(getOrCreateDeviceInstance(), XAie_TileLoc(4,3), EAST, 0, DMA, 1);
    int32_t v94 = XAie_StrmConnCctEnable(getOrCreateDeviceInstance(), XAie_TileLoc(4,2), EAST, 0, WEST, 0);
    int32_t v95 = XAie_StrmConnCctEnable(getOrCreateDeviceInstance(), XAie_TileLoc(4,2), EAST, 0, DMA, 1);
    int32_t v96 = XAie_StrmConnCctEnable(getOrCreateDeviceInstance(), XAie_TileLoc(4,1), EAST, 0, WEST, 0);
    int32_t v97 = XAie_StrmConnCctEnable(getOrCreateDeviceInstance(), XAie_TileLoc(4,1), EAST, 0, DMA, 1);
    int32_t v98 = XAie_StrmConnCctEnable(getOrCreateDeviceInstance(), XAie_TileLoc(4,0), EAST, 0, DMA, 1);
  }

  //round is 2 hw split in : row -----------
  if (v1) {
    int32_t v99 = XAie_EnableShimDmaToAieStrmPort(getOrCreateDeviceInstance(), XAie_TileLoc(0,7), 3);
    int32_t v100 = XAie_StrmConnCctEnable(getOrCreateDeviceInstance(), XAie_TileLoc(0,7), SOUTH, 3, NORTH, 0);
    int32_t v101 = XAie_StrmConnCctEnable(getOrCreateDeviceInstance(), XAie_TileLoc(1,7), SOUTH, 0, NORTH, 0);
    int32_t v102 = XAie_StrmConnCctEnable(getOrCreateDeviceInstance(), XAie_TileLoc(2,7), SOUTH, 0, NORTH, 0);
    int32_t v103 = XAie_StrmConnCctEnable(getOrCreateDeviceInstance(), XAie_TileLoc(3,7), SOUTH, 0, NORTH, 0);
    int32_t v104 = XAie_StrmConnCctEnable(getOrCreateDeviceInstance(), XAie_TileLoc(4,7), SOUTH, 0, NORTH, 0);
    int32_t v105 = XAie_StrmConnCctEnable(getOrCreateDeviceInstance(), XAie_TileLoc(5,7), SOUTH, 0, WEST, 0);
    int32_t v106 = XAie_StrmConnCctEnable(getOrCreateDeviceInstance(), XAie_TileLoc(5,6), EAST, 0, WEST, 0);
    int32_t v107 = XAie_StrmConnCctEnable(getOrCreateDeviceInstance(), XAie_TileLoc(5,5), EAST, 0, WEST, 0);
    int32_t v108 = XAie_StrmConnCctEnable(getOrCreateDeviceInstance(), XAie_TileLoc(5,4), EAST, 0, WEST, 0);
    int32_t v109 = XAie_StrmConnCctEnable(getOrCreateDeviceInstance(), XAie_TileLoc(5,3), EAST, 0, WEST, 0);
    int32_t v110 = XAie_StrmConnCctEnable(getOrCreateDeviceInstance(), XAie_TileLoc(5,3), EAST, 0, DMA, 1);
    int32_t v111 = XAie_StrmConnCctEnable(getOrCreateDeviceInstance(), XAie_TileLoc(5,2), EAST, 0, WEST, 0);
    int32_t v112 = XAie_StrmConnCctEnable(getOrCreateDeviceInstance(), XAie_TileLoc(5,2), EAST, 0, DMA, 1);
    int32_t v113 = XAie_StrmConnCctEnable(getOrCreateDeviceInstance(), XAie_TileLoc(5,1), EAST, 0, WEST, 0);
    int32_t v114 = XAie_StrmConnCctEnable(getOrCreateDeviceInstance(), XAie_TileLoc(5,1), EAST, 0, DMA, 1);
    int32_t v115 = XAie_StrmConnCctEnable(getOrCreateDeviceInstance(), XAie_TileLoc(5,0), EAST, 0, DMA, 1);
  }

  //round is 3 hw split in : row -----------
  if (v1) {
    int32_t v116 = XAie_EnableShimDmaToAieStrmPort(getOrCreateDeviceInstance(), XAie_TileLoc(0,7), 7);
    int32_t v117 = XAie_StrmConnCctEnable(getOrCreateDeviceInstance(), XAie_TileLoc(0,7), SOUTH, 7, NORTH, 1);
    int32_t v118 = XAie_StrmConnCctEnable(getOrCreateDeviceInstance(), XAie_TileLoc(1,7), SOUTH, 1, NORTH, 1);
    int32_t v119 = XAie_StrmConnCctEnable(getOrCreateDeviceInstance(), XAie_TileLoc(2,7), SOUTH, 1, NORTH, 1);
    int32_t v120 = XAie_StrmConnCctEnable(getOrCreateDeviceInstance(), XAie_TileLoc(3,7), SOUTH, 1, NORTH, 1);
    int32_t v121 = XAie_StrmConnCctEnable(getOrCreateDeviceInstance(), XAie_TileLoc(4,7), SOUTH, 1, NORTH, 1);
    int32_t v122 = XAie_StrmConnCctEnable(getOrCreateDeviceInstance(), XAie_TileLoc(5,7), SOUTH, 1, NORTH, 0);
    int32_t v123 = XAie_StrmConnCctEnable(getOrCreateDeviceInstance(), XAie_TileLoc(6,7), SOUTH, 0, WEST, 0);
    int32_t v124 = XAie_StrmConnCctEnable(getOrCreateDeviceInstance(), XAie_TileLoc(6,6), EAST, 0, WEST, 0);
    int32_t v125 = XAie_StrmConnCctEnable(getOrCreateDeviceInstance(), XAie_TileLoc(6,5), EAST, 0, WEST, 0);
    int32_t v126 = XAie_StrmConnCctEnable(getOrCreateDeviceInstance(), XAie_TileLoc(6,4), EAST, 0, WEST, 0);
    int32_t v127 = XAie_StrmConnCctEnable(getOrCreateDeviceInstance(), XAie_TileLoc(6,3), EAST, 0, WEST, 0);
    int32_t v128 = XAie_StrmConnCctEnable(getOrCreateDeviceInstance(), XAie_TileLoc(6,3), EAST, 0, DMA, 1);
    int32_t v129 = XAie_StrmConnCctEnable(getOrCreateDeviceInstance(), XAie_TileLoc(6,2), EAST, 0, WEST, 0);
    int32_t v130 = XAie_StrmConnCctEnable(getOrCreateDeviceInstance(), XAie_TileLoc(6,2), EAST, 0, DMA, 1);
    int32_t v131 = XAie_StrmConnCctEnable(getOrCreateDeviceInstance(), XAie_TileLoc(6,1), EAST, 0, WEST, 0);
    int32_t v132 = XAie_StrmConnCctEnable(getOrCreateDeviceInstance(), XAie_TileLoc(6,1), EAST, 0, DMA, 1);
    int32_t v133 = XAie_StrmConnCctEnable(getOrCreateDeviceInstance(), XAie_TileLoc(6,0), EAST, 0, DMA, 1);
  }

  } //----routing creation in row ----end-------


  { //----routing creation in col ----start-------

  //round is 0 hw split in : col -----------
  if (v1) {
    int32_t v134 = XAie_EnableShimDmaToAieStrmPort(getOrCreateDeviceInstance(), XAie_TileLoc(0,14), 3);
    int32_t v135 = XAie_StrmConnCctEnable(getOrCreateDeviceInstance(), XAie_TileLoc(0,14), SOUTH, 3, NORTH, 0);
    int32_t v136 = XAie_StrmConnCctEnable(getOrCreateDeviceInstance(), XAie_TileLoc(1,14), SOUTH, 0, NORTH, 0);
    int32_t v137 = XAie_StrmConnCctEnable(getOrCreateDeviceInstance(), XAie_TileLoc(2,14), SOUTH, 0, NORTH, 0);
    int32_t v138 = XAie_StrmConnCctEnable(getOrCreateDeviceInstance(), XAie_TileLoc(3,14), SOUTH, 0, WEST, 0);
    int32_t v139 = XAie_StrmConnCctEnable(getOrCreateDeviceInstance(), XAie_TileLoc(3,13), EAST, 0, WEST, 0);
    int32_t v140 = XAie_StrmConnCctEnable(getOrCreateDeviceInstance(), XAie_TileLoc(3,12), EAST, 0, WEST, 0);
    int32_t v141 = XAie_StrmConnCctEnable(getOrCreateDeviceInstance(), XAie_TileLoc(3,11), EAST, 0, WEST, 0);
    int32_t v142 = XAie_StrmConnCctEnable(getOrCreateDeviceInstance(), XAie_TileLoc(3,10), EAST, 0, WEST, 0);
    int32_t v143 = XAie_StrmConnCctEnable(getOrCreateDeviceInstance(), XAie_TileLoc(3,9), EAST, 0, WEST, 0);
    int32_t v144 = XAie_StrmConnCctEnable(getOrCreateDeviceInstance(), XAie_TileLoc(3,8), EAST, 0, WEST, 0);
    int32_t v145 = XAie_StrmConnCctEnable(getOrCreateDeviceInstance(), XAie_TileLoc(3,7), EAST, 0, WEST, 0);
    int32_t v146 = XAie_StrmConnCctEnable(getOrCreateDeviceInstance(), XAie_TileLoc(3,6), EAST, 0, WEST, 1);
    int32_t v147 = XAie_StrmConnCctEnable(getOrCreateDeviceInstance(), XAie_TileLoc(3,5), EAST, 1, WEST, 1);
    int32_t v148 = XAie_StrmConnCctEnable(getOrCreateDeviceInstance(), XAie_TileLoc(3,4), EAST, 1, WEST, 1);
    int32_t v149 = XAie_StrmConnCctEnable(getOrCreateDeviceInstance(), XAie_TileLoc(3,3), EAST, 1, WEST, 1);
    int32_t v150 = XAie_StrmConnCctEnable(getOrCreateDeviceInstance(), XAie_TileLoc(3,2), EAST, 1, WEST, 1);
    int32_t v151 = XAie_StrmConnCctEnable(getOrCreateDeviceInstance(), XAie_TileLoc(3,1), EAST, 1, WEST, 1);
    int32_t v152 = XAie_StrmConnCctEnable(getOrCreateDeviceInstance(), XAie_TileLoc(3,0), EAST, 1, NORTH, 0);
    int32_t v153 = XAie_StrmConnCctEnable(getOrCreateDeviceInstance(), XAie_TileLoc(3,0), EAST, 1, DMA, 2);
    int32_t v154 = XAie_StrmConnCctEnable(getOrCreateDeviceInstance(), XAie_TileLoc(4,0), SOUTH, 0, NORTH, 0);
    int32_t v155 = XAie_StrmConnCctEnable(getOrCreateDeviceInstance(), XAie_TileLoc(4,0), SOUTH, 0, DMA, 2);
    int32_t v156 = XAie_StrmConnCctEnable(getOrCreateDeviceInstance(), XAie_TileLoc(5,0), SOUTH, 0, NORTH, 0);
    int32_t v157 = XAie_StrmConnCctEnable(getOrCreateDeviceInstance(), XAie_TileLoc(5,0), SOUTH, 0, DMA, 2);
    int32_t v158 = XAie_StrmConnCctEnable(getOrCreateDeviceInstance(), XAie_TileLoc(6,0), SOUTH, 0, DMA, 2);
  }

  //round is 1 hw split in : col -----------
  if (v1) {
    int32_t v159 = XAie_EnableShimDmaToAieStrmPort(getOrCreateDeviceInstance(), XAie_TileLoc(0,14), 7);
    int32_t v160 = XAie_StrmConnCctEnable(getOrCreateDeviceInstance(), XAie_TileLoc(0,14), SOUTH, 7, NORTH, 1);
    int32_t v161 = XAie_StrmConnCctEnable(getOrCreateDeviceInstance(), XAie_TileLoc(1,14), SOUTH, 1, NORTH, 1);
    int32_t v162 = XAie_StrmConnCctEnable(getOrCreateDeviceInstance(), XAie_TileLoc(2,14), SOUTH, 1, NORTH, 1);
    int32_t v163 = XAie_StrmConnCctEnable(getOrCreateDeviceInstance(), XAie_TileLoc(3,14), SOUTH, 1, WEST, 1);
    int32_t v164 = XAie_StrmConnCctEnable(getOrCreateDeviceInstance(), XAie_TileLoc(3,13), EAST, 1, WEST, 1);
    int32_t v165 = XAie_StrmConnCctEnable(getOrCreateDeviceInstance(), XAie_TileLoc(3,12), EAST, 1, WEST, 1);
    int32_t v166 = XAie_StrmConnCctEnable(getOrCreateDeviceInstance(), XAie_TileLoc(3,11), EAST, 1, WEST, 1);
    int32_t v167 = XAie_StrmConnCctEnable(getOrCreateDeviceInstance(), XAie_TileLoc(3,10), EAST, 1, WEST, 1);
    int32_t v168 = XAie_StrmConnCctEnable(getOrCreateDeviceInstance(), XAie_TileLoc(3,9), EAST, 1, WEST, 1);
    int32_t v169 = XAie_StrmConnCctEnable(getOrCreateDeviceInstance(), XAie_TileLoc(3,8), EAST, 1, WEST, 1);
    int32_t v170 = XAie_StrmConnCctEnable(getOrCreateDeviceInstance(), XAie_TileLoc(3,7), EAST, 1, WEST, 1);
    int32_t v171 = XAie_StrmConnCctEnable(getOrCreateDeviceInstance(), XAie_TileLoc(3,6), EAST, 1, WEST, 2);
    int32_t v172 = XAie_StrmConnCctEnable(getOrCreateDeviceInstance(), XAie_TileLoc(3,5), EAST, 2, WEST, 2);
    int32_t v173 = XAie_StrmConnCctEnable(getOrCreateDeviceInstance(), XAie_TileLoc(3,4), EAST, 2, WEST, 2);
    int32_t v174 = XAie_StrmConnCctEnable(getOrCreateDeviceInstance(), XAie_TileLoc(3,3), EAST, 2, WEST, 2);
    int32_t v175 = XAie_StrmConnCctEnable(getOrCreateDeviceInstance(), XAie_TileLoc(3,2), EAST, 2, WEST, 2);
    int32_t v176 = XAie_StrmConnCctEnable(getOrCreateDeviceInstance(), XAie_TileLoc(3,1), EAST, 2, NORTH, 0);
    int32_t v177 = XAie_StrmConnCctEnable(getOrCreateDeviceInstance(), XAie_TileLoc(3,1), EAST, 2, DMA, 2);
    int32_t v178 = XAie_StrmConnCctEnable(getOrCreateDeviceInstance(), XAie_TileLoc(4,1), SOUTH, 0, NORTH, 0);
    int32_t v179 = XAie_StrmConnCctEnable(getOrCreateDeviceInstance(), XAie_TileLoc(4,1), SOUTH, 0, DMA, 2);
    int32_t v180 = XAie_StrmConnCctEnable(getOrCreateDeviceInstance(), XAie_TileLoc(5,1), SOUTH, 0, NORTH, 0);
    int32_t v181 = XAie_StrmConnCctEnable(getOrCreateDeviceInstance(), XAie_TileLoc(5,1), SOUTH, 0, DMA, 2);
    int32_t v182 = XAie_StrmConnCctEnable(getOrCreateDeviceInstance(), XAie_TileLoc(6,1), SOUTH, 0, DMA, 2);
  }

  //round is 2 hw split in : col -----------
  if (v1) {
    int32_t v183 = XAie_EnableShimDmaToAieStrmPort(getOrCreateDeviceInstance(), XAie_TileLoc(0,15), 3);
    int32_t v184 = XAie_StrmConnCctEnable(getOrCreateDeviceInstance(), XAie_TileLoc(0,15), SOUTH, 3, NORTH, 0);
    int32_t v185 = XAie_StrmConnCctEnable(getOrCreateDeviceInstance(), XAie_TileLoc(1,15), SOUTH, 0, NORTH, 0);
    int32_t v186 = XAie_StrmConnCctEnable(getOrCreateDeviceInstance(), XAie_TileLoc(2,15), SOUTH, 0, NORTH, 0);
    int32_t v187 = XAie_StrmConnCctEnable(getOrCreateDeviceInstance(), XAie_TileLoc(3,15), SOUTH, 0, WEST, 0);
    int32_t v188 = XAie_StrmConnCctEnable(getOrCreateDeviceInstance(), XAie_TileLoc(3,14), EAST, 0, WEST, 2);
    int32_t v189 = XAie_StrmConnCctEnable(getOrCreateDeviceInstance(), XAie_TileLoc(3,13), EAST, 2, WEST, 2);
    int32_t v190 = XAie_StrmConnCctEnable(getOrCreateDeviceInstance(), XAie_TileLoc(3,12), EAST, 2, WEST, 2);
    int32_t v191 = XAie_StrmConnCctEnable(getOrCreateDeviceInstance(), XAie_TileLoc(3,11), EAST, 2, WEST, 2);
    int32_t v192 = XAie_StrmConnCctEnable(getOrCreateDeviceInstance(), XAie_TileLoc(3,10), EAST, 2, WEST, 2);
    int32_t v193 = XAie_StrmConnCctEnable(getOrCreateDeviceInstance(), XAie_TileLoc(3,9), EAST, 2, WEST, 2);
    int32_t v194 = XAie_StrmConnCctEnable(getOrCreateDeviceInstance(), XAie_TileLoc(3,8), EAST, 2, WEST, 2);
    int32_t v195 = XAie_StrmConnCctEnable(getOrCreateDeviceInstance(), XAie_TileLoc(3,7), EAST, 2, WEST, 2);
    int32_t v196 = XAie_StrmConnCctEnable(getOrCreateDeviceInstance(), XAie_TileLoc(3,6), EAST, 2, WEST, 3);
    int32_t v197 = XAie_StrmConnCctEnable(getOrCreateDeviceInstance(), XAie_TileLoc(3,5), EAST, 3, WEST, 3);
    int32_t v198 = XAie_StrmConnCctEnable(getOrCreateDeviceInstance(), XAie_TileLoc(3,4), EAST, 3, WEST, 3);
    int32_t v199 = XAie_StrmConnCctEnable(getOrCreateDeviceInstance(), XAie_TileLoc(3,3), EAST, 3, WEST, 3);
    int32_t v200 = XAie_StrmConnCctEnable(getOrCreateDeviceInstance(), XAie_TileLoc(3,2), EAST, 3, NORTH, 0);
    int32_t v201 = XAie_StrmConnCctEnable(getOrCreateDeviceInstance(), XAie_TileLoc(3,2), EAST, 3, DMA, 2);
    int32_t v202 = XAie_StrmConnCctEnable(getOrCreateDeviceInstance(), XAie_TileLoc(4,2), SOUTH, 0, NORTH, 0);
    int32_t v203 = XAie_StrmConnCctEnable(getOrCreateDeviceInstance(), XAie_TileLoc(4,2), SOUTH, 0, DMA, 2);
    int32_t v204 = XAie_StrmConnCctEnable(getOrCreateDeviceInstance(), XAie_TileLoc(5,2), SOUTH, 0, NORTH, 0);
    int32_t v205 = XAie_StrmConnCctEnable(getOrCreateDeviceInstance(), XAie_TileLoc(5,2), SOUTH, 0, DMA, 2);
    int32_t v206 = XAie_StrmConnCctEnable(getOrCreateDeviceInstance(), XAie_TileLoc(6,2), SOUTH, 0, DMA, 2);
  }

  //round is 3 hw split in : col -----------
  if (v1) {
    int32_t v207 = XAie_EnableShimDmaToAieStrmPort(getOrCreateDeviceInstance(), XAie_TileLoc(0,15), 7);
    int32_t v208 = XAie_StrmConnCctEnable(getOrCreateDeviceInstance(), XAie_TileLoc(0,15), SOUTH, 7, NORTH, 1);
    int32_t v209 = XAie_StrmConnCctEnable(getOrCreateDeviceInstance(), XAie_TileLoc(1,15), SOUTH, 1, NORTH, 1);
    int32_t v210 = XAie_StrmConnCctEnable(getOrCreateDeviceInstance(), XAie_TileLoc(2,15), SOUTH, 1, WEST, 0);
    int32_t v211 = XAie_StrmConnCctEnable(getOrCreateDeviceInstance(), XAie_TileLoc(2,14), EAST, 0, WEST, 0);
    int32_t v212 = XAie_StrmConnCctEnable(getOrCreateDeviceInstance(), XAie_TileLoc(2,13), EAST, 0, WEST, 0);
    int32_t v213 = XAie_StrmConnCctEnable(getOrCreateDeviceInstance(), XAie_TileLoc(2,12), EAST, 0, WEST, 0);
    int32_t v214 = XAie_StrmConnCctEnable(getOrCreateDeviceInstance(), XAie_TileLoc(2,11), EAST, 0, WEST, 0);
    int32_t v215 = XAie_StrmConnCctEnable(getOrCreateDeviceInstance(), XAie_TileLoc(2,10), EAST, 0, WEST, 0);
    int32_t v216 = XAie_StrmConnCctEnable(getOrCreateDeviceInstance(), XAie_TileLoc(2,9), EAST, 0, WEST, 0);
    int32_t v217 = XAie_StrmConnCctEnable(getOrCreateDeviceInstance(), XAie_TileLoc(2,8), EAST, 0, WEST, 0);
    int32_t v218 = XAie_StrmConnCctEnable(getOrCreateDeviceInstance(), XAie_TileLoc(2,7), EAST, 0, WEST, 0);
    int32_t v219 = XAie_StrmConnCctEnable(getOrCreateDeviceInstance(), XAie_TileLoc(2,6), EAST, 0, WEST, 0);
    int32_t v220 = XAie_StrmConnCctEnable(getOrCreateDeviceInstance(), XAie_TileLoc(2,5), EAST, 0, WEST, 0);
    int32_t v221 = XAie_StrmConnCctEnable(getOrCreateDeviceInstance(), XAie_TileLoc(2,4), EAST, 0, WEST, 0);
    int32_t v222 = XAie_StrmConnCctEnable(getOrCreateDeviceInstance(), XAie_TileLoc(2,3), EAST, 0, NORTH, 0);
    int32_t v223 = XAie_StrmConnCctEnable(getOrCreateDeviceInstance(), XAie_TileLoc(3,3), SOUTH, 0, NORTH, 0);
    int32_t v224 = XAie_StrmConnCctEnable(getOrCreateDeviceInstance(), XAie_TileLoc(3,3), SOUTH, 0, DMA, 2);
    int32_t v225 = XAie_StrmConnCctEnable(getOrCreateDeviceInstance(), XAie_TileLoc(4,3), SOUTH, 0, NORTH, 0);
    int32_t v226 = XAie_StrmConnCctEnable(getOrCreateDeviceInstance(), XAie_TileLoc(4,3), SOUTH, 0, DMA, 2);
    int32_t v227 = XAie_StrmConnCctEnable(getOrCreateDeviceInstance(), XAie_TileLoc(5,3), SOUTH, 0, NORTH, 0);
    int32_t v228 = XAie_StrmConnCctEnable(getOrCreateDeviceInstance(), XAie_TileLoc(5,3), SOUTH, 0, DMA, 2);
    int32_t v229 = XAie_StrmConnCctEnable(getOrCreateDeviceInstance(), XAie_TileLoc(6,3), SOUTH, 0, DMA, 2);
  }

  } //----routing creation in col ----end-------

  return;
}


